id_compra,identificador,numero_processo,uasg,modalidade,nome_modalidade,numero_aviso,situacao_aviso,tipo_pregao,tipo_recurso,nome_responsavel,funcao_responsavel,numero_itens,valor_estimado_total,valor_homologado_total,informacoes_gerais,objeto,endereco_entrega_edital,codigo_municipio_uasg,data_abertura_proposta,data_entrega_edital,data_entrega_proposta,data_publicacao,dt_alteracao,pertence14133,fonte
92617105000012020,9261710512020,25800.003387/2019,926171,5,PREGÃO,12020,Publicado,eletronico,Nacional,SAULO BANDEIRA DURVAL,Pregoeiro,1,3375619.0,3375619.0,,"Pregão Eletrônico Contratação de ser viços de seguro total, com franquia, para todos os bens patrimoniais móveis e imóveis dos Bloc os B01, B05, B12/B13, B14, B18/B19, B21, GUARIT A E GALPÃO LONADO, além de medicamentos e plasm a humano situados na fábrica da Hemobrás em Goi ana-PE, conforme condições, quantidades e exigê ncias estabelecidas no Edital e seus anexos.","Rua Professor Aloísio Pessoa de Araújo, Nº 75, Edifício Boa Viagem Corporate, 8º e 9 - Boa Viagem/PE",25313,2020-01-14,2020-01-02,2020-01-02,2020-01-02,2020-01-14T17:01:46,False,legado
08000605000412019,8000605412019,19.776/19        ,80006,5,PREGÃO,412019,Publicado,eletronico,Nacional,AURELAIDE DE SOUZA NASCIMENTO MENEZES,Pregoeira,2,72634.0,34.16,,Pregão Eletrônico Aquisição de papel A4 branco.,"Cais do Apolo Nº 739, Bairro do Recife, Recife/pe. - /PE",25313,2020-01-15,2020-01-02,2020-01-02,2020-01-02,2020-03-04T12:59:15,False,legado
92617105000022020,9261710522020,25800.005214/2019,926171,5,PREGÃO,22020,Publicado,eletronico,Nacional,SAULO BANDEIRA DURVAL,Pregoeiro,1,874351.39,1080670.59,,"Pregão Eletrônico Contratação de emp resa especializada para prestação de serviços d e manutenção preventiva, corretiva, preditiva e de conservação em sistemas de HVAC-R e de comb ate a incêndio, com fornecimento de mão de obra , material de consumo, ferramental, estoque de peças e materiais, equipamentos e peças sobress alentes (com ressarcimento) a serem realizados na unidade fabril da Empresa Brasileira de Hemo derivados e Biotecnologia (Hemobrás), localizad a no Município de Goiana/PE, conforme condições , quantidades e exigências estabelecidas no Edi tal e seus anexos.","Rua Professor Aloísio Pessoa de Araújo, Nº 75, Edifício Boa Viagem Corporate, 8º e 9 - Boa Viagem/PE",25313,2020-01-15,2020-01-03,2020-01-03,2020-01-03,2020-02-10T15:51:38,False,legado
92617105000032020,9261710532020,25800.004913/2018,926171,5,PREGÃO,32020,Publicado,eletronico,Nacional,SAULO BANDEIRA DURVAL,Pregoeiro,1,1710499.8,2280540.0,,"Pregão Eletrônico Contratação de ser viços de contratação de empresa especializada p ara a prestação de serviços, com fornecimento d e equipamentos e licenças, comunicação unificad a multisserviços IP, incluindo instalação, manu tenção preventiva e corretiva, suporte de servi ços, gerenciamento proativo e assistência técni ca., conforme condições, quantidades e exigênci as estabelecidas neste instrumento. Com a aplic ação VoIP e da Vídeo Conferência, a Fábrica da HEMOBRÁS em Goiana-PE terá acesso à rede de tel efonia pública (STFC), via rede de dados, utili zando a saída (STFC) da unidade de Recife-PE, c onforme condições, quantidades e exigências est abelecidas no Edital e seus anexos.","Rua Professor Aloísio Pessoa de Araújo, Nº 75, Edifício Boa Viagem Corporate, 8º e 9 - Boa Viagem/PE",25313,2020-01-15,2020-01-03,2020-01-03,2020-01-03,2020-07-24T15:42:50,False,legado
92617105000042020,9261710542020,25800.004102/2019,926171,5,PREGÃO,42020,Publicado,eletronico,Nacional,SAULO BANDEIRA DURVAL,Pregoeiro,1,,117115.2,,"Pregão Eletrônico Contratação de ser viço continuado de lavanderia industrial, envol vendo a limpeza e higienização de Equipamentos de Proteção Individual (EPIs)/vestimentas em to das as suas etapas, desde sua coleta até seu re torno em condições ideais de reuso e higiênicas sanitárias adequadas, de acordo com a RDC n° 1 7/2010 da ANVISA e atendendo as necessidades da Hemobrás, conforme condições, quantidades e ex igências estabelecidas no Edital e seus anexos.","Rua Professor Aloísio Pessoa de Araújo, Nº 75, Edifício Boa Viagem Corporate, 8º e 9 - Boa Viagem/PE",25313,2020-01-20,2020-01-07,2020-01-07,2020-01-07,2020-01-24T09:58:57,False,legado
08000605000392020,8000605392020,19.664/2019      ,80006,5,PREGÃO,392020,Publicado,eletronico,Nacional,AURELAIDE DE SOUZA NASCIMENTO MENEZES,Pregoeira,6,400.0,687.67,,Pregão Eletrônico Aquisição de extin tores de incêndio com carga de gás carbônico (C O2) e insumos diversos.,"Cais do Apolo Nº 739, Bairro do Recife, Recife/pe. - /PE",25313,2020-01-21,2020-01-09,2020-01-09,2020-01-09,2020-03-11T18:13:24,False,legado
15442105000342019,15442105342019,234020201272013  ,154421,5,PREGÃO,342019,Publicado,eletronico,Nacional,LUIZ CARLOS PINTO RIBEIRO,Pregoeiro,1,298000.0,162523.33,,Pregão Eletrônico Eventual aquisição de Condensadoras de Ar com Evaporadoras visand o atender às demandas originária do Centro de E studos em Biologia VegetalCEBIVE que abrigar á as atividades desenvolvidas pelo Programa de Conservação de Fauna e Flora PCFF/PISF e ao Pr ograma de Recuperação de Áreas DegradadasPRA D da UNIVASF.,Av.jose de Sa Maniçoba S/n Centro-campus Universitário Petrolina - Centro/PE,25216,2020-01-21,2020-01-09,2020-01-09,2020-01-09,2020-02-14T16:50:54,False,legado
12063205000012020,1206320512020,67230023133201930,120632,5,PREGÃO,12020,Publicado,eletronico,Nacional,MARCELO FERREIRA PEDRO,Ordenador de Despesas,3,,10659.27,,Pregão Eletrônico Contratação de pre stação de serviço de classificação de Carteira Nacional de Habilitação.,Av Armindo Moura - 500 - Boa Viagem - Boa Viagem/PE,25313,2020-01-30,2020-01-20,2020-01-20,2020-01-10,2020-01-30T10:16:40,False,legado
07001005000612019,7001005612019,0025266-04.2019  ,70010,5,PREGÃO,612019,Publicado,eletronico,Nacional,WILLAMS DE LUCENA ALVES,Pregoeiro,1,73065.16,73328.87,,"Pregão Eletrônico Prestação de servi ços de mensageria, com alocação de mão de obra vinculada à categoria de mensageiro/estafeta, d e acordo com as especificações constantes do Te rmo de Referência (ANEXO I) do Edital.","Av. Gov. Agamenon Magalhaes, 1.160, 4º Andar, Sala 408 - Graças/PE",25313,2020-01-23,2020-01-10,2020-01-10,2020-01-10,2020-04-29T15:46:18,False,legado
07001005000662019,7001005662019,0019847-03.2019  ,70010,5,PREGÃO,662019,Publicado,eletronico,Nacional,WILLAMS DE LUCENA ALVES,Pregoeiro,1,15899.16,15989.4,,"Pregão Eletrônico Prestação de servi ços de rastreamento e monitoramento de 47 (quar enta e sete) veículos via satélite por GPS/GSM/ GPRS, incluindo o fornecimento de equipamentos a título de comodato, componentes e licença de uso de software, e os respectivos serviços de i nstalação, configuração, capacitação e suporte técnico e garantia de funcionamento, de acordo com as especificações constantes do Termo de Re ferência (ANEXO I) do Edital.","Av. Gov. Agamenon Magalhaes, 1.160, 4º Andar, Sala 408 - Graças/PE",25313,2020-01-23,2020-01-10,2020-01-10,2020-01-10,2020-02-19T09:56:43,False,legado
07001005000712019,7001005712019,0023812-86.2019  ,70010,5,PREGÃO,712019,Publicado,eletronico,Nacional,WILLAMS DE LUCENA ALVES,Pregoeiro,2,23019.64,45645.36,,"Pregão Eletrônico Aquisição de fones de ouvido sem microfone, para urnas eletrônica s, a fim de atender aos preparativos relativos às eleições municipais 2020 e aquisição de fone s de ouvido acústicos com microfone (headsets m ultimídia) para uso pela equipe Disque Eleitor nas Eleições Municipais de 2020, de acordo co m as especificações técnicas e as condições con stantes do Termo de Referência (ANEXO ÚNICO) do Edital.","Av. Gov. Agamenon Magalhaes, 1.160 - 4º Andar - Sala 408 - Graças/PE",25313,2020-01-24,2020-01-10,2020-01-10,2020-01-10,2020-02-07T11:37:31,False,legado
16019905000632019,16019905632019,64583000182202025,160199,5,PREGÃO,632019,Publicado,eletronico,Nacional,MARCO AURELIO NUNES PEREIRA,Ordenador de Despesas,8,20794.56,124654.06,A descrição válida dos iten s é a mesma que consta no termo de referência.,"Pregão Eletrônico O objeto da presen te licitação é a escolha da proposta mais vanta josa para a contratação de empresa especializad a em prestação de serviços de Telefonia Fixa, c onforme condições, quantidades e exigências est abelecidas neste Edital e seus anexos.","Rua do Hospício, 563 - Boa Vista - Boa Vista/PE",25313,2020-02-13,2020-02-03,2020-02-03,2020-02-03,2020-04-22T14:58:00,False,legado
20009105000012020,2000910512020,026.2020.06.900/5,200091,5,PREGÃO,12020,Publicado,eletronico,Nacional,ANA CAROLINA LIMA VIEIRA,Procuradora-chefe,1,,533.96,,"Pregão Eletrônico Contratação de emp resa especializada na prestação de serviços de vigilância eletrônica à distância, denominado M ONITORAMENTO REMOTO DE SISTEMAS DE ALARMES, 24 (vinte e quatro) horas por dia, para o prédio A NEXO da Procuradoria do Trabalho da 6ª Região, localizado na Rua Quarenta e Oito, 600, Espinhe iro, Recife/PE.","Rua Conselheiro Portela, 531 - Espinheiro/PE",25313,2020-02-13,2020-02-03,2020-02-03,2020-02-03,2020-01-31T13:09:47,False,legado
11009605000022020,1100960522020,00587000187201916,110096,5,PREGÃO,22020,Publicado,eletronico,Nacional,FAYE SHIRLEY GONCALVES FIDELIS DE CARVALHO ALVES,Pregoeira,3,34401.6,64526.0,"Edital disponível em: ""Port al de Compras do Governo Federalwww.comprasg overnamentais.gov.br""","Pregão Eletrônico Aquisição eventual de água mineral natural, para atender o consum o das unidades da AGU localizadas nas cidades d e Salvador/BA, Recife/PE e Fortaleza/CE","Avenida Herculano Bandeira, 716 - Pina/PE",25313,2020-02-13,2020-02-03,2020-02-03,2020-02-03,2020-03-18T11:38:23,False,legado
78370205000082019,7837020582019,63066002436201915,783702,5,PREGÃO,82019,Publicado,eletronico,Nacional,CASSIO DE SOUZA SANTOS,Ordenador de Despesas,87,8249.0,4563.62,,"Pregão Eletrônico Registro de Preço para eventual aquisição de materiais e insumos de laboratório, para atender às necessidades do Serviço de Patologia Clínica do Hospital Naval de Recife (HNRe).","Avenida Cruz Cabuga, 1.200 - Santo Amaro/PE",25313,2020-02-17,2020-02-04,2020-02-04,2020-02-04,2021-01-22T09:21:43,False,legado
07001005000692019,7001005692019,0024542-97.2019  ,70010,5,PREGÃO,692019,Publicado,eletronico,Nacional,ELIANE RODRIGUES DE CARVALHO SILVA,Pregoeira,4,15323.5,55516.17,,"Pregão Eletrônico Contratação de emp resa para prestação do serviço telefônico fixo comutado (STFC), nas modalidades local e longa distância nacional intrarregional (Região I) e Inter-regional (Regiões II e III), e serviço te lefônico de Discagem Direta Gratuita DDG (08 00), pelo sistema de tarifação reversa, de acor do com as especificações constantes do Termo de Referência (ANEXO I) do Edital.","Av. Gov. Agamenon Magalhaes, 1.160 - 4º Andar - Sala 408 - Graças/PE",25313,2020-02-17,2020-02-04,2020-02-04,2020-02-04,2020-03-02T10:28:47,False,legado
16022505000202019,16022505202019,64361004328201905,160225,5,PREGÃO,202019,Publicado,eletronico,Nacional,LAERCIO DE ARZAMBUJA DA ROCHA,Ordenador de Despesas,5,13496.0,45.94,Para maiores informações: E mail: licitacao@baadmcurado.eb.mil.br fone: (81 ) 2129-6638,"Pregão Eletrônico Contratação do ser viço de lavanderia e serviços e higienização tê xtil, visando atender às necessidades da Base A dministrativa do Curado e das Organizações Mili tares integrantes do GCALC/7.",Avenida Professor Luiz Freire N° 198 - Várzea/PE,25313,2020-02-17,2020-02-04,2020-02-04,2020-02-04,2020-11-04T16:00:56,False,legado
39302905003262019,393029053262019,50604007011201916,393029,5,PREGÃO,3262019,Publicado,eletronico,Nacional,EDUARDO DA COSTA PEREIRA DE OLIVEIRA,Pregoeiro,14,1319050.8,1750402.08,,"Pregão Eletrônico Contratação de emp resa especializada na prestação de serviços con tínuos de vigilância armada, conforme condições , quantidades e exigências estabelecidas no edi tal e em seus anexos .","Av.antonio de Gois, 820 Bairro Pina - Recife - /PE",25313,2020-02-19,2020-02-05,2020-02-05,2020-02-05,2020-07-02T10:03:52,False,legado
13001605000012020,1300160512020,21002000078202036,130016,5,PREGÃO,12020,Publicado,eletronico,Nacional,JULIA BISPO PITTA INOJOSA,Pregoeira,1,,29300.0,,"Pregão Eletrônico Aquisição de kits HerdCheckBSE-Scrapie Antigen, conforme condiçõe s, quantidades e exigências estabelecidas no Te rmo de Referência.",Rua Dom Manoel de Medeiros S/n - Dois Irmaos - Dois Irmãos/PE,25313,2020-02-18,2020-02-06,2020-02-06,2020-02-06,2020-02-18T13:36:46,False,legado
15316505000062020,1531650562020,23082004977201795,153165,5,PREGÃO,62020,Publicado,eletronico,Nacional,ALEX SILVA DE SALES,Pregoeiro,1,393135.8,506508.67,,"Pregão Eletrônico O objeto da presen te licitação é a escolha da proposta mais vanta josa para a Contratação de empresa de engenhari a especializada para prestação de serviços de m anutenção preventiva e corretiva da coberta, fa chadas e divisórias do Centro de Apoio à Pesqui saCENAPESQ, conforme condições, quantidades e exigências estabelecidas neste Edital e seus anexos.",Rua Dom Manoel de Medeiros S/n - Dois Irmaos - /PE,25313,2020-02-18,2020-02-06,2020-02-06,2020-02-06,2020-06-10T09:37:49,False,legado
16017705000122019,16017705122019,64107006538201931,160177,5,PREGÃO,122019,Publicado,eletronico,Nacional,ULISSES DA SILVA BARALDO,Ordenador de Despesas,1,7680.0,6900.0,,"Pregão Eletrônico Prestação de servi ços de internet banda larga, visando atender ás necessidades da Operação Carro-pipa à cargo do 71º Batalhão de Infantaria Motorizado.","Rod Br 423, Km 94 - Heliópolis - /PE",24198,2020-02-18,2020-02-06,2020-02-06,2020-02-06,2020-12-09T12:13:53,False,legado
16022505000262019,16022505262019,64361005956201908,160225,5,PREGÃO,262019,Publicado,eletronico,Nacional,LAERCIO DE ARZAMBUJA DA ROCHA,Ordenador de Despesas,1,,116.56,Maiores Informações: (81) 2 129-6635,"Pregão Eletrônico Cessão de uso a tí tulo oneroso,de parcela do imóvel PE 0700026, m edindo 6m² (seis metros quadrados), no Campo de Instrução Marechal Newton Cavalcanti CIMNC, localizado na Estrada de Aldeia, PE 027, Km 3,5 , Paudalho-PE, para exercício de atividade de a poio de barbearia, com contraprestação pecuniár ia mensal.",Avenida Professor Luiz Freire N° 198 - Bairro Curado - Bairro Curado/PE,25313,2020-02-18,2020-02-06,2020-02-06,2020-02-06,2020-02-18T10:08:40,False,legado
78360205000022020,7836020522020,63133001921201912,783602,5,PREGÃO,22020,Publicado,eletronico,Nacional,ANDRE LUIZ DIAS SEDA,Ordenador de Despesas,72,630.0,7878.42,,Pregão Eletrônico Aquisição de Tinta s e Materiais de Pintura,"Av. Olinda Dom Helder Camara, S/n , Complexo Salgadinho - Olinda - /PE",24910,2020-02-19,2020-02-06,2020-02-06,2020-02-06,2020-12-22T10:35:18,False,legado
09000905000032020,900090532020,86292420194057500,90009,5,PREGÃO,32020,Publicado,eletronico,Nacional,MARCOS ANTONIO CABRAL DA SILVA,Pregoeiro,4,17600.0,479.89,,Pregão Eletrônico Registro de Preços para aquisição de serviços de emissão de certi ficados digitais e fornecimento de tokens,"Av. Recife, 6250. Jiquiá . Recife Pe - Jiquiá/PE",25313,2020-02-18,2020-02-06,2020-02-06,2020-02-06,2020-12-04T08:19:26,False,legado
20009005000052020,2000900552020,126000133/2020-76,200090,5,PREGÃO,52020,Publicado,eletronico,Nacional,SARA DANIELA SANTOS MAMEDE,Pregoeira,2,11150.24,11150.24,,"Pregão Eletrônico Contratação de emp resa especializada na prestação de Serviço Tele fônico Fixo ComutadoSTFC, nas modalidades lo cal fixo para fixo e fixo para móvel, com forne cimento de entroncamentos digitais bidirecionai s (E1)DDR em fibra óptica, para atender o Ed ifício-Sede da Procuradoria da República em Car uaru, localizado na Rua professor Luis Bezerra de Vasconcelos, s/n, bairro Universitário, em C aruaru/PECEP: 55014-838, assim como também o Edifício-Sede da Procuradoria da República Pol o Petrolina/Juazeiro, localizado na avenida pre sidente Tancredo Neves, n.º 101, bairro do Cent ro, em Petrolina/PECEP: 56304-190, conforme especificações (ANEXO I) e consoante as demais condições estatuídas no edital e seus anexos.","Av Governador Agamenon Magalhães, 1800 - Espinheiro - Espinheiro/PE",25313,2020-02-20,2020-02-07,2020-02-07,2020-02-07,2020-03-03T17:09:12,False,legado
11009605000042020,1100960542020,00587.001070/2019,110096,5,PREGÃO,42020,Publicado,eletronico,Nacional,SARAH LEANDRO VALENCA,Pregoeira,16,67681.32,1287191.64,"EDITAL E ANEXOS DISPONÍVEIS NO PORTAL DE COMPRAS GOVERNAMENTAIS, NO ENDERE ÇO ELETRÔNICO: www.comprasgovernamentais.gov.br .","Pregão Eletrônico Registro de Preços contratação de serviços, sob demanda, de manut enção predial preventiva e corretiva, nos siste mas, redes e instalações elétricas, telefônicas , lógicas, hidrossanitárias e de combate e prev enção a incêndios, nos sistemas de proteção de descargas atmosféricas (SPDA) existentes, bem c omo na reconstituição das partes civis afetadas para atender as necessidades da Advocacia Gera l da União situada nos estados de Alagoas, Mara nhão e Bahia","Avenida Herculano Bandeira, 716 - Pina/PE",25313,2020-02-20,2020-02-10,2020-02-10,2020-02-10,2020-12-09T15:51:01,False,legado
17005805000022020,1700580522020,19615720464201954,170058,5,PREGÃO,22020,Publicado,eletronico,Nacional,GABRIELA MOREIRA DE MELO E SILVA,Chefe da Dipol,23,152000.0,283302.96,,"Pregão Eletrônico Contratação de pes soa jurídica especializada para prestação de se rviços continuados de acesso dedicado à Interne t com velocidade no mínimo de 4Mbps (full duple x), com capacidade de tráfego ilimitado (sem pa cotes mensais e sem redução de velocidade) e co m sua respectiva instalação e habilitação, com modem ou switch fornecido pela empresa, utiliza ndo protocolo IP com endereço fixo, compatível, com VPN IP (IP-SEC)","Av. Alfredo Lisboa 1152, 2º Andar Cep:50030-150 - Recife/PE",25313,2020-03-13,2020-03-02,2020-03-02,2020-03-02,2020-04-15T14:46:53,False,legado
07001005000092020,700100592020,0035761-10.2019  ,70010,5,PREGÃO,92020,Publicado,eletronico,Nacional,WILLAMS DE LUCENA ALVES,Pregoeiro,1,81413.48,94192.05,,"Pregão Eletrônico Serviços continuad os de operação de áudio e manutenção dos equipa mentos de som do TRE/PE, com alocação de mão de obra vinculada à categoria de operador de áudi o, de acordo com as especificações constantes d o Termo de Referência (ANEXO I) do Edital.","Av. Gov. Agamenon Magalhaes, 1.160 - 4º Andar - Sala 408 - Graças/PE",25313,2020-03-16,2020-03-02,2020-03-02,2020-03-02,2020-04-29T15:44:50,False,legado
09003105000012020,900310512020,7133-05.2019.4.05,90031,5,PREGÃO,12020,Publicado,eletronico,Nacional,FRANCISCO REIS NOGUEIRA SOBRINHO,Pregoeiro,1,,3983149.92,"Não será permitida a subcon tratação, no todo ou em parte, do objeto deste certame licitatório.Em caso de divergência entr e as especificações deste objeto descritas no C omprasgovernamentais e as especificações técnic as constantes deste Edital, prevalecerão as últ imas.","Pregão Eletrônico Contratação de ser viços técnicos especializados, na área de tecno logia da informação, para planejamento, desenvo lvimento, implantação e execução continuada de atividades de suporte técnico remoto e presenci al para o TRF5 e Seções Judiciárias, abrangendo orientação e esclarecimento de dúvidas, recebi mento, registro, análise, diagnóstico, atendime nto de solicitações de clientes, resolução de p roblemas, implementação de serviços, migrações e transferência tecnológicas, execução de proce dimentos periódicos, controle e atualização de documentações e monitoramento do Ambiente de Re des e Banco de Dados.","Av. Cais do Apolo, S/n - Ed. Min. Djaci Falcao - Bairro do Recife - Bairro do Recife/PE",25313,2020-03-13,2020-03-02,2020-03-02,2020-03-02,2020-03-02T19:11:43,False,legado
15308005000072020,1530800572020,23076027190201942,153080,5,PREGÃO,72020,Publicado,eletronico,Nacional,RODRIGO DANNIEL DA SILVA ALEXANDRE,Coordenador de Licitações,214,3080.0,9319.26,Mais informações: (81) 2126 -8034,"Pregão Eletrônico Registro de preços para eventual aquisição de MATERIAL ODONTOLÓGI CO (resina, cera, cimento odontológico, filme r adiológico, entre outros) para atender as neces sidades do Curso de Odontologia, no campus Reci fe, da Universidade Federal de Pernambuco, conf orme condições e exigências estabelecidas neste Edital.","Av. da Arquitetura, S/n - Cidade Universitária/PE",25313,2020-03-17,2020-03-03,2020-03-03,2020-03-03,2020-12-14T14:02:53,False,legado
34400205000432019,34400205432019,000684/2019-88   ,344002,5,PREGÃO,432019,Publicado,eletronico,Nacional,MARIA BARROS GALLIZA GOMES,Diretora de Planejamento e Administração,1,100352.29,104653.56,,"Pregão Eletrônico Prestação de servi ços que utilize tecnologia de gestão e gerencia mento por sistema informatizado e integrado via web, em tempo real ou cartão magnético, permit indo a transmissão de dados e movimentação diár ia por software via internet para manutenção pr eventiva e corretiva de veículos, com fornecime nto, de peças, acessórios, componentes e materi ais originais recomendados pelo fabricante, de acordo com as caracteristicas de cada veículo.","Av. 17 de Agosto, 2187 - Casa_forte - Casa Forte/PE",25313,2020-03-13,2020-03-03,2020-03-03,2020-03-03,2020-08-28T12:09:21,False,legado
15308005000062020,1530800562020,23076021792201813,153080,5,PREGÃO,62020,Publicado,eletronico,Nacional,RODRIGO DANNIEL DA SILVA ALEXANDRE,Coordenador de Licitações,70,929.34,170053.29,Mais informações: (81) 2126 -7032,"Pregão Eletrônico REGISTRO DE PREÇOS para eventual aquisição de AR CONDICIONADO SPL IT INSTALADO (ar condicionado Split instalados e instalação de tubulação de cobre excedente), para atender as necessidades dos três campi da Universidade Federal de Pernambuco, conforme co ndições, quantidades e exigências estabelecidas no Edital.","Av.prof.moraes Rego,1235 - Cidade Universitaria - Recife - /PE",25313,2020-03-17,2020-03-03,2020-03-03,2020-03-03,2020-12-03T16:08:22,False,legado
15518005000442019,15518005442019,23542006844201951,155180,5,PREGÃO,442019,Publicado,eletronico,Nacional,LUCAS SOARES SOUZA,Pregoeiro,17,,141598.79,,"Pregão Eletrônico Aquisição de ferra mentas e equipamentos para o Setor de Infraestr utura Física: Alicate amperimetro, câmera termo visora, câmera fotográfica, trena eletrônica, w all scanner, escadas, bebedouros, entre outros.",Av Jose de Sá Maniçoba S/n Centro - /PE,25216,2020-03-16,2020-03-03,2020-03-03,2020-03-03,2020-10-30T13:40:16,False,legado
15502205000202020,15502205202020,23536000963201989,155022,5,PREGÃO,202020,Publicado,eletronico,Nacional,ALBERTO JOSE LOPES DE MENDONCA,Chefe Interino do Setor de Administração do Hc/ufpe - Ebserh,50,,4428.81,Mais informações: (81) 2126 -3939.,Pregão Eletrônico Eventual aquisição de Material para o Serviço Anatomia Patológic a destinados à realização de exames laboratoria is de Histopatológicos e Histoquímicos,Av. Professor Moraes Rego S/n - Cidade Universitária/PE,25313,2020-03-17,2020-03-03,2020-03-03,2020-03-03,2020-12-02T16:16:15,False,legado
15518005000472019,15518005472019,23542010515201912,155180,5,PREGÃO,472019,Publicado,eletronico,Nacional,LUCAS SOARES SOUZA,Pregoeiro,3,28600.0,385.12,,Pregão Eletrônico Serviço com dispon ibilização de pessoal devidamente habilitado e especializado e ainda equipamento próprio da co ntratada para produção integral de conteúdo aud iovisual e de imagem estática.,Av Jose de Sá Maniçoba S/n Centro - /PE,25216,2020-03-25,2020-03-04,2020-03-04,2020-03-04,2020-04-29T09:20:44,False,legado
13501205000012020,1350120512020,21198000777202036,135012,5,PREGÃO,12020,Publicado,eletronico,Nacional,PEDRO CARLOS GAMA DA SILVA,Chefe Geral,22,,4191.89,,Pregão Eletrônico Formação de Regist ro de Preços para a eventual aquisição de SEMEN TES e MUDAS para a Embrapa Semiárido,Br 428 Km 152 S/n Zona Rural Caixa Postal 023 - /PE,25216,2020-03-17,2020-03-05,2020-03-05,2020-03-05,2020-07-15T18:10:14,False,legado
12063205000072020,1206320572020,67437027034201919,120632,5,PREGÃO,72020,Publicado,eletronico,Nacional,MARCELO FERREIRA PASCOAL,Ordenador de Despesas Delegado,112,9450.0,15914.98,,"Pregão Eletrônico Registro de preços para eventual aquisição de MEDICAMENTOS, para atender as necessidades do Hospital de Aeronáut ica de Recife.",Av Armindo Moura - 500 - Boa Viagem/PE,25313,2020-03-18,2020-03-05,2020-03-05,2020-03-05,2020-12-18T14:24:50,False,legado
12063202000032020,1206320232020,67614052875201968,120632,2,TOMADA DE PREÇOS,32020,Publicado,presencial,Nacional,MARCELO FERREIRA PASCOAL,Ordenador de Despesas,1,,1885538.61,,Adequação e reforma do Hangar 002 do CI NDACTA III.,Av Armindo Moura - 500 - Boa Viagem - Boa Viagem/PE,25313,,2020-03-05,2020-03-24,2020-03-05,2020-12-02T15:13:00,False,legado
12063205000102020,12063205102020,67445004099201989,120632,5,PREGÃO,102020,Publicado,eletronico,Nacional,MARCELO FERREIRA PASCOAL,Ordenador de Despesas Delegado,1,149999.8,246200.04,,Pregão Eletrônico Contratação de emp resa especializada para a manutenção preventiva e corretiva de equipamentos odontológicos e ce ntral de esterilização da OARF.,Av Armindo Moura - 500 - Boa Viagem - Boa Viagem/PE,25313,2020-03-18,2020-03-05,2020-03-05,2020-03-05,2020-11-20T12:05:32,False,legado
39302905001012020,393029051012020,50604007192/19-72,393029,5,PREGÃO,1012020,Publicado,eletronico,Nacional,CACILDO DE MEDEIROS BRITO CAVALCANTE,Superintendente,1,24889573.05,35653502.07,,"Pregão Eletrônico Contratação de emp resa para execução de Serviços de Manutenção (C onservação/Recuperação) na Rodovia BR-104/PE, c om vistas a execução de Plano de Trabalho e Orç amentoP.A.T.O, Trecho: Div. PB/PE Div. PE/ AL, Subtrecho: Div. PB/PE Div. PE/AL, Segment o: km 0,0 ao km 146,9, Extensão: 146,9 km, sob a coordenação da Superintendência Regional DNIT /PE, segundo as condições, quantidades, exigênc ias e especificações estabelecidas no Termo de Referência, Anexo I.","Av.antonio de Gois, 820 Bairro Pina - Recife - /PE",25313,2020-04-14,2020-04-01,2020-04-01,2020-04-01,2020-06-01T15:57:52,False,legado
16020005000072020,1602000572020,64621001888202025,160200,5,PREGÃO,72020,Publicado,eletronico,Nacional,ANTONIO DOUGLAS NEVES SANTOS,Ordenador de Despesas,4,6532.5,204.33,,"Pregão Eletrônico Contratação de ser viço de reparação e manutenção da seção de apro visionamento, conforme condições, quantidades e exigências estabelecidas no Projeto Básico",Av. 17 de Agosto 784 - Casa Forte - /PE,25313,2020-04-14,2020-04-01,2020-04-01,2020-04-01,2020-04-29T11:11:37,False,legado
17005805000012020,1700580512020,19615720761201908,170058,5,PREGÃO,12020,Publicado,eletronico,Nacional,GABRIELA MOREIRA DE MELO E SILVA,Chefe da Dipol,2,456473.44,546908.0,,"Pregão Eletrônico Contratação de ser viços de engenharia, com dedicação exclusiva de mão de obra, a fim de assessorar a Seção de Ob ras e Engenharia (SAENG) da SRRF04, conforme co ndições, quantidades e exigências estabelecidas neste Edital e seus anexos.","Av. Alfredo Lisboa, 1152 - Recife/PE",25313,2020-04-15,2020-04-02,2020-04-02,2020-04-02,2020-06-19T11:30:04,False,legado
34300505000022020,3430050522020,01498001351201974,343005,5,PREGÃO,22020,Publicado,eletronico,Nacional,RENATA DUARTE BORBA,Superintendente do Iphan/pe,3,332918.45,523409.76,,"Pregão Eletrônico Contratação de pes soa jurídica para prestação de serviços continu ados de limpeza, asseio, conservação e copeirag em, mediante regime de empreitada por preço glo bal.","Av. Oliveira Lima, 824 - Boa Vista/PE",25313,2020-04-16,2020-04-02,2020-04-02,2020-04-02,2020-07-17T16:34:36,False,legado
08000605000422019,8000605422019,19.778/2019      ,80006,5,PREGÃO,422019,Publicado,eletronico,Nacional,FABIANO ANTONIO MARQUES GUEDES DA CRUZ FILHO,Pregoeiro,12,13870.33,18691.95,,"Pregão Eletrônico Aquisição de apare lhos e materiais para as Seções de Enfermagem, Fisioterapia e Odontologia do TRT6.","Cais do Apolo Nº 739, Bairro do Recife, Recife/pe. - /PE",25313,2020-04-22,2020-04-01,2020-04-01,2020-04-02,2020-06-02T19:42:02,False,legado
16019905000482019,16019905482019,64583002391202028,160199,5,PREGÃO,482019,Publicado,eletronico,Nacional,MARIA SANDRA ANDRADE,Ordenadora de Despesas,2,85500.0,240058.08,A descrição válida dos iten s é a mesma que consta no termo de referência.,"Pregão Eletrônico O objeto da presen te licitação é a escolha da proposta mais vanta josa para a contratação de serviços de empresa especializada na prestação dos serviços de loca ção de uma Central de Suprimento de Ar comprimi do com compressor e de uma central de Vácuo Clí nico, incluindo a instalação e montagem dos sis temas, bem como, a realização das manutenções p reventivas periódicas e corretivas.","Rua do Hospício, 563 - Boa Vista - Boa Vista/PE",25313,2020-04-14,2020-04-01,2020-04-01,2020-04-02,2020-06-10T14:44:26,False,legado
12063205000042020,1206320542020,67230028498201951,120632,5,PREGÃO,42020,Publicado,eletronico,Nacional,MARCELO FERREIRA PASCOAL,Ordenador de Despesas Delegado,5,1882910.67,3895526.4,,"Pregão Eletrônico Serviço de Limpeza , conservação, higienização e asseio para o Gru pamento de Apoio de Recife GAP-RF, Hotel de T rânsito dos Oficiais e Suboficiais e Sargentos, Seção de Subsistência do GAP-RF (SSUB), Hospit al de Aeronáutica de Recife HARF, Odontoclíni ca de Aeronáutica de RecifeOARF e Terceiro C entro Integrado De Defesa Aérea e Controle de T ráfego Aéreo CINDACTA III, Incluindo fornecim ento de todo material, bem como mão-de-obra esp ecializada",Av Armindo Moura - 500 - Boa Viagem - Boa Viagem/PE,25313,2020-04-14,2020-04-01,2020-04-01,2020-04-02,2020-12-21T13:54:15,False,legado
12063202000052020,1206320252020,67614054361201947,120632,2,TOMADA DE PREÇOS,52020,Publicado,presencial,Nacional,MARCELO FERREIRA PASCOAL,Ordenador de Despesas Delegado,1,,302949.96,,Reforma da sala técnica da Divisão Técn ica do CINDACTA III.,Av Armindo Moura - 500 - Boa Viagem - Boa Viagem/PE,25313,,2020-04-02,2020-04-22,2020-04-02,2020-09-16T14:05:25,False,legado
15308005000122020,15308005122020,23076.046409/2019,153080,5,PREGÃO,122020,Publicado,eletronico,Nacional,RODRIGO DANNIEL DA SILVA ALEXANDRE,Coordenador de Licitações,6,22464.0,41.13,,"Pregão Eletrônico REGISTRAR PREÇO, a través de PREGÃO ELETRÔNICO, tipo MENOR PREÇO P OR ITEM, para eventual aquisição de MARAVALHA E RAÇÃO, para atender as necessidades da Univers idade Federal de Pernambuco, conforme condições , quantidades e exigências estabelecidas neste instrumento.","Av.prof.moraes Rego,1235 - Cidade Universitaria - Recife - /PE",25313,2020-04-20,2020-04-02,2020-04-02,2020-04-02,2020-11-12T16:50:42,False,legado
20011305000022020,2001130522020,08654001939202061,200113,5,PREGÃO,22020,Publicado,eletronico,Nacional,DIOGO ARMANDO REGO DUARTE,Chefe do Núcleo de Gestão Administrativa e Contratações Públicas,6,32447.0,45812.0,,"Pregão Eletrônico Aquisição de água mineral, sob demanda, classificada segundo o có digo das Águas Minerais como mineral potável de mesa, natural, sem gás, acondicionada em garra fões de 20L (vinte litros) para a SPRF-PE e sua s Delegacias.","Av. Antonio de Goes, 820 - Pina - Pina/PE",25313,2020-04-14,2020-04-01,2020-04-01,2020-04-02,2020-09-08T14:57:58,False,legado
20020705000032020,2002070532020,1.05.0098/202015 ,200207,5,PREGÃO,32020,Publicado,eletronico,Nacional,RACHEL RODRIGUES WANDERLEY,Pregoeira,1,103736.97,111606.89,,"Pregão Eletrônico Contratação de emp resa especializada para substituição das placas em Material de Alumínio Composto (ACM) da fach ada, inclusive estrutura destas, revisão e manu tenção da marquise e substituição do letreiro d a fachada, localizados na entrada do prédio-sed e da Procuradoria Regional da República da 5ª R egião, localizada na Avenida Frei Matias Téves, 65Ilha do Leite, Recife-PE, conforme condiç ões estatuídas neste Edital e seus anexos.","Rua Frei Matias Teves, Nº 65 - Ilha do Leite/PE",25313,2020-04-20,2020-04-03,2020-04-03,2020-04-03,2020-04-24T14:16:27,False,legado
25501705000012020,2550170512020,25225000061202015,255017,5,PREGÃO,12020,Publicado,eletronico,Nacional,MARCELO CAVALCANTI DE MENDONCA E SILVA,Pregoeiro,1,784100.0,970233.28,,"Pregão Eletrônico O objeto da presen te licitação é a escolha da proposta mais vanta josa para a contratação de serviços de Vigilânc ia Armada em atendimento a demanda da Seção de Logística da Superintendência Estadual no Estad o de Pernambuco, conforme condições, quantidade s e exigências estabelecidas neste Edital e seu s anexos.","Av.conselheiro Rosa e Silva Nr 1489, Bairro Aflitos - Aflitos/PE",25313,2020-04-16,2020-04-03,2020-04-03,2020-04-03,2020-05-15T12:56:35,False,legado
16019805000042020,1601980542020,64453001255202004,160198,5,PREGÃO,42020,Publicado,eletronico,Nacional,HELIO DIAS DE ARAUJO,Ordenador de Despesas,104,15490.0,296395.42,,Pregão Eletrônico Eventual aquisição de material permanente para atender as necessi dades do 7º Depósito de Suprimentos.,Rua General Estilac Leal Nº 439 - Cabanga - Recife - Cabanga/PE,25313,2020-04-16,2020-04-03,2020-04-03,2020-04-03,2020-12-29T09:01:23,False,legado
12063202000042020,1206320242020,67437029577201962,120632,2,TOMADA DE PREÇOS,42020,Publicado,presencial,Nacional,MARCELO FERREIRA PASCOAL,Ordenador de Despesas Substituto,1,,761920.43,,Recuperação das Cobertas dos Prédios do Hospital de Aeronáutica de Recife.,Av Armindo Moura - 500 - Boa Viagem - Boa Viagem/PE,25313,,2020-04-03,2020-04-23,2020-04-03,2020-04-13T15:59:15,False,legado
25704705000082020,2570470582020,25059000493201951,257047,5,PREGÃO,82020,Publicado,eletronico,Nacional,ANTONIO DE CARVALHO SA,Agente de Saúde Pública,16,,174737.41,,"Pregão Eletrônico Contratação de emp resa concessionária ou autorizada pela ANATEL p ara prestação de serviços continuados de telefo nia fixa comutada (STFC) local e nacional, tráf egos fixo fixo e fixomóvel e linhas direta s",Av. Norte Miguel Arraes de Alencar - Macaxeira/PE,25313,2020-04-16,2020-04-03,2020-04-03,2020-04-03,2020-04-16T09:01:50,False,legado
08000605000072020,800060572020,20.150/2019      ,80006,5,PREGÃO,72020,Publicado,eletronico,Nacional,FABIANO ANTONIO MARQUES GUEDES DA CRUZ FILHO,Pregoeiro,1,,12.62,,Pregão Eletrônico REGISTRO DE PREÇOS produção de revistas para divulgação de info rmações oficiais do TRT6.,"Cais do Apolo Nº 739, Bairro do Recife, Recife/pe. - /PE",25313,2020-04-24,2020-04-03,2020-04-03,2020-04-03,2020-04-02T12:09:12,False,legado
15308005000142020,15308005142020,23076012735201835,153080,5,PREGÃO,142020,Publicado,eletronico,Nacional,RODRIGO DANNIEL DA SILVA ALEXANDRE,Coordenador de Licitações,30,,324096.49,Mais informações: 2126-8034,Pregão Eletrônico Registro de Preços para eventual aquisição de Desktops e Notebook s.,"Av. da Arquitetura, S/n - Cidade Universitária/PE",25313,2020-04-17,2020-04-06,2020-04-06,2020-04-06,2020-04-16T11:46:31,False,legado
20039805000012020,2003980512020,08400009770201935,200398,5,PREGÃO,12020,Publicado,eletronico,Nacional,JULIANA SILVA DA CUNHA CAVALCANTI,Pregoeira,2,501085.49,616085.49,,"Pregão Eletrônico Contratação de ser viço de manutenção (preventiva e corretiva) das embarcações, pertencentes à Superintendência R egional de Polícia Federal em Pernambuco, com f ornecimento de peças descritas no Edital e anex os.","Avenida Cais do Apolo, 321 - Recife Antigo - Bairro do Recife/PE",25313,2020-04-17,2020-04-06,2020-04-06,2020-04-06,2020-06-26T18:22:29,False,legado
15502205000382020,15502205382020,23536013993201955,155022,5,PREGÃO,382020,Publicado,eletronico,Nacional,ALBERTO JOSE LOPES DE MENDONCA,Chefe do Setor de Administração do Hc/ufpe - Ebserh,59,7200.0,8673.08,Mais informações: (81) 2126 -3939.,Pregão Eletrônico Registro de preços visando a eventual aquisição de Alimentos Diet éticos para o Hospital das Clínicas de Pernambu co.,Av. Professor Moraes Rego S/n - Cidade Universitária/PE,25313,2020-04-24,2020-04-06,2020-04-06,2020-04-06,2020-12-31T14:06:15,False,legado
92617105000112020,92617105112020,25800.007254/2019,926171,5,PREGÃO,112020,Publicado,eletronico,Nacional,MIRELLA MUZZI DE LIMA,Pregoeira,1,,26230.8,"Demais especificações const am no Termo de Referência, anexo I do edital.","Pregão Eletrônico Contratação de emp resa especializada em serviços de inspeção de l uminárias de emergência, inspeção e manutenção e testes em extintores, mangueiras e componente s de combate a incêndio, localizados na unidade fabril da HEMOBRÁS.","Rua Professor Aloísio Pessoa de Araújo, Nº 75, Edifício Boa Viagem Corporate, 8º e 9 - Boa Viagem/PE",25313,2020-04-22,2020-04-06,2020-04-06,2020-04-06,2020-05-04T16:27:45,False,legado
15502205000332020,15502205332020,23536017510201991,155022,5,PREGÃO,332020,Publicado,eletronico,Nacional,ALBERTO JOSE LOPES DE MENDONCA,Chefe do Setor de Administração do Hc/ufpe - Ebserh,39,,15193.58,Mais informações: (81) 2126 -3939.,"Pregão Eletrônico Registro de preços visando a eventual aquisição de Material Médic o Hospitalar Cera para osso, Cola Biológica e Fios de Sutura para o Hospital das Clínicas de Pernambuco, Filial Ebserh.",Av. Professor Moraes Rego S/n - Cidade Universitária/PE,25313,2020-04-20,2020-04-06,2020-04-06,2020-04-06,2020-12-31T13:40:04,False,legado
15502205000342020,15502205342020,23536010076201919,155022,5,PREGÃO,342020,Publicado,eletronico,Nacional,ALBERTO JOSE LOPES DE MENDONCA,Chefe do Setor de Administração do Hc/ufpe - Ebserh,19,83700.0,52126.71,Mais informações: (81) 2126 -3939.,Pregão Eletrônico Registro de preços visando a eventual aquisição de Medicamentos B iológicos para o Hospital das Clínicas de Perna mbuco,Av. Professor Moraes Rego S/n - Cidade Universitária/PE,25313,2020-04-20,2020-04-06,2020-04-06,2020-04-06,2020-12-31T12:51:19,False,legado
15502205000352020,15502205352020,23536001696202009,155022,5,PREGÃO,352020,Publicado,eletronico,Nacional,ALBERTO JOSE LOPES DE MENDONCA,Chefe do Setor de Administração do Hc/ufpe - Ebserh,9,2160.0,1338.35,Mais informações: (81) 2126 -3939.,Pregão Eletrônico Registro de preços visando a eventual aquisição de Papel Grau Cir úrgico com cessão de equipamentos em regime de comodato para o Hospital das Clínicas de Pernam buco Filial Ebserh.,Av. Professor Moraes Rego S/n - Cidade Universitária/PE,25313,2020-04-22,2020-04-06,2020-04-06,2020-04-06,2020-11-18T15:54:14,False,legado
15518005000372019,15518005372019,23542006964201958,155180,5,PREGÃO,372019,Publicado,eletronico,Nacional,LUCAS SOARES SOUZA,Agente de Licitação,1,3199961.4,4122110.08,,"Pregão Eletrônico Prestação de servi ços continuados de conservação, desinfecção, li mpeza hospitalar com fornecimento de equipament os, mão de obra e materiais para suprir as nece ssidades de higienização de ambientes administr ativos e médico-hospitalar.",Av Jose de Sá Maniçoba S/n Centro - /PE,25216,2020-05-25,2020-05-04,2020-05-04,2020-05-04,2020-12-09T14:57:20,False,legado
78360202000022020,7836020222020,63133000398202041,783602,2,TOMADA DE PREÇOS,22020,Publicado,presencial,Nacional,ANDRE LUIZ DIAS SEDA,Ordenador de Despesas,1,,182022.66,,Obra de Recuperação Estrutural da Répli ca do Navio de Instrução da Escola de Aprendize s-Marinheiros de Pernambuco EAMPE,"Av. Olinda Dom Helder Camara, S/n , Complexo Salgadinho - Olinda - /PE",24910,,2020-05-04,2020-05-20,2020-05-04,2020-08-20T16:43:56,False,legado
13501205000022020,1350120522020,21198004119201980,135012,5,PREGÃO,22020,Publicado,eletronico,Nacional,PEDRO CARLOS GAMA DA SILVA,Chefe Geral,2,891000.0,900000.0,,"Pregão Eletrônico Contratação de emp resa especializada na prestação de serviços de gerenciamento de frota de veículos, tratores e implementos agrícolas, por meio de sistema web informatizado e tecnologia de pagamento por car tão magnético, executados em rede de estabeleci mentos credenciadas com vistas a atender as nec essidades da Embrapa Semiárido.",Br 428 Km 152 S/n Zona Rural Caixa Postal 023 - /PE,25216,2020-05-14,2020-05-04,2020-05-04,2020-05-04,2020-06-15T13:31:52,False,legado
34300505000032020,3430050532020,01498000294202040,343005,5,PREGÃO,32020,Publicado,eletronico,Nacional,CAROLINE DE BRANCO RODRIGUES PESSOA,Pregoeira,1,573000.0,535741.5,,"Pregão Eletrônico A escolha da propo sta mais vantajosa para a contratação da presta ção de serviços continuados de Apoio Administra tivo, mediante regime de empreitada por preço g lobal, a serem executados no âmbito da Superint endência do IPHAN em Pernambuco, conforme condi ções, quantidades e exigências estabelecidas no Edital e seus anexos.","Rua Oliveira Lima,824 - Boa Vista/PE",25313,2020-05-15,2020-05-04,2020-05-04,2020-05-04,2020-07-17T15:53:49,False,legado
15518005000082020,1551800582020,23542002359202041,155180,5,PREGÃO,82020,Publicado,eletronico,Nacional,LUCAS SOARES SOUZA,Agente de Licitação,1,5343794.4,5362817.4,,"Pregão Eletrônico Prestação de Servi ços Contínuos de Nutrição e Alimentação Hospita lar com dedicação de mão de obra exclusiva, vis ando o fornecimento de dietas gerais e dietas e speciais destinadas a pacientes, acompanhantes resguardados por lei, funcionários (vínculos nã o EBSERH) e residentes.",Av Jose de Sá Maniçoba S/n Centro - /PE,25216,2020-05-26,2020-05-05,2020-05-05,2020-05-05,2020-09-11T15:39:44,False,legado
20009005000092020,2000900592020,126001179/2020-11,200090,5,PREGÃO,92020,Publicado,eletronico,Nacional,SARA DANIELA SANTOS MAMEDE,Pregoeira,1,,885.0,,"Pregão Eletrônico Contratação de emp resa especializada para prestação de serviços d e manutenção e assistência técnica, preventiva e corretiva, em 01 elevador marca Atlas Schin dler, com fornecimento e substituição de peças e componentes novos e originais, sem ônus para a contratante, para o perfeito funcionamento do equipamento instalado na Procuradoria da Repúb lica Polo Petrolina/Juazeiro, conforme especifi cações (ANEXO I) e consoante as demais condiçõe s estatuídas no edital e seus anexos.","Av Governador Agamenon Magalhães, 1800 - Espinheiro - Espinheiro/PE",25313,2020-05-18,2020-05-05,2020-05-05,2020-05-05,2020-05-27T09:21:07,False,legado
34400205000032020,3440020532020,000912/2019-10   ,344002,5,PREGÃO,32020,Publicado,eletronico,Nacional,ALLAN JONES FARIAS DE ARAUJO,Diretor de Planejamento e Administração,47,,15059.69,,"Pregão Eletrônico O objeto da presen te licitação é a contratação de empresa especia lizada para fornecer os materiais de manutenção predial para a Fundação Joaquim Nabuco, confor me condições, quantidades e exigências estabele cidas neste Edital e seus anexos.","Av. 17 de Agosto, 2187 - Casa_forte - Casa Forte/PE",25313,2020-05-25,2020-05-05,2020-05-05,2020-05-05,2020-05-21T12:30:51,False,legado
15308005000162020,15308005162020,23076.038615/2018,153080,5,PREGÃO,162020,Publicado,eletronico,Nacional,RODRIGO DANNIEL DA SILVA ALEXANDRE,Coordenador de Licitações,1,,182700.0,,"Pregão Eletrônico Contratação de emp resa especializada na prestação de serviços de coleta, transporte, descontaminação (tratamento ), reciclagem e destinação final de lâmpadas in servíveis do tipo fluorescente tubulares ou não , luz mista, vapor de mercúrio, vapor de sódio e outras usadas e/ou queimadas descartadas no c ampus Recife da UFPE","Av.prof.moraes Rego,1235 - Cidade Universitaria - Recife - Cidade Universitária/PE",25313,2020-05-20,2020-05-05,2020-05-05,2020-05-05,2021-02-02T10:34:28,False,legado
16018505000022020,1601850522020,64132006966202090,160185,5,PREGÃO,22020,Publicado,eletronico,Nacional,WILSON DA ROSA CAMPOS,Ordenador de Despesas do 14 b Log,74,100825.0,4902.24,,Pregão Eletrônico Contratação de emp resa especializada para prestação de serviço me cânico com aplicação de peças para atender as d emandas do 14º Batalhão Logístico e demais Orga nizações Militares participantes do GCALC/7ª RM .,"Rua São Miguel, Nr 898 - Afogados - /PE",25313,2020-05-15,2020-05-05,2020-05-05,2020-05-05,2021-08-06T12:47:25,False,legado
20020705000052020,2002070552020,1.05.0105/2020-89,200207,5,PREGÃO,52020,Publicado,eletronico,Nacional,RACHEL RODRIGUES WANDERLEY,Pregoeira,1,9209.73,10444.4,,"Pregão Eletrônico Contratação de emp resa especializada na prestação de serviços con tinuados de manutenção predial (preventiva e co rretiva) e pequenas adaptações (como mudança de layout dos ambiente), com fornecimento das fer ramentas e insumos necessários à execução dos s erviços.","Rua Frei Matias Teves, Nº 65 - Ilha do Leite/PE",25313,2020-05-15,2020-05-05,2020-05-05,2020-05-05,2020-05-22T13:54:10,False,legado
12063205000172020,12063205172020,67230002970202069,120632,5,PREGÃO,172020,Publicado,eletronico,Nacional,MARCELO FERREIRA PASCOAL,Ordenador de Despesas Delegado,37,,990.33,,"Pregão Eletrônico Aquisição de mater ial médico-hospitalar para proteção individual (máscara, luva, óculos de proteção, avental cap ote), para fins de enfrentamento da emergência de saúde pública de importância internacional d ecorrente do novo coronavírus, causador da COVI D-19.",Av Armindo Moura - 500 - Boa Viagem - Boa Viagem/PE,25313,2020-05-12,2020-05-05,2020-05-05,2020-05-05,2021-02-23T16:25:25,False,legado
09003105000052020,900310552020,0002230-87.2020  ,90031,5,PREGÃO,52020,Publicado,eletronico,Nacional,MARCELO NOBRE TAVARES,Pregoeiro,1,,892255.32,,"Pregão Eletrônico Contratação de emp resa para prestação de serviços continuados de manutenção predial, com regime de dedicação exc lusiva de mão de obra (pedreiros, pintores, enc anadores e auxiliares de pedreiro, pintor, enca nador, eletricista e auxiliares práticos de mar cenaria) e respectivos fardamentos e EPI s, a s erem executados no âmbito do Tribunal Regional Federal da 5ª Região.","Av. Cais do Apolo, S/n, Ed. Min. Djaci Falcao - Bairro do Recife - /PE",25313,2020-05-18,2020-05-06,2020-05-06,2020-05-06,2020-05-22T14:35:47,False,legado
13501205000032020,1350120532020,21198000300202051,135012,5,PREGÃO,32020,Publicado,eletronico,Nacional,PEDRO CARLOS GAMA DA SILVA,Chefe Geral,2,79688.0,92021.0,,Pregão Eletrônico Contratação do Ser viço de Máquinas para atividades agrícolas.,Br 428 Km 152 S/n Zona Rural Caixa Postal 023 - /PE,25216,2020-05-18,2020-05-06,2020-05-06,2020-05-06,2020-05-19T17:47:52,False,legado
20011305000042020,2001130542020,08654000152202081,200113,5,PREGÃO,42020,Publicado,eletronico,Nacional,LEANDRO RICARDO DEUD SALOMAO RAMEH,Pregoeiro Regional,1,40080.0,40320.0,Pregão exclusivo para Micro Empresa e Empresa de Pequeno Porte.,"Pregão Eletrônico Escolha da propost a mais vantajosa para a contratação de serviços de atendimento veterinário e hospitalar para 0 4 (quatro) cães farejadores da SPRF/PE, com for necimento de materiais, de acordo com as normas regulamentadoras expedidas pelo Conselho Nacio nal de Medicina Veterinária, conforme condições , quantidades e exigências estabelecidas no Edi tal e seus anexos.","Av. Antonio de Goes, 820 - Pina/PE",25313,2020-05-20,2020-05-06,2020-05-06,2020-05-06,2020-06-30T13:10:51,False,legado
09003105000062020,900310562020,0013042-28.2019  ,90031,5,PREGÃO,62020,Publicado,eletronico,Nacional,MARCELO NOBRE TAVARES,Pregoeiro,2,,46424.69,"Deverão ser atendidas as es pecificações técnicas contidas no Anexo I Ter mo de Referencia, independentemente das especif icações cadastradas no comprasnet, face as limi tações deste cadastro.",Pregão Eletrônico Aquisição de placa s eletrônicas do Sistema de Refrigeração do pré dio da Ampliação do Tribunal Regional Federal d a 5ª Região.,"Av. Cais do Apolo, S/n, Ed. Min. Djaci Falcao - Bairro do Recife - /PE",25313,2020-05-20,2020-05-06,2020-05-06,2020-05-06,2020-05-05T14:52:36,False,legado
34400205000082020,3440020582020,0000769/2019-66  ,344002,5,PREGÃO,82020,Publicado,eletronico,Nacional,ALLAN JONES FARIAS DE ARAUJO,Diretor de Planejamento e Administração,1,759535.0,896727.01,"Modo de disputa ABERTO, con forme disposto nos Arts. 31, I e 32, §s 1º, 2º e 3º do Decreto nº10.024/2019","Pregão Eletrônico A licitação será r ealizada sob o regime de empreitada por preço g lobal para execução da reforma do 1º andar do M useu do Homem do Nordeste e adaptação das insta lações de incêndio do terreno nº 2223, em edifi cações localizadas na Avenida Dezessete de Agos to nº 2223, Casa Forte, Recife/PE, pertencentes à Fundação Joaquim Nabuco, conforme condições, quantidades e exigências estabelecidas nesse i nstrumento.","Av. 17 de Agosto, 2187 - Casa_forte - Casa Forte/PE",25313,2020-05-27,2020-05-07,2020-05-07,2020-05-07,2020-07-08T11:25:44,False,legado
15814905000022020,1581490522020,23600001272201981,158149,5,PREGÃO,22020,Publicado,eletronico,Nacional,SILVANIO ANTONIO DE CARVALHO,Pregoeiro,56,5279.11,9420.78,,"Pregão Eletrônico Registro de Preços para eventual aquisição de Materiais e Equipam entos de Telecomunicações para atender as neces sidades de todas as unidades do Instituto Feder al do Sertão PernambucanoIF Sertão-PE, confo rme condições, quantidades e exigências estabel ecidas neste Edital e seus anexos.","Rua Aristarco Lopes,nº 240- Centro - Centro/PE",25216,2020-05-19,2020-05-07,2020-05-07,2020-05-07,2020-12-31T14:13:12,False,legado
25704705000182020,25704705182020,25059000617202032,257047,5,PREGÃO,182020,Publicado,eletronico,Nacional,ANTONIO DE CARVALHO SA,Agente de Saúde Pública,10,,3901.02,,"Pregão Eletrônico Aquisição de mater iais para atender a necessidade administrativa, e do almoxarifado do Distrito Sanitário Especi al Indígena de Pernambuco.",Av. Norte Miguel Arraes de Alencar - Macaxeira/PE,25313,2020-06-15,2020-06-01,2020-06-01,2020-06-01,2020-06-19T08:45:08,False,legado
16019805000062020,1601980562020,64453002420202037,160198,5,PREGÃO,62020,Publicado,eletronico,Nacional,HELIO DIAS DE ARAUJO,Ordenador de Despesas,4,11963.04,13943.04,,"Pregão Eletrônico Escolha da propost a mais vantajosa para a Cessão de Uso, a título oneroso, de partes do imóvel PE 07-0132, perte ncentes ao 7º D Sup, com vigência contratual in icial de 12 (doze) meses.",Rua General Estilac Leal Nº 439 - Cabanga - Recife - Cabanga/PE,25313,2020-06-15,2020-06-01,2020-06-01,2020-06-01,2020-07-07T16:11:10,False,legado
15502205000612020,15502205612020,23536018097201982,155022,5,PREGÃO,612020,Publicado,eletronico,Nacional,ALBERTO JOSE LOPES DE MENDONCA,Chefe do Setor de Administração do Hc/ufpe - Ebserh,5,,5667.7,Mais informações: (81) 2126 -3939.,Pregão Eletrônico Registro de preços visando a eventual aquisição de Material Médic o Hospitalar Cardiologia intervencionista em sistema de consignação para o Hospital das Clín icas de Pernambuco Filial Ebserh.,Av. Professor Moraes Rego S/n - Cidade Universitária/PE,25313,2020-06-16,2020-06-02,2020-06-02,2020-06-02,2020-12-21T13:12:25,False,legado
15502205000622020,15502205622020,23536021995201918,155022,5,PREGÃO,622020,Publicado,eletronico,Nacional,ALBERTO JOSE LOPES DE MENDONCA,Chefe do Setor de Administração do Hc/ufpe - Ebserh,29,15600.0,51190.78,Mais informações: (81) 2126 -3939.,"Pregão Eletrônico Registro de preços visando a eventual aquisição de Materiais Card iovasculares (Conjunto de Circulação Extracorpó rea, Marca-passo, Eletrodos, Kit Introdutor, e Outros), com cessão de equipamentos e acessóri os, em regime de Comodato, para o Hospital das Clínicas de Pernambuco Filial EBSERH.",Av. Professor Moraes Rego S/n - Cidade Universitária/PE,25313,2020-06-16,2020-06-02,2020-06-02,2020-06-02,2020-12-31T15:36:44,False,legado
16020005000092020,1602000592020,64621001020202025,160200,5,PREGÃO,92020,Publicado,eletronico,Nacional,ANTONIO DOUGLAS NEVES SANTOS,Ordenador de Despesas,1,116398.0,166397.71,,"Pregão Eletrônico Contratação de ser viços comuns de engenharia, de forma não contin uada, com fornecimento de peças, equipamentos, materiais e mão-de-obra, para atender as necess idades do parque regional de manutenção 7, com serviços de conservação e reparação da seção de suprimento da operação pipa.",Av. 17 de Agosto 784 - Casa Forte - /PE,25313,2020-06-15,2020-06-02,2020-06-02,2020-06-02,2020-06-22T15:51:53,False,legado
15502205000652020,15502205652020,23536004072202035,155022,5,PREGÃO,652020,Publicado,eletronico,Nacional,ALBERTO JOSE LOPES DE MENDONCA,Chefe do Setor de Administração do Hc/ufpe - Ebserh,1,37923.68,30419.92,Mais informações: (81) 2126 -3939.,"Pregão Eletrônico Registro de preços visando a eventual aquisição de Material Radio fármacoRadiofármacoRadioisótopo Fonte R adiativa de Germano 68para PET-CT GE-710, pa ra atender ao Hospital das Clínicas de Pernambu co",Av. Professor Moraes Rego S/n - Cidade Universitária/PE,25313,2020-06-17,2020-06-03,2020-06-03,2020-06-03,2020-09-08T08:29:16,False,legado
15518005000132020,15518005132020,23542.004142/2020,155180,5,PREGÃO,132020,Publicado,eletronico,Nacional,SAULO ALVES DAVID,Agente de Licitação,24,7500.0,99796.94,,Pregão Eletrônico Aquisição de equip amentos de tecnologia da informação (TI) para a tendimento de demandas do Hospital Universitári o da Universidade Federal do Vale do São Franci scoHU-UNIVASF.,Av Jose de Sá Maniçoba S/n Centro - /PE,25216,2020-06-16,2020-06-03,2020-06-03,2020-06-03,2020-12-11T17:42:08,False,legado
16019405000042020,1601940542020,64318047173202052,160194,5,PREGÃO,42020,Publicado,eletronico,Nacional,BRUNO CEZAR ESTOLANO DA SILVA,Ordenador de Despesas,7,9510.0,14104.7,,Pregão Eletrônico Contratação de ser viços funerários especializados (traslado de co rpos).,"Av. Visconde de Sao Leopoldo, 198 - Engenho do Meio - Várzea/PE",25313,2020-06-16,2020-06-03,2020-06-03,2020-06-03,2020-07-01T10:10:06,False,legado
07001005000192020,7001005192020,0001514-66.2020  ,70010,5,PREGÃO,192020,Publicado,eletronico,Nacional,WILLAMS DE LUCENA ALVES,Pregoeiro,6,72841.32,87008.64,,"Pregão Eletrônico Aquisição de apare lhos e equipamentos de ComunicaçãoSmartphone s, de acordo com as especificações técnicas e a s condições constantes do Termo de Referência ( ANEXO ÚNICO) do Edital.","Av. Gov. Agamenon Magalhaes, 1.160 - 4º Andar - Sala 408 - Graças/PE",25313,2020-06-18,2020-06-03,2020-06-03,2020-06-03,2020-07-17T12:46:29,False,legado
20009105000032020,2000910532020,6000000429/202005,200091,5,PREGÃO,32020,Publicado,eletronico,Nacional,ANA CAROLINA LIMA VIEIRA,Procuradora-chefe,6,,1675.98,,"Pregão Eletrônico Aquisição de lixei ras/cestos, para atender às necessidades da Pro curadoria Regional do Trabalho da 6ª Região.","Rua Conselheiro Portela, Nº 531 - Espinheiro/PE",25313,2020-06-16,2020-06-03,2020-06-03,2020-06-03,2020-06-02T14:25:08,False,legado
92617105000162020,92617105162020,25800.001176/2019,926171,5,PREGÃO,162020,Publicado,eletronico,Nacional,SAULO BANDEIRA DURVAL,Pregoeiro,1,,171041.0,As especificações técnicas que prevalecem são as do Termo de Referência em detrimento àquelas da raiz do sistema comprasn et.,"Pregão Eletrônico Aquisição de 20 (v inte) notebooks, novos e de primeiro uso, confo rme condições, quantidades e exigências estabel ecidas no Anexo I do Edital (Termo de Referênci a), que prevalecem em detrimento as especificaç ões contidas no descritivo do item na raiz do s istema comprasnet.","Rua Professor Aloísio Pessoa de Araújo, Nº 75, Edifício Boa Viagem Corporate, 8º e 9 - Boa Viagem/PE",25313,2020-06-16,2020-06-03,2020-06-03,2020-06-03,2020-08-05T10:39:14,False,legado
15502205000632020,15502205632020,23536001052201979,155022,5,PREGÃO,632020,Publicado,eletronico,Nacional,ALBERTO JOSE LOPES DE MENDONCA,Chefe do Setor de Administração do Hc/ufpe - Ebserh,19,,71568.46,Mais informações: (81) 2126 -3939.,Pregão Eletrônico Registro de preços visando a eventual aquisição de Instrumentais Cirúrgicos II para o Hospital das Clínicas de P ernambuco,Av. Professor Moraes Rego S/n - Cidade Universitária/PE,25313,2020-06-17,2020-06-03,2020-06-03,2020-06-03,2020-12-16T21:08:16,False,legado
12063205000202020,12063205202020,67437030082201986,120632,5,PREGÃO,202020,Publicado,eletronico,Nacional,MARCELO FERREIRA PASCOAL,Ordenador de Despesas Delegado,31,840.0,1315.42,,"Pregão Eletrônico Registro de preços para aquisição de FIOS CIRÚRGICOS, para atende r as necessidades do HOSPITAL DE AERONÁUTICA DE RECIFE.",Av Armindo Moura - 500 - Boa Viagem/PE,25313,2020-06-16,2020-06-03,2020-06-03,2020-06-03,2021-08-18T15:38:38,False,legado
16019905000542019,16019905542019,6458302086201918 ,160199,5,PREGÃO,542019,Publicado,eletronico,Nacional,MARIA SANDRA ANDRADE,Ordenadora de Despesas,38,,486.16,A descrição válida dos iten s é a mesma que consta no termo de referência.,"Pregão Eletrônico Aquisição de insum os laboratoriais com disponibilização de equipa mento de automação através de comodato, visando atender às necessidades do Laboratório de Anál ises Clínicas no setor de IMUNOLOGIA.","Rua do Hospício, 563 - Boa Vista - Boa Vista/PE",25313,2020-06-16,2020-06-03,2020-06-03,2020-06-03,2020-10-23T12:05:20,False,legado
09000905000112020,9000905112020,16779220204057500,90009,5,PREGÃO,112020,Publicado,eletronico,Nacional,MARCOS ANTONIO CABRAL DA SILVA,Pregoeiro,1,,10.29,,Pregão Eletrônico Registro de Preços para aquisição de Monoetilenoglicol,"Av. Recife, 6250. Jiquiá . Recife Pe - Jiquiá/PE",25313,2020-06-17,2020-06-03,2020-06-03,2020-06-03,2020-06-17T14:00:19,False,legado
15308005000172020,15308005172020,23076052520201776,153080,5,PREGÃO,172020,Publicado,eletronico,Nacional,RODRIGO DANNIEL DA SILVA ALEXANDRE,Coordenador de Licitações,1,91812.0,165000.0,Mais informações: (81) 2126 -8034 / 7032,"Pregão Eletrônico Contratação de emp resa especializada para prestação de serviço de limpeza através de sucção de dejetos das fossa s sépticas das unidades acadêmicas e administra tivas do Campus Recife, exceto hospital das clí nicas, da Universidade Federal de Pernambuco.","Av.prof.moraes Rego,1235 - Cidade Universitaria - Recife - Cidade Universitária/PE",25313,2020-06-18,2020-06-04,2020-06-04,2020-06-04,2020-11-03T11:42:04,False,legado
25442105000072020,2544210572020,25382000072202092,254421,5,PREGÃO,72020,Publicado,eletronico,Nacional,ANA CRISTINA NOVAES MAIA CHAGAS,Pregoeira,139,500.0,11827.08,O edital e anexos estao dis ponives nos sites www.cpqam.fiocruz.br e www.co mprasgovernamentais.gov.br,Pregão Eletrônico Aquisição de lista básica para os laboratórios do IAM/FIOCRUZ-PE,Av. Prof. Moraes Rego S/n - Cidade Universitaria - Campus da Ufpe - Cidade Universitaria/PE,25313,2020-07-14,2020-07-01,2020-07-01,2020-07-01,2020-10-22T11:04:30,False,legado
16017705000012020,1601770512020,64107008606202030,160177,5,PREGÃO,12020,Publicado,eletronico,Nacional,ULISSES DA SILVA BARALDO,Ordenador de Despesas,168,1022.0,6134.54,,"Pregão Eletrônico Aquisição de mater iais de expediente e processamento de dados, vi sando atender às necessidades do 71º Batalhão d e Infantaria Motorizado.","Rod Br 423, Km 94 - Heliópolis - /PE",24198,2020-07-21,2020-07-01,2020-07-01,2020-07-01,2020-12-14T11:18:54,False,legado
25442105000062020,2544210562020,25382000109202082,254421,5,PREGÃO,62020,Publicado,eletronico,Nacional,ANA CRISTINA NOVAES MAIA CHAGAS,Pregoeira,1,34800.0,6.24,O edital e anexos estao dis poniveis nos sites www.cpqam.fiocruz.br e www.c omprasgovernamentais.gov.br,"Pregão Eletrônico Aquisição de água mineral potável, acondicionada em garrafões de 20 litros (apenas o conteúdo) para co IAM/FIOCR UZ-Pernambuco",Av. Prof. Moraes Rego S/n - Cidade Universitaria - Campus da Ufpe - Cidade Universitaria/PE,25313,2020-07-13,2020-07-01,2020-07-01,2020-07-01,2020-12-21T16:14:59,False,legado
07001005000382020,7001005382020,002781-73.2020   ,70010,5,PREGÃO,382020,Publicado,eletronico,Nacional,ELIANE RODRIGUES DE CARVALHO SILVA,Pregoeira,18,740168.33,1692537.0,,"Pregão Eletrônico Prestação de servi ço de transporte para distribuição e recolhimen to das urnas eletrônicas das 122 (cento e vinte e duas) Zonas Eleitorais do Estado, distribuíd as em 18 (dezoito) Polos Eleitorais a serem uti lizadas nas Eleições Municipais 2020 no Estado de Pernambuco, para o 1º e 2º Turno (se houver) , de acordo com as especificações constantes do Termo de Referência (ANEXO I) do Edital.","Av. Gov. Agamenon Magalhães, 1.160 - Gracas - 4º Andar - Sala 408 - Graças/PE",25313,2020-07-14,2020-07-01,2020-07-01,2020-07-01,2020-08-10T17:47:45,False,legado
16019905000042020,1601990542020,64583001491202087,160199,5,PREGÃO,42020,Publicado,eletronico,Nacional,MARIA SANDRA ANDRADE,Ordenadora de Despesas,144,,780504.926,A descrição válida é a que consta no Termo de referência.,"Pregão Eletrônico Registro de preços para aquisição de Órtese, Próteses e Materiais (OPME) para cirurgia e Traumatologia Buco Maxil o Facial para o Hospital Militar de Área de Rec ife.","Rua do Hospício, 563 - Boa Vista - Boa Vista/PE",25313,2020-07-14,2020-07-01,2020-07-01,2020-07-01,2020-12-18T16:34:12,False,legado
39302905002362020,393029052362020,50604008543201962,393029,5,PREGÃO,2362020,Publicado,eletronico,Nacional,EDUARDO DA COSTA PEREIRA DE OLIVEIRA,Pregoeiro,4,58255.44,151080.0,,"Pregão Eletrônico Prestação de servi ços contínuos de manutenção preventiva e corret iva em aparelhos de refrigeração, ar condiciona do, bem como eventuais instalações/desinstalaçõ es dos mesmos, pertencentes à Superintendência Regional do DNIT no Estado do Pernambuco e resp ectivas Unidades Locais, mediante reposição de peças, insumos e componentes genuínos dos respe ctivos fabricantes, conforme condições, quantid ades e exigências estabelecidas no item 3 do Te rmo de Referência.","Av.antonio de Gois, 820 Bairro Pina - Recife - /PE",25313,2020-07-15,2020-07-02,2020-07-02,2020-07-02,2020-09-25T08:24:44,False,legado
20009005000122020,20009005122020,126001862/2020-40,200090,5,PREGÃO,122020,Publicado,eletronico,Nacional,SARA DANIELA SANTOS MAMEDE,Pregoeira,47,41945.53,50765.73,,"Pregão Eletrônico Contratação de emp resa especializada para fornecimento de diverso s materiais de manutenção predial para ressupri mento do almoxarifado das unidades de 1ª instân cia do Ministério Público Federal em Pernambuco PRPE, conforme especificações (ANEXO I) e co nsoante as demais condições estatuídas no edita l e seus anexos.","Av Governador Agamenon Magalhães, 1800 - Espinheiro - Espinheiro/PE",25313,2020-07-15,2020-07-02,2020-07-02,2020-07-02,2020-09-22T18:06:05,False,legado
16019905000242020,16019905242020,64583009645202039,160199,5,PREGÃO,242020,Publicado,eletronico,Nacional,MARIA SANDRA ANDRADE,Ordenadora de Despesas,4,,630.0,A descrição válida dos iten s é a mesma que consta no termo de referência.,"Pregão Eletrônico SRP para Aquisição de testes para identificação de COVID19, visan do atender às necessidades do Laboratório de An álises Clínicas no setor de IMUNOLOGIA, para fi ns de enfrentamento da emergência de saúde públ ica de importância internacional decorrente do novo coronavírus, causador da COVID-19.","Rua do Hospício, 563 - Boa Vista - Boa Vista/PE",25313,2020-07-08,2020-07-02,2020-07-02,2020-07-02,2021-01-27T11:40:17,False,legado
15502205000782020,15502205782020,23536005498720206,155022,5,PREGÃO,782020,Publicado,eletronico,Nacional,ALBERTO JOSE LOPES DE MENDONCA,Chefe de Setor de Administração,30,,8695.58,,Pregão Eletrônico Registro de preços visando a eventual aquisição de Materiais para Hemodiálise para o Hospital das Clínicas de Pe rnambuco Filial Ebserh.,Av. Professor Moraes Rego S/n - Cidade Universitária/PE,25313,2020-07-15,2020-07-02,2020-07-02,2020-07-02,2020-12-18T17:50:52,False,legado
16019405000062020,1601940562020,64318049232202027,160194,5,PREGÃO,62020,Publicado,eletronico,Nacional,BRUNO CEZAR ESTOLANO DA SILVA,Ordenador de Despesas,3,90000.0,155.51,,Pregão Eletrônico Serviços especiali zados em remoção de enfermos (UTI móvel),"Av. Visconde de Sao Leopoldo, 198 - Várzea/PE",25313,2020-07-15,2020-07-02,2020-07-02,2020-07-02,2020-08-03T10:59:52,False,legado
15316599000012020,1531659912020,23082025561201972,153165,99,RDC,12020,Publicado,eletronico,Nacional,ALEX SILVA DE SALES,Presidente Cprdc,1,103815.6,104107.38,"O Edital e seus anexos serã o disponibilizados na íntegra, em arquivo digit al, na nuvem do Google Drive, <https://drive.go ogle.com/drive/folders/1JkNsf5EBvCe2hXZ4PpNbqhL 2HRCOgYOf?usp=sharing>.","Contratação de empresa, por meio do Reg ime Diferenciado de Contratações Públicas (RDC) , para Reforma no Laboratório de Estudos Herpet ológicos e Paraherpetológicos (LEHP) da Univers idade Federal Rural de Pernambuco (UFRPE).",Rua Dom Manoel de Medeiros S/n - Dois Irmaos - /PE,25313,2020-07-24,2020-07-03,2020-07-03,2020-07-03,2020-12-28T12:10:06,False,legado
92617105000182020,92617105182020,25800.005078/2019,926171,5,PREGÃO,182020,Publicado,eletronico,Nacional,MIRELLA MUZZI DE LIMA,Pregoeira,3,73158.0,264471.04,"Demais informações constam no Termo de Referência, anexo I do edital. É de ver do licitante tomar conhecimento da integral idade das disposições neles contidas.","Pregão Eletrônico Contratação de ser viço de monitoramento, controle e eliminação de pragas, vetores e demais animais correlacionad os, incluindo desinsetização, descupinização e desratização, eliminação de erva daninha por me io de capina química, prevenção, controle e cor reção de pragas e vetores, bem como execução de barreira química, atomização, termonebulização , pulverização e/ou qualquer outro tipo de comb ate efetivo aos animais sinantrópicos nocivos i dentificados.","Rua Professor Aloísio Pessoa de Araújo, Nº 75, Edifício Boa Viagem Corporate, 8º e 9 - Boa Viagem/PE",25313,2020-07-15,2020-07-03,2020-07-03,2020-07-03,2020-07-24T15:12:55,False,legado
20020705000072020,2002070572020,1.05.0180/2020-40,200207,5,PREGÃO,72020,Publicado,eletronico,Nacional,RACHEL RODRIGUES WANDERLEY,Pregoeira,11,,482.04,,Pregão Eletrônico Registro de preços para eventual aquisição de Equipamentos de Pro teção Individual (EPI's).,"Rua Frei Matias Teves, Nº 65 - Ilha do Leite/PE",25313,2020-07-15,2020-07-03,2020-07-03,2020-07-03,2020-08-27T12:28:39,False,legado
41300705000052020,4130070552020,53532000591202025,413007,5,PREGÃO,52020,Publicado,eletronico,Nacional,FELIPE DA MOTA PAZZOLA,Gerente Regional,3,,18539.05,,"Pregão Eletrônico Contratação de ser viço de execução do Programa de Controle Médico de Saúde Ocupacional PCMSO para os servidore s da Agência Nacional de Telecomunicações lotad os nos Estados de Pernambuco (item 1), Alagoas (item 2) e Paraíba (item 3)","Rua Joaquim Bandeira, Nº 492 - Imbiribeira/PE",25313,2020-07-15,2020-07-03,2020-07-03,2020-07-03,2020-07-20T08:30:19,False,legado
20009005000142020,20009005142020,126001953/2020-85,200090,5,PREGÃO,142020,Publicado,eletronico,Nacional,SARA DANIELA SANTOS MAMEDE,Pregoeira,4,,59430.0,,"Pregão Eletrônico Contratação de emp resa especializada para fornecimento de diverso s aparelhos de ar condicionado, tipo Split, a f im de atender às necessidades da Procuradoria d a República em Pernambuco, conforme especificaç ões (ANEXO I) e consoante as demais condições e statuídas no edital e seus anexos.","Av Governador Agamenon Magalhães, 1800 - Espinheiro - Espinheiro/PE",25313,2020-07-16,2020-07-03,2020-07-03,2020-07-03,2020-07-31T11:06:54,False,legado
12063205000262020,12063205262020,67437000110202074,120632,5,PREGÃO,262020,Publicado,eletronico,Nacional,MARCELO FERREIRA PASCOAL,Ordenador de Despesas Delegado,215,31974.0,483075.73,,"Pregão Eletrônico Registro de preços para aquisição de MEDICAMENTOS QUIMIOTERÁPICOS , para atender as necessidades do HOSPITAL DE A ERONÁUTICA DE RECIFE.",Av Armindo Moura - 500 - Boa Viagem/PE,25313,2020-07-15,2020-07-03,2020-07-03,2020-07-03,2020-12-28T17:27:33,False,legado
16002305000072020,1600230572020,64408001999202066,160023,5,PREGÃO,72020,Publicado,eletronico,Nacional,JOAO SOUZA DE SA FILHO,Ordenador de Despesas,12,,318.77,,"Pregão Eletrônico Aquisição de Mater ial Hospitalar para fins de enfrentamento da em ergência de saúde pública de importância intern acional decorrente do novo coronavírus, causado r da COVID-19.","Rod. Pe 180, Km 5 - São Bento do Una - Pe - /PE",25593,2020-07-09,2020-07-03,2020-07-03,2020-07-03,2020-09-21T16:01:37,False,legado
16022505000262020,16022505262020,64361004679202041,160225,5,PREGÃO,262020,Publicado,eletronico,Nacional,MARCOS WAGNER RODRIGUES MONTEIRO,Ordenador de Despesas,7,58750.0,207.48,"Divisão de Aquisições, Lici tações e Contratos da Base Administrativa do Cu rado: (81) 2129-6635",Pregão Eletrônico Aquisição emergenc ial de materiais e Equipamentos de Proteção Ind ividual para prevenção e combate ao COVID-19.,Avenida Professor Luiz Freire N° 198 - Bairro Curado - /PE,25313,2020-07-09,2020-07-03,2020-07-03,2020-07-03,2020-08-07T11:23:40,False,legado
13528505000072020,1352850572020,21203000228202045,135285,5,PREGÃO,72020,Publicado,eletronico,Nacional,DAYVSON CASSIANO LIMA DOS SANTOS,Pregoeiro,1,55000.0,82389.11,,"Pregão Eletrônico Contratação de emp resa de engenharia a fim de recuperar o piso da edificação térrea da sede da SUREG/PE, compree ndendo os seguintes serviços: Remoção de piso vinílico em placas (paviflex); Demolição de rev estimento cerâmico; Remoção de piso de borracha (tipo pastilhado); Regularização de contrapiso ; Assentamento de revestimento cerâmico para pi so; Aplicação de piso de borracha (tipo canelad a).","Estrada do Barbalho,960 Iputinga - Iputinga/PE",25313,2020-07-15,2020-07-03,2020-07-03,2020-07-03,2020-07-23T11:44:01,False,legado
20009005000152020,20009005152020,126001990/2020-93,200090,5,PREGÃO,152020,Publicado,eletronico,Nacional,SARA DANIELA SANTOS MAMEDE,Pregoeira,1,24498.6,26667.6,,"Pregão Eletrônico Contratação de emp resa especializada para fornecimento de fechadu ras biométrica, a fim de atender às necessidade s da Divisão de Segurança Orgânica e Transporte -DISOT/PRPE, conforme especificações (ANEXO I) e consoante as demais condições estatuídas nest e edital e seus anexos.","Av Governador Agamenon Magalhães, 1800 - Espinheiro - Espinheiro/PE",25313,2020-07-17,2020-07-03,2020-07-03,2020-07-03,2020-07-21T11:37:10,False,legado
16020005000122020,16020005122020,64621004482202002,160200,5,PREGÃO,122020,Publicado,eletronico,Nacional,ANTONIO DOUGLAS NEVES SANTOS,Ordenador de Despesas,5,89550.0,140699.12,,Pregão Eletrônico Aquisição de maqui nários para manutenção de viaturas,Av. 17 de Agosto 784 - Casa Forte - Casa Forte/PE,25313,2020-07-21,2020-07-06,2020-07-06,2020-07-06,2020-08-17T10:46:51,False,legado
15502205000992020,15502205992020,23536008583202026,155022,5,PREGÃO,992020,Publicado,eletronico,Nacional,ALBERTO JOSE LOPES DE MENDONCA,Chefe do Setor de Administração,6,7476.6,1519.38,Mais informações: (81) 2126 -3939.,Pregão Eletrônico Registro de preços visando a eventual aquisição de Nutrições Pare nterais em Bolsas Industrializadas para o Hospi tal das Clínicas de Pernambuco Filial Ebserh.,Av. Professor Moraes Rego S/n - Cidade Universitária/PE,25313,2020-09-14,2020-09-01,2020-09-01,2020-09-01,2020-11-30T10:50:26,False,legado
15502205001002020,155022051002020,23536005046202024,155022,5,PREGÃO,1002020,Publicado,eletronico,Nacional,ALBERTO JOSE LOPES DE MENDONCA,Chefe do Setor de Administração,18,3692.96,8305.87,Mais informações: (81) 2126 -3939.,Pregão Eletrônico Registro de preços visando a eventual aquisição de Material Médic o Hospitalar Cardiologia Intervencionista par a o Hospital das Clínicas de Pernambuco Filia l Ebserh.,Av. Professor Moraes Rego S/n - Cidade Universitária/PE,25313,2020-09-17,2020-09-01,2020-09-01,2020-09-01,2020-12-16T20:50:26,False,legado
15502205001012020,155022051012020,23536009568202003,155022,5,PREGÃO,1012020,Publicado,eletronico,Nacional,ALBERTO JOSE LOPES DE MENDONCA,Chefe do Setor de Administração,20,,13570.52,Mais informações: (81) 2126 -3939.,Pregão Eletrônico Registro de preços visando a eventual aquisição de Material Médic o Hospitalar Otorrinolaringologia e Fonoaudio logia para o Hospital das Clínicas de Pernambuc o,Av. Professor Moraes Rego S/n - Cidade Universitária/PE,25313,2020-09-22,2020-09-01,2020-09-01,2020-09-01,2020-12-16T21:08:10,False,legado
19500299000052020,1950029952020,59530000477202000,195002,99,RDC,52020,Publicado,eletronico,Nacional,AURIVALTER CORDEIRO PEREIRA DA SILVA,Superintendente Regional   3a Sr,1,580000.0,609239.13,As empresas deverão atender todas as exigências do edital e seus anexos di sponibilizados no sítio eletrônico da Codevasf e Compras Governamentais. Maiores informações ( 87) 3866-7722/ 3866-7742.,"Execução de obras e serviços de engenha ria para substituição de 2º trecho do Conduto F orçado 2 (CF2) do Projeto de Irrigação Pontal Área Sul , localizado no município de Petroli na, área de atuação da 3ª Superintendência Regi onal da CODEVASF.","Rua Presidente Dutra, 160 - Centro/PE",25216,2020-09-25,2020-09-01,2020-09-01,2020-09-01,2020-10-23T16:42:10,False,legado
92617105000202020,92617105202020,25800.001634/2020,926171,5,PREGÃO,202020,Publicado,eletronico,Nacional,MIRELLA MUZZI DE LIMA,Pregoeira,1,199900.0,324622.96,"Demais especificações const am no Termo de Referência, anexo I do edital.","Pregão Eletrônico Aquisição de instr umentos (data loggers) e seu respectivo softwar e de programação e leitura, a fim de permitir o monitoramento, aquisição, registro e supervisã o de dados de temperatura e umidade em ambiente s de temperatura e umidade controlados. O soft ware deverá ser passível de validação in loco ( na Hemobrás) pelo licitante conforme toda descr ição técnica localizada no Anexo I do presente TR.","Rua Professor Aloísio Pessoa de Araújo, Nº 75, Edifício Boa Viagem Corporate, 8º e 9 - Boa Viagem/PE",25313,2020-09-14,2020-09-01,2020-09-01,2020-09-01,2020-10-07T11:12:58,False,legado
15502205001022020,155022051022020,23536001968202062,155022,5,PREGÃO,1022020,Publicado,eletronico,Nacional,ALBERTO JOSE LOPES DE MENDONCA,Chefe do Setor de Administração,23,,17843.47,Mais informações: (81) 2126 -3939.,Pregão Eletrônico Registro de preços visando a eventual aquisição de Próteses Mamár ias para o Hospital das Clínicas de Pernambuco Filial Ebserh.,Av. Professor Moraes Rego S/n - Cidade Universitária/PE,25313,2020-09-14,2020-09-01,2020-09-01,2020-09-01,2020-12-31T10:54:53,False,legado
19500205000062020,1950020562020,59530000553202079,195002,5,PREGÃO,62020,Publicado,eletronico,Nacional,AURIVALTER CORDEIRO PEREIRA DA SILVA,Superintendente Regional   3a Sr,1,73520.9,127754.26,As empresas deverão atender todas as exigências do edital e seus anexos di sponibilizados no sítio eletrônico da Codevasf e Compras Governamentais. Maiores informações ( 87) 3866-7722/ 3866-7742.,"Pregão Eletrônico Contratação de Emp resa para prestação dos serviços: levantamento topográfico planialtimétrico, com locações, vis ando projeto executivo de drenos da macrodrenag em do PPI Pontal, localizado no município de Pe trolina, no estado de Pernambuco, área de atuaç ão da 3ª Superintendência Regional da CODEVASF.","Rua Presidente Dutra, 160 - Centro/PE",25216,2020-09-15,2020-09-01,2020-09-01,2020-09-01,2020-10-23T16:37:10,False,legado
15518005000232020,15518005232020,23542009249202019,155180,5,PREGÃO,232020,Publicado,eletronico,Nacional,SAULO ALVES DAVID,Agente de Licitações,1,,60360.0,,"Pregão Eletrônico Aquisição em carát er Emergencial de Equipamentos Médico-Hospitala res (EMH) considerados pela Organização Mundial de Saúde (OMS), assim como pelo Ministério da Saúde, como essenciais no enfrentamento da emer gência de saúde pública de importância internac ional (ESPII) decorrente do coronavírus",Av Jose de Sá Maniçoba S/n Centro - /PE,25216,2020-09-08,2020-09-01,2020-09-01,2020-09-01,2020-09-28T14:47:06,False,legado
16017905000032020,1601790532020,64491001657202044,160179,5,PREGÃO,32020,Publicado,eletronico,Nacional,ROGERIO RICARDO DA SILVA,Ordenador de Despesas,74,11201.02,990.2,,Pregão Eletrônico Aquisição e contra tação de materiais e serviços gráficos.,Av. Joaquim Nabuco 1687 - Guadalupe - /PE,24910,2020-09-15,2020-09-02,2020-09-02,2020-09-02,2021-09-28T14:03:14,False,legado
16008405000052020,1600840552020,64257003710202014,160084,5,PREGÃO,52020,Publicado,eletronico,Nacional,CARLOS FREDERICO DE AZEVEDO PIRES,Ordenador de Despesas,1,339990.0,410962.23,"Descrição complementar: Ser viço de substituição de janelas pré-existentes por janelas de vidro temperado 8mm tipo blindex em dimensões variadas, conforme Apêndice ao Te rmo de Referência.","Pregão Eletrônico Contratação de emp resa especializada para execução do serviço (SE RVIÇO COMUM DE ENGENHARIA) de substituição de j anelas nas salas de aula e pavilhões administra tivos do COLÉGIO MILITAR DO RECIFE, conforme co ndições, quantidades e exigências estabelecidas no Edital, Termo de referência e seus anexos.","Av.visconde de Sao Leopoldo , 198, Várzea - Recife - Pe - Várzea/PE",25313,2020-09-15,2020-09-02,2020-09-02,2020-09-02,2020-09-30T09:57:59,False,legado
12063205000462020,12063205462020,67230004574202076,120632,5,PREGÃO,462020,Publicado,eletronico,Nacional,MARCELO FERREIRA PASCOAL,Ordenador de Despesas Delegado,250,3216.4,53388.54,,Pregão Eletrônico Aquisição de equip amento de proteção individual (EPI).,Av Armindo Moura - 500 - Boa Viagem - Boa Viagem/PE,25313,2020-09-17,2020-09-02,2020-09-02,2020-09-02,2021-06-22T10:12:58,False,legado
15518005000192020,15518005192020,23542007166202087,155180,5,PREGÃO,192020,Publicado,eletronico,Nacional,SAULO ALVES DAVID,Agente de Licitações,1,363333.12,460865.12,,"Pregão Eletrônico Contratação de emp resa (s) especializada (s) na prestação de serv iços continuados de motorista, para atender às necessidades do Hospital Universitário da Unive rsidade Federal do Vale do São FranciscoHU-U NIVASF, Policlínica do HU-UNIVASF e Depósitos ( Almoxarifado e Farmácia), conforme termos e con dições constantes no Edital e seus anexos.",Av Jose de Sá Maniçoba S/n Centro - /PE,25216,2020-09-25,2020-09-02,2020-09-02,2020-09-02,2020-10-16T15:12:06,False,legado
07001005000552020,7001005552020,0015634172020    ,70010,5,PREGÃO,552020,Publicado,eletronico,Nacional,CRISTIANE KOZIKOWSKI PACHECO NOCKO,Pregoeira,1,25866.0,35707.43,,"Pregão Eletrônico Prestação de servi ço de SEGURO DE VEÍCULOS da frota do Tribunal R egional Eleitoral de Pernambuco, de acordo com as especificações constantes do Termo de Referê ncia (ANEXO I), Descrição dos Veículos (ANEXO I II) e Especificações do Objeto / Percentual de Bônus 2021 (ANEXO IV).","Av. Gov. Agamenon Magalhaes, 1.160 - Gracas, 4 Andar Sala 408 - Graças/PE",25313,2020-09-16,2020-09-02,2020-09-02,2020-09-02,2020-10-02T11:38:47,False,legado
08000605000212020,8000605212020,14.327/2020      ,80006,5,PREGÃO,212020,Publicado,eletronico,Nacional,AURELAIDE DE SOUZA NASCIMENTO MENEZES,Pregoeiro,1,32900.0,62187.84,,"Pregão Eletrônico Renovação de subsc rição por doze meses da suíte Autodesk AEC Ar chitecture, Engineering and Construction Collec tion.","Cais do Apolo Nº 739, Bairro do Recife, Recife/pe. - /PE",25313,2020-09-16,2020-09-02,2020-09-02,2020-09-02,2020-09-25T17:34:01,False,legado
16019905000612019,16019905612019,64583021445201911,160199,5,PREGÃO,612019,Publicado,eletronico,Nacional,MARIA SANDRA ANDRADE,Ordenadora de Despesas,6,,23.66,,"Pregão Eletrônico Aquisição de Insum os laboratoriais, visando atender às necessidad es do Laboratório de Análises Clínicas no setor de COAGULAÇÃO.","Rua do Hospício, 563 - Boa Vista - Boa Vista/PE",25313,2020-09-15,2020-09-02,2020-09-02,2020-09-02,2020-11-10T11:24:04,False,legado
20009005000222020,20009005222020,126002646/2020-11,200090,5,PREGÃO,222020,Publicado,eletronico,Nacional,SARA DANIELA SANTOS MAMEDE,Pregoeira,1,,16451.4,,"Pregão Eletrônico Contratação de emp resa especializada para fornecimento de mobiliá rio para o Refeitório da PRPE, conforme especif icações (ANEXO I) e consoante as demais condiçõ es estatuídas no edital e seus anexos.","Av Governador Agamenon Magalhães, 1800 - Espinheiro - Espinheiro/PE",25313,2020-09-17,2020-09-03,2020-09-03,2020-09-03,2020-09-17T09:05:49,False,legado
15502205001032020,155022051032020,23536011474201952,155022,5,PREGÃO,1032020,Publicado,eletronico,Nacional,ALBERTO JOSE LOPES DE MENDONCA,Chefe do Setor de Administração,32,,45940.27,Mais informações: (81) 2126 -3939.,Pregão Eletrônico Registro de preços visando a eventual aquisição de Materiais Card iovasculares para o Hospital das Clínicas de Pe rnambuco Filial Ebserh.,Av. Professor Moraes Rego S/n - Cidade Universitária/PE,25313,2020-09-17,2020-09-03,2020-09-03,2020-09-03,2020-12-23T17:35:52,False,legado
16022505000162020,16022505162020,64361002739202091,160225,5,PREGÃO,162020,Publicado,eletronico,Nacional,MARCOS WAGNER RODRIGUES MONTEIRO,Ordenador de Despesas,147,1482.0,13240.27,,Pregão Eletrônico Aquisição de mater iais e equipamentos veterinários para atender a s necessidades do GCALC/Recife,Avenida Professor Luiz Freire N° 198 - Bairro Curado - /PE,25313,2020-09-16,2020-09-03,2020-09-03,2020-09-03,2021-08-05T13:22:29,False,legado
16020103000012020,1602010312020,64329001192202011,160201,3,CONCORRÊNCIA,12020,Publicado,presencial,Nacional,BRUNO BEZERRA DE MELO,Ordenador de Despesas,1,,6551884.73,,Obra dos Remanescentes Para a Construçã o do Edifício Marechal Castello Branco.,"Av Norte, 245 - Santo Amaro/PE",25313,,2020-09-03,2020-10-06,2020-09-03,2020-12-24T10:14:03,False,legado
12063205000382020,12063205382020,67230004584202010,120632,5,PREGÃO,382020,Publicado,eletronico,Nacional,MARCELO FERREIRA PASCOAL,Ordenador de Despesas Delegado,11,,129.56,,"Pregão Eletrônico Contratação de emp resa especializada para realização de serviço d e controle sanitário integrado no combate a pra gas urbanas (dedetização, desratização, desinse tização, descupinização) e serviço, por m , de remoção de resíduos e desobstrução das caixas d e gordura e destinação final, por meio de veícu lo com sistema a vácuo de extração de resíduos e/ou sistema roto rooter e transporte de dejeto s para estação de tratamento, incluindo forneci mento de material, bem como mão-de-obra","Av. Centenário Alberto Santos Dumont, S/n - Jordão Baixo/PE",25313,2020-09-18,2020-09-03,2020-09-03,2020-09-03,2020-09-29T15:10:28,False,legado
07001005000582020,7001005582020,0034067-06.2019  ,70010,5,PREGÃO,582020,Publicado,eletronico,Nacional,ELIANE RODRIGUES DE CARVALHO SILVA,Pregoeira,2,21729.96,25739.46,,"Pregão Eletrônico Aquisição de mater ial permanente (Cadeiras plásticas brancas / Te rmo-higrômetro), de acordo com as especificaçõe s técnicas e as condições constantes do Termo d e Referência (ANEXO ÚNICO) do Edital.","Av. Gov. Agamenon Magalhaes, 1.160 - Gracas - 4º Andar - Sala 408 - Graças/PE",25313,2020-09-17,2020-09-03,2020-09-03,2020-09-03,2020-09-30T10:42:33,False,legado
12063205000492020,12063205492020,67230004780202086,120632,5,PREGÃO,492020,Publicado,eletronico,Nacional,MARCELO FERREIRA PASCOAL,Ordenador de Despesas Delegado,24,2376.0,1086.12,,Pregão Eletrônico Aquisição de mater ial para tratamento de água.,"Av. Centenário Alberto Santos Dumont, S/n - Jordão Baixo/PE",25313,2020-09-21,2020-09-03,2020-09-03,2020-09-03,2020-12-21T16:09:06,False,legado
15502205001042020,155022051042020,23536002397202083,155022,5,PREGÃO,1042020,Publicado,eletronico,Nacional,ALBERTO JOSE LOPES DE MENDONCA,Chefe do Setor de Administração,14,,301928.1,Mais informações: (81) 2126 -3939.,"Pregão Eletrônico Registro de preços visando a eventual aquisição de Materiais de N eurocirurgia, com cessão de gerador de radiofre quencia e técnico para o Hospital das Clínicas de Pernambuco Filial Ebserh.",Av. Professor Moraes Rego S/n - Cidade Universitária/PE,25313,2020-09-22,2020-09-03,2020-09-03,2020-09-03,2020-12-16T22:17:10,False,legado
12063205000502020,12063205502020,67230004582202012,120632,5,PREGÃO,502020,Publicado,eletronico,Nacional,MARCELO FERREIRA PASCOAL,Ordenador de Despesas Delegado,49,6675.0,17284.74,,Pregão Eletrônico Serviço de manuten ção em condicionadores de ar.,"Avenida Maria Irene, S/nº - Jordão, Recife - Pe/PE",25313,2020-10-14,2020-10-01,2020-10-01,2020-10-01,2020-12-22T18:13:39,False,legado
15485305000012019,1548530512019,23519004785201973,154853,5,PREGÃO,12019,Publicado,eletronico,Nacional,AMAURI CLEMENTINO DE OLIVEIRA,Pregoeiro,22,51680.0,181682.41,,Pregão Eletrônico Registro de preços para eventual aquisição com instalação de apar elhos condicionadores de ar visando atender às demandas do IFPE Campus Jaboatão dos Guararape s e demais órgãos participantes.,"Avenida Barão de Lucena,251 - Centro/PE",24570,2020-10-14,2020-10-01,2020-10-01,2020-10-01,2021-11-03T14:42:01,False,legado
24013705000062020,2401370562020,01202000074201951,240137,5,PREGÃO,62020,Publicado,eletronico,Nacional,ERICA MONTEIRO LADISLAU,Pregoeira,3,168000.0,187400.0,,"Pregão Eletrônico O objeto da presen te licitação é a escolha da proposta mais vanta josa para a contratação de serviços de manuten ção preventiva e corretiva, com reposição de pe ças, para os equipamentos existentes nos labor atórios do Centro de Tecnologias Estratégicas d o NordesteCETENE, conforme condições, quant idades e exigências estabelecidas neste Edital e seus anexos.","Av. Prof. Luis Freire, 1 - Cidade Universitaria - Cidade Universitária/PE",25313,2020-10-19,2020-10-01,2020-10-01,2020-10-01,2020-11-12T17:01:41,False,legado
09003105000162020,9003105162020,0006913-70.2020  ,90031,5,PREGÃO,162020,Publicado,eletronico,Nacional,MARCELO NOBRE TAVARES,Pregoeiro,2,457900.0,616606.91,,"Pregão Eletrônico Contratação de emp resas especializadas em sistemas fotovoltaicos, para implantar usinas de microgeração de energ ia fotovoltaica, no Edifício Sede do Tribunal R egional Federal da 5ª Região e no Prédio Anexo I ESMAFE.","Av. Cais do Apolo, S/n, Ed. Min. Djaci Falcao - Bairro do Recife - /PE",25313,2020-10-14,2020-10-01,2020-10-01,2020-10-01,2021-03-08T14:14:14,False,legado
16019805000112020,16019805112020,64453006533202010,160198,5,PREGÃO,112020,Publicado,eletronico,Nacional,HELIO DIAS DE ARAUJO,Ordenador de Despesas,26,7095.0,24191.8,,Pregão Eletrônico Aquisição de mater ial de consumo (manutenção de bens imóveis e el étrico) e material permanente para atender as n ecessidades do 7º D Sup.,Rua General Estilac Leal Nº 439 - Cabanga - Recife - /PE,25313,2020-10-14,2020-10-01,2020-10-01,2020-10-01,2021-07-06T11:37:13,False,legado
12063205000702020,12063205702020,67230004584202010,120632,5,PREGÃO,702020,Publicado,eletronico,Nacional,MARCELO FERREIRA PASCOAL,Ordenador de Despesas Delegado,11,1080.0,129.56,,"Pregão Eletrônico Contratação de emp resa especializada para realização de serviço d e controle sanitário integrado no combate a pra gas urbanas (dedetização, desratização, desinse tização, descupinização) e serviço, por m , de remoção de resíduos e desobstrução das caixas d e gordura e destinação final, por meio de veícu lo com sistema a vácuo de extração de resíduos e/ou sistema roto rooter e transporte de dejeto s para estação de tratamento.",Av Armindo Moura - 500 - Boa Viagem - Jordão/PE,25313,2020-10-15,2020-10-02,2020-10-02,2020-10-02,2020-12-22T17:14:15,False,legado
15502205001132020,155022051132020,23536002119201810,155022,5,PREGÃO,1132020,Publicado,eletronico,Nacional,ALBERTO JOSE LOPES DE MENDONCA,Chefe do Setor de Administração,2,5098876.32,5693843.2,Mais informações: (81) 2126 -3939.,"Pregão Eletrônico Contratação de Cen tral de Serviços Service Desk para a Presta ção de serviços técnicos especializados na área das Tecnologias da Informação e Comunicação TIC (hardware e software, inclusos serviços de suporte técnico em LINUX, Windows, Android e Ma c OS), incluída a reposição de peças e/ou compo nentes, sob regime de atendimento 24x7, para at ender ao Parque Computacional do Hospital das C línicas de Pernambuco, filial EBSERH",Av. Professor Moraes Rego S/n - Cidade Universitária/PE,25313,2020-10-27,2020-10-02,2020-10-02,2020-10-02,2020-12-23T14:39:08,False,legado
15518005000282020,15518005282020,23542010092202066,155180,5,PREGÃO,282020,Publicado,eletronico,Nacional,LUCAS SOARES SOUZA,Agente de Licitação,1,,242.5,,Pregão Eletrônico Contratação de Ser viço de Restauração dos Estofados das Poltronas de Acompanhantes do HU-UNIVASF,Av Jose de Sá Maniçoba S/n Centro - /PE,25216,2020-10-26,2020-10-02,2020-10-02,2020-10-02,2020-10-29T11:55:29,False,legado
20020705000132020,20020705132020,1.05.0119/2020-01,200207,5,PREGÃO,132020,Publicado,eletronico,Nacional,RACHEL RODRIGUES WANDERLEY,Pregoeira,61,2977.68,10653.13,,Pregão Eletrônico Aquisição de mater iais de consumo e instrumentais odontológicos a fim de atender ao gabinete odontológico da Pro curadoria Regional da República da 5ª Região.,"Rua Frei Matias Teves, Nº 65 - Ilha do Leite/PE",25313,2020-10-15,2020-10-02,2020-10-02,2020-10-02,2020-10-22T08:01:31,False,legado
24013705000152020,24013705152020,01202000376201929,240137,5,PREGÃO,152020,Publicado,eletronico,Nacional,ERICA MONTEIRO LADISLAU,Pregoeira,1,,347700.0,"Os atendimentos serão de ch amados de 1°, 2° e 3° nível, entendendo-se como TIC todos os processos que envolvem a informát ica,telefonia e telecomunicações.","Pregão Eletrônico Contratação de emp resa para prestação de serviços técnicos especi alizados na área de Tecnologia da Informação e Comunicação (TIC), para operação da infraestru tura de TIC, compreendendo os serviços de monit oramento, sustentação do ambiente computaciona l, suporte aos usuários e apoio técnico à gestã o de TIC do Centro de Tecnologias Estratégicas do Nordeste, através de uma Central de Serviço s (Service Desk), de modo remoto e presencial.","Av. Prof. Luis Freire, 1 - Cidade Universitaria - Cidade Universitária/PE",25313,2020-10-15,2020-10-02,2020-10-02,2020-10-02,2020-10-09T09:38:17,False,legado
15814905000072020,1581490572020,23302000181202027,158149,5,PREGÃO,72020,Publicado,eletronico,Nacional,SILVANIO ANTONIO DE CARVALHO,Equipe de Apoio,37,699.4,3797.24,,"Pregão Eletrônico Aquisição de mater iais e equipamentos para fins de enfrentamento e como medidas de prevenção contra o novo coron avírus, causador da COVID-19 em atendimento aos campi e Reitoria do o Instituto Federal do Ser tão Pernambucano.","Rua Aristarco Lopes,nº 240- Centro - Centro/PE",25216,2020-10-08,2020-10-02,2020-10-02,2020-10-02,2020-12-30T21:53:43,False,legado
78370205000112020,78370205112020,63066002158202021,783702,5,PREGÃO,112020,Publicado,eletronico,Nacional,CASSIO DE SOUZA SANTOS,Ordenador de Despesas,1,15699.96,19442.56,,"Pregão Eletrônico Contratação de lab oratório habilitado na Rede Brasileira de Labor atórios (REBLAS/ANVISA) para ensaio de profici ência relativa a produtos para a saúde, sangues e hemoderivados e/ou análises clínicas soro humano, de acordo com a RDC 12, de 16 de fever eiro de 2012.","Avenida Cruz Cabuga, 1.200 - Santo Amaro/PE",25313,2020-10-15,2020-10-02,2020-10-02,2020-10-02,2020-11-26T14:43:34,False,legado
16020005000172020,16020005172020,64621008160202024,160200,5,PREGÃO,172020,Publicado,eletronico,Nacional,ANTONIO DOUGLAS NEVES SANTOS,Ordenador de Despesas,1,9600.0,13463.76,,Pregão Eletrônico Serviço de recolhi mento de lixo,Av. 17 de Agosto 784 - Casa Forte/PE,25313,2020-10-15,2020-10-02,2020-10-02,2020-10-02,2020-12-28T09:00:54,False,legado
15502205001142020,155022051142020,2353611175202051 ,155022,5,PREGÃO,1142020,Publicado,eletronico,Nacional,ALBERTO JOSE LOPES DE MENDONCA,Chefe de Setor de Administração,52,,1912.64,,Pregão Eletrônico Registro de preços visando a eventual aquisição de Medicamentos C ontrolados e Anestésicos para o Hospital das Cl ínicas de Pernambuco,Av. Professor Moraes Rego S/n - Cidade Universitária/PE,25313,2020-10-16,2020-10-02,2020-10-02,2020-10-02,2020-12-29T10:41:02,False,legado
16019905000182020,16019905182020,64583011325202049,160199,5,PREGÃO,182020,Publicado,eletronico,Nacional,MARIA SANDRA ANDRADE,Ordenadora de Despesas,113,259473.06,4756.8,A descrição válida dos iten s é a mesma que consta no termo de referencia.,"Pregão Eletrônico Registro de Preços para Eventual Aquisição de Antibioticos, Soros e Eletrólitos ComplementarGCALC.","Rua do Hospício, 563 - Boa Vista - Boa Vista/PE",25313,2020-10-15,2020-10-02,2020-10-02,2020-10-02,2021-10-26T14:32:52,False,legado
07001005000532020,7001005532020,0012440-43.2020  ,70010,5,PREGÃO,532020,Publicado,eletronico,Nacional,JOANA D ARC SIMOES DE BARROS,Pregoeira,3,736000.0,118494.38,,"Pregão Eletrônico Registro de Preços para eventual aquisição de solução de seguranç a de redes de computadores composta de equipame ntos e aquisição de subscrição de firewall, de acordo com as especificações constantes do Term o de Referência (ANEXO I) do Edital.","Av. Gov. Agamenon Magalhaes, 1.160 - Graças/PE",25313,2020-10-15,2020-10-02,2020-10-02,2020-10-02,2020-11-25T13:50:15,False,legado
34400205000252020,34400205252020,490/2020-16      ,344002,5,PREGÃO,252020,Publicado,eletronico,Nacional,ALLAN JONES FARIAS DE ARAUJO,Diretor de Planejamento e Administração,2,1798739.04,2355306.75,,"Pregão Eletrônico O objeto da presen te licitação é a escolha da proposta mais vanta josa para a contratação de empresa especializad a para a prestação de serviços continuados e co m dedicação exclusiva de mão de obra para as fu nções de Assistente Administrativo I e Assisten te Administrativo II, visando atender as necess idades da Fundação Joaquim Nabuco, pelo prazo d e 12 (doze meses), conforme condições, quantida des e exigências estabelecidas neste Edital e s eus anexos.","Av. 17 de Agosto, 2187 - Casa_forte - /PE",25313,2020-10-15,2020-10-02,2020-10-02,2020-10-02,2020-11-23T12:04:31,False,legado
15502205001152020,155022051152020,23536001879202016,155022,5,PREGÃO,1152020,Publicado,eletronico,Nacional,ALBERTO JOSE LOPES DE MENDONCA,Chefe de Setor de Administração,28,,72516.76,,Pregão Eletrônico Registro de preços visando a eventual aquisição de Material Médic o Hospitalar Órteses e Próteses para o Hospit al das Clínicas de Pernambuco Filial Ebserh.,Av. Professor Moraes Rego S/n - Cidade Universitária/PE,25313,2020-10-19,2020-10-02,2020-10-02,2020-10-02,2020-12-10T14:14:03,False,legado
16018305000072020,1601830572020,64108007262202031,160183,5,PREGÃO,72020,Publicado,eletronico,Nacional,ERICSON ANTONIO SILVEIRA MACIEL,Ordenador de Despesas,163,2740.0,3397.04,,Pregão Eletrônico Registro de preços para eventual aquisição de medicamentos e mate riais hospitalares descartáveis.,"Av. Cardoso de Sa, S/n - Vila Eduardo/PE",25216,2020-10-19,2020-10-05,2020-10-05,2020-10-05,2020-12-02T12:24:43,False,legado
16020005000182020,16020005182020,64621008219202084,160200,5,PREGÃO,182020,Publicado,eletronico,Nacional,ANTONIO DOUGLAS NEVES SANTOS,Ordenador de Despesas,53,,42552.03,,Pregão Eletrônico Aquisição de Pneus Automotivo,Av. 17 de Agosto 784 - Casa Forte - Casa Forte/PE,25313,2020-10-19,2020-10-05,2020-10-05,2020-10-05,2020-12-29T18:56:20,False,legado
15502205001162020,155022051162020,23536007247202066,155022,5,PREGÃO,1162020,Publicado,eletronico,Nacional,JOAO LUIZ CAVALCANTI MARANHAO DE ALBUQUERQUE,Chefe de Setor de Administração,16,,187169.71,,Pregão Eletrônico Registro de preços visando a eventual aquisição de Equipamentos M édico-Hospitalares e Mobiliário para o Hospital das Clínicas de Pernambuco,Av. Professor Moraes Rego S/n - Cidade Universitária/PE,25313,2020-10-20,2020-10-05,2020-10-05,2020-10-05,2020-12-18T11:36:49,False,legado
16019805000102020,16019805102020,64453006740202066,160198,5,PREGÃO,102020,Publicado,eletronico,Nacional,HELIO DIAS DE ARAUJO,Ordenador de Despesas,303,16218.51,15073.0,,Pregão Eletrônico Aquisição de mater ial de consumo para Programa de Auditoria em Se gurança Alimentar (PASA) para atender as necess idades do 7º D Sup e Unidades Gestoras particip antes (GCALC).,Rua General Estilac Leal Nº 439 - Cabanga - Recife - Cabanga/PE,25313,2020-12-14,2020-12-01,2020-12-01,2020-12-01,2021-12-15T12:10:08,False,legado
19500299000222020,19500299222020,59530000845202010,195002,99,RDC,222020,Publicado,eletronico,Nacional,AURIVALTER CORDEIRO PEREIRA DA SILVA,Superintendente Regional   3a Sr,1,,5440938.67,As obras e os serviços deve rão atender todas as exigências do edital. O ed ital e seus anexos serão disponibilizados no sí tio eletrônico da Codevasf. https://licitacao.c odevasf.gov.br/licitacoes/3a-superintendencia-r egional-petrolina-pe/licitacoes-lei-13-303-2016 / Maiores informações (87) 3866-7722/ 3866-774 2.,"Execução de obras e serviços da 3ª Etap a dos Sistemas de Abastecimento de Água nas com unidades de Vila Nova, Salão, Lagoinha, Mundo N ovo, Piancó, Barriguda, Logradouro, Serrinha, B arrocão, Macaco e Espinheiro nos municípios de Petrolândia e de Tacaratu, área de atuação da 3 ª Superintendência Regional da CODEVASF.","Rua Presidente Dutra, 160 - Centro/PE",25216,2020-12-22,2020-12-01,2020-12-01,2020-12-01,2020-12-22T09:01:25,False,legado
15846499000012020,1584649912020,23295011929202053,158464,99,RDC,12020,Publicado,eletronico,Nacional,JOSE LEONE DE OLIVEIRA JUNIOR,Presidente da Comissão,1,1122604.27,1369029.6,,"Contratação de empresa especializada em engenharia para executar a obra de implantação de acessibilidade, do campus recife, do instit uto federal de ciência e tecnologia de Pernambu co com fornecimento e aplicação de materiais ne cessários e conforme especificações e demais el ementos técnicos constantes no projeto básico e seus anexos",Av Prof. Luiz Freire 500 Bloco A- Leste - Cidade Universitária/PE,25313,2020-12-22,2020-12-01,2020-12-01,2020-12-01,2020-12-30T20:43:55,False,legado
13001605000122020,13001605122020,21002001210202027,130016,5,PREGÃO,122020,Publicado,eletronico,Nacional,BRUNA LINS BEZERRA PORTO,Chefe do Serviço de Compras,130,371.84,66573.14,,"Pregão Eletrônico Aquisições de mate rial de consumo (Produtos Químicos, Biológicos, vidrarias e Materiais Laboratoriais) para supr ir as necessidades do LFSDA-PE.",Rua Dom Manoel de Medeiros S/n - Dois Irmãos/PE,25313,2020-12-11,2020-12-01,2020-12-01,2020-12-01,2021-03-04T07:58:47,False,legado
16019905000482020,16019905482020,64583017923202021,160199,5,PREGÃO,482020,Publicado,eletronico,Nacional,MARIA SANDRA ANDRADE,Ordenadora de Despesas,4,67000.0,146009.48,A descrição válida dos iten s é a mesma que consta no termo de referência.,"Pregão Eletrônico Contratação de ser viços de empresa especializada para prestação d e serviço de pintura em paredes interna e exter na em geral, esquadrais metálicas e de madeira com fornecimento de material.","Rua do Hospício, 563 - Boa Vista - Boa Vista/PE",25313,2020-12-14,2020-12-02,2020-12-02,2020-12-02,2021-02-23T10:47:19,False,legado
25704705000282020,25704705282020,25059000857202037,257047,5,PREGÃO,282020,Publicado,eletronico,Nacional,ANTONIO DE CARVALHO SA,Agente de Saúde Pública,2,,3411.75,,"Pregão Eletrônico Aquisição de equip amentos (dosadores de cloro) para os Sistemas A lternativos Coletivos de Abastecimento de Água SAC e estabelecimentos de saúde das aldeias i ndígenas de Pernambuco, atendendo às necessidad es do DSEI-PE,",Av. Norte Miguel Arraes de Alencar - Macaxeira/PE,25313,2020-12-15,2020-12-02,2020-12-02,2020-12-02,2021-01-15T13:35:22,False,legado
25704705000292020,25704705292020,25059001844202085,257047,5,PREGÃO,292020,Publicado,eletronico,Nacional,ANTONIO DE CARVALHO SA,Agente de Saúde Pública,5,176400.0,0.41,,Pregão Eletrônico Aquisição de fórmu las infantis e suplementos nutricionais para at ender as necessidades dos povos indígenas de Pe rnambuco-DSEI/PE.,Av. Norte Miguel Arraes de Alencar - Macaxeira/PE,25313,2020-12-15,2020-12-02,2020-12-02,2020-12-02,2021-02-03T11:01:42,False,legado
13501205000122020,13501205122020,21198001657202056,135012,5,PREGÃO,122020,Publicado,eletronico,Nacional,NEIDE MEDEIROS GOMES LOPES,Chefe Geral em Exercício,1,216992.64,278237.12,,"Pregão Eletrônico Contratação de Emp resa Especializada para Prestação de Serviços d e Vigilância Armada nas dependências da Embrapa Semiárido(Posto Diurno em Escala 12 x 36 hs/Po sto Noturno em Escala 12 x 36 hs, conforme espe cificações no Termo de Referências).",Br 428 Km 152 S/n Zona Rural Caixa Postal 023 - /PE,25216,2020-12-14,2020-12-02,2020-12-02,2020-12-02,2020-12-30T15:24:58,False,legado
16022505000352020,16022505352020,64361008667202096,160225,5,PREGÃO,352020,Publicado,eletronico,Nacional,MARCOS WAGNER RODRIGUES MONTEIRO,Ordenador de Despesas,10,80920.0,14833.17,Email: licitacao@baadmcurad o.eb.mil.br,Pregão Eletrônico Contratação de ser viços de locação de banheiros químicos e palanq ues,Avenida Professor Luiz Freire N° 198 - Várzea/PE,25313,2020-12-14,2020-12-02,2020-12-02,2020-12-02,2021-09-01T14:25:32,False,legado
16019405000132020,16019405132020,64318065137202071,160194,5,PREGÃO,132020,Publicado,eletronico,Nacional,JAILSON GOMES DA SILVA,Ordenador de Despesas,164,11017.0,587092.44,O descritivo correto é o qu e consta do subitem 1.1. do Termo de Referência .,"Pregão Eletrônico Aquisição de Dispo sitivos Médicos Implantáveis (DMI), para cirurg ias neurológicas e coluna, destinado a suprir n ecessidades das Organizações Militares de Saúde vinculadas à 7ª Região Militar.","Av. Visconde de Sao Leopoldo, 198 - Várzea/PE",25313,2020-12-16,2020-12-02,2020-12-02,2020-12-02,2021-03-17T12:01:55,False,legado
19500205000232020,19500205232020,59500001856202066,195002,5,PREGÃO,232020,Publicado,eletronico,Nacional,AURIVALTER CORDEIRO PEREIRA DA SILVA,Superintendente Regional   3a Sr,1,11198200.0,9776.1919,As empresas deverão atender todas as exigências do edital e seus anexos di sponibilizados no sítio eletrônico da Codevasf. https://licitacao.codevasf.gov.br/licitacoes/3 a-superintendencia-regional-petrolina-pe/pregao -eletronico/editais-publicados-em-2020/ Maiore s informações (87) 3866-7722/ 3866-7742.,"Pregão Eletrônico Fornecimento, tran sporte e instalação de reservatório de acumulaç ão de água, visando o abastecimento de comunida des rurais difusas, localizadas em municípios, no Estado de Pernambuco.","Rua Presidente Dutra, 160 - Centro/PE",25216,2020-12-14,2020-12-02,2020-12-02,2020-12-02,2021-01-27T11:06:56,False,legado
15502205001432020,155022051432020,23536018295202080,155022,5,PREGÃO,1432020,Publicado,eletronico,Nacional,JOAO LUIZ CAVALCANTI MARANHAO DE ALBUQUERQUE,Chefe do Setor de Administração,18,,74748.31,,Pregão Eletrônico Registro de preços visando a eventual aquisição de Aparelhos de A r Condicionado e Desumidificares de Ar para o H ospital das Clínicas de Pernambuco,Av. Professor Moraes Rego S/n - Cidade Universitária/PE,25313,2020-12-15,2020-12-02,2020-12-02,2020-12-02,2020-12-30T13:04:17,False,legado
16019905000492020,16019905492020,64583018097202038,160199,5,PREGÃO,492020,Publicado,eletronico,Nacional,MARIA SANDRA ANDRADE,Ordenadora de Despesas,1,,48857.94,A descrição válida dos iten s é a mesma que consta no termo de referência.,"Pregão Eletrônico Contratação de ser viços de empresa especializada para elaboração de projeto executivo de cabeamento estruturado comtemplando imagem, voz e dados do Hospital Mi litar de Área de Recife.","Rua do Hospício, 563 - Boa Vista - Boa Vista/PE",25313,2020-12-14,2020-12-02,2020-12-02,2020-12-02,2020-12-11T11:26:49,False,legado
13501205000132020,13501205132020,21198002199202072,135012,5,PREGÃO,132020,Publicado,eletronico,Nacional,NEIDE MEDEIROS GOMES LOPES,Chefe Geral em Exercício,4,3420.0,118615.0,,Pregão Eletrônico Formação de Regist ro de Preços para eventual aquisição de EQUIPAM ENTOS DE LABORATORIO para a Embrapa Semiárido,Br 428 Km 152 S/n Zona Rural Caixa Postal 023 - /PE,25216,2020-12-14,2020-12-02,2020-12-02,2020-12-02,2020-12-15T09:54:05,False,legado
15484905000012020,1548490512020,23518009795202049,154849,5,PREGÃO,12020,Publicado,eletronico,Nacional,RITA DE CASSIA NEVES LEITE,"Chefe de Divisão de Compras, Licitações e Contratos",149,13959.0,59946.45,"Qualquer diferença entre a descrição do sistema e a do Edital, prevalecerá a do Edital.","Pregão Eletrônico Registro de preços para futura aquisição de consumíveis de TIC pa ra atender às necessidades do Instituto Federal de Educação, Ciência e Tecnologia de Pernambuc o Campus Cabo de Santo Agostinho e demais par ticipantes.","Rua Sebastião Joventino, S/n - Destilaria Central Presid.vargas - /PE",23574,2020-12-15,2020-12-03,2020-12-03,2020-12-03,2021-11-08T18:44:36,False,legado
16018205000042020,1601820542020,6438030897202089 ,160182,5,PREGÃO,42020,Publicado,eletronico,Nacional,AMILCAR ALDIR AFFONSO NETO,Ordenador de Despesas,4,316575.0,7164.4,,"Pregão Eletrônico O objeto da presen te licitação é a contratação de serviço não con tinuado de limpeza e esgotamento de fossa e red es de esgoto, com a finalidade de compor o Sist ema de Registro de Preços Unificado coordenado pela 7ª Região Militar, com execução mediante o regime de empreitada por preço unitário, visan do atender às necessidades da 7ª Companhia de C omunicações e das Organizações Militares da Gua rnição de Olinda, Recife e Jaboatão dos Guarara pes.","Av. Padre Ibiapina, 300 - Tejipio- Recife - /PE",25313,2020-12-16,2020-12-03,2020-12-03,2020-12-03,2021-06-29T09:23:35,False,legado
