id_compra,identificador,numero_processo,uasg,modalidade,nome_modalidade,numero_aviso,situacao_aviso,tipo_pregao,tipo_recurso,nome_responsavel,funcao_responsavel,numero_itens,valor_estimado_total,valor_homologado_total,informacoes_gerais,objeto,endereco_entrega_edital,codigo_municipio_uasg,data_abertura_proposta,data_entrega_edital,data_entrega_proposta,data_publicacao,dt_alteracao,pertence14133,fonte
92617105000012020,9261710512020,25800.003387/2019,926171,5,PREGÃO,12020,Publicado,eletronico,Nacional,SAULO BANDEIRA DURVAL,Pregoeiro,1.0,3375619.0,3375619.0,,"Pregão Eletrônico Contratação de ser viços de seguro total, com franquia, para todos os bens patrimoniais móveis e imóveis dos Bloc os B01, B05, B12/B13, B14, B18/B19, B21, GUARIT A E GALPÃO LONADO, além de medicamentos e plasm a humano situados na fábrica da Hemobrás em Goi ana-PE, conforme condições, quantidades e exigê ncias estabelecidas no Edital e seus anexos.","Rua Professor Aloísio Pessoa de Araújo, Nº 75, Edifício Boa Viagem Corporate, 8º e 9 - Boa Viagem/PE",25313,2020-01-14,2020-01-02,2020-01-02,2020-01-02,2020-01-14T17:01:46,False,legado
8000605000412019,8000605412019,19.776/19        ,80006,5,PREGÃO,412019,Publicado,eletronico,Nacional,AURELAIDE DE SOUZA NASCIMENTO MENEZES,Pregoeira,2.0,72634.0,34.16,,Pregão Eletrônico Aquisição de papel A4 branco.,"Cais do Apolo Nº 739, Bairro do Recife, Recife/pe. - /PE",25313,2020-01-15,2020-01-02,2020-01-02,2020-01-02,2020-03-04T12:59:15,False,legado
92617105000022020,9261710522020,25800.005214/2019,926171,5,PREGÃO,22020,Publicado,eletronico,Nacional,SAULO BANDEIRA DURVAL,Pregoeiro,1.0,874351.39,1080670.59,,"Pregão Eletrônico Contratação de emp resa especializada para prestação de serviços d e manutenção preventiva, corretiva, preditiva e de conservação em sistemas de HVAC-R e de comb ate a incêndio, com fornecimento de mão de obra , material de consumo, ferramental, estoque de peças e materiais, equipamentos e peças sobress alentes (com ressarcimento) a serem realizados na unidade fabril da Empresa Brasileira de Hemo derivados e Biotecnologia (Hemobrás), localizad a no Município de Goiana/PE, conforme condições , quantidades e exigências estabelecidas no Edi tal e seus anexos.","Rua Professor Aloísio Pessoa de Araújo, Nº 75, Edifício Boa Viagem Corporate, 8º e 9 - Boa Viagem/PE",25313,2020-01-15,2020-01-03,2020-01-03,2020-01-03,2020-02-10T15:51:38,False,legado
92617105000032020,9261710532020,25800.004913/2018,926171,5,PREGÃO,32020,Publicado,eletronico,Nacional,SAULO BANDEIRA DURVAL,Pregoeiro,1.0,1710499.8,2280540.0,,"Pregão Eletrônico Contratação de ser viços de contratação de empresa especializada p ara a prestação de serviços, com fornecimento d e equipamentos e licenças, comunicação unificad a multisserviços IP, incluindo instalação, manu tenção preventiva e corretiva, suporte de servi ços, gerenciamento proativo e assistência técni ca., conforme condições, quantidades e exigênci as estabelecidas neste instrumento. Com a aplic ação VoIP e da Vídeo Conferência, a Fábrica da HEMOBRÁS em Goiana-PE terá acesso à rede de tel efonia pública (STFC), via rede de dados, utili zando a saída (STFC) da unidade de Recife-PE, c onforme condições, quantidades e exigências est abelecidas no Edital e seus anexos.","Rua Professor Aloísio Pessoa de Araújo, Nº 75, Edifício Boa Viagem Corporate, 8º e 9 - Boa Viagem/PE",25313,2020-01-15,2020-01-03,2020-01-03,2020-01-03,2020-07-24T15:42:50,False,legado
92617105000042020,9261710542020,25800.004102/2019,926171,5,PREGÃO,42020,Publicado,eletronico,Nacional,SAULO BANDEIRA DURVAL,Pregoeiro,1.0,,117115.2,,"Pregão Eletrônico Contratação de ser viço continuado de lavanderia industrial, envol vendo a limpeza e higienização de Equipamentos de Proteção Individual (EPIs)/vestimentas em to das as suas etapas, desde sua coleta até seu re torno em condições ideais de reuso e higiênicas sanitárias adequadas, de acordo com a RDC n° 1 7/2010 da ANVISA e atendendo as necessidades da Hemobrás, conforme condições, quantidades e ex igências estabelecidas no Edital e seus anexos.","Rua Professor Aloísio Pessoa de Araújo, Nº 75, Edifício Boa Viagem Corporate, 8º e 9 - Boa Viagem/PE",25313,2020-01-20,2020-01-07,2020-01-07,2020-01-07,2020-01-24T09:58:57,False,legado
8000605000392020,8000605392020,19.664/2019      ,80006,5,PREGÃO,392020,Publicado,eletronico,Nacional,AURELAIDE DE SOUZA NASCIMENTO MENEZES,Pregoeira,6.0,400.0,687.67,,Pregão Eletrônico Aquisição de extin tores de incêndio com carga de gás carbônico (C O2) e insumos diversos.,"Cais do Apolo Nº 739, Bairro do Recife, Recife/pe. - /PE",25313,2020-01-21,2020-01-09,2020-01-09,2020-01-09,2020-03-11T18:13:24,False,legado
15442105000342019,15442105342019,234020201272013  ,154421,5,PREGÃO,342019,Publicado,eletronico,Nacional,LUIZ CARLOS PINTO RIBEIRO,Pregoeiro,1.0,298000.0,162523.33,,Pregão Eletrônico Eventual aquisição de Condensadoras de Ar com Evaporadoras visand o atender às demandas originária do Centro de E studos em Biologia VegetalCEBIVE que abrigar á as atividades desenvolvidas pelo Programa de Conservação de Fauna e Flora PCFF/PISF e ao Pr ograma de Recuperação de Áreas DegradadasPRA D da UNIVASF.,Av.jose de Sa Maniçoba S/n Centro-campus Universitário Petrolina - Centro/PE,25216,2020-01-21,2020-01-09,2020-01-09,2020-01-09,2020-02-14T16:50:54,False,legado
12063205000012020,1206320512020,67230023133201930,120632,5,PREGÃO,12020,Publicado,eletronico,Nacional,MARCELO FERREIRA PEDRO,Ordenador de Despesas,3.0,,10659.27,,Pregão Eletrônico Contratação de pre stação de serviço de classificação de Carteira Nacional de Habilitação.,Av Armindo Moura - 500 - Boa Viagem - Boa Viagem/PE,25313,2020-01-30,2020-01-20,2020-01-20,2020-01-10,2020-01-30T10:16:40,False,legado
7001005000612019,7001005612019,0025266-04.2019  ,70010,5,PREGÃO,612019,Publicado,eletronico,Nacional,WILLAMS DE LUCENA ALVES,Pregoeiro,1.0,73065.16,73328.87,,"Pregão Eletrônico Prestação de servi ços de mensageria, com alocação de mão de obra vinculada à categoria de mensageiro/estafeta, d e acordo com as especificações constantes do Te rmo de Referência (ANEXO I) do Edital.","Av. Gov. Agamenon Magalhaes, 1.160, 4º Andar, Sala 408 - Graças/PE",25313,2020-01-23,2020-01-10,2020-01-10,2020-01-10,2020-04-29T15:46:18,False,legado
7001005000662019,7001005662019,0019847-03.2019  ,70010,5,PREGÃO,662019,Publicado,eletronico,Nacional,WILLAMS DE LUCENA ALVES,Pregoeiro,1.0,15899.16,15989.4,,"Pregão Eletrônico Prestação de servi ços de rastreamento e monitoramento de 47 (quar enta e sete) veículos via satélite por GPS/GSM/ GPRS, incluindo o fornecimento de equipamentos a título de comodato, componentes e licença de uso de software, e os respectivos serviços de i nstalação, configuração, capacitação e suporte técnico e garantia de funcionamento, de acordo com as especificações constantes do Termo de Re ferência (ANEXO I) do Edital.","Av. Gov. Agamenon Magalhaes, 1.160, 4º Andar, Sala 408 - Graças/PE",25313,2020-01-23,2020-01-10,2020-01-10,2020-01-10,2020-02-19T09:56:43,False,legado
7001005000712019,7001005712019,0023812-86.2019  ,70010,5,PREGÃO,712019,Publicado,eletronico,Nacional,WILLAMS DE LUCENA ALVES,Pregoeiro,2.0,23019.64,45645.36,,"Pregão Eletrônico Aquisição de fones de ouvido sem microfone, para urnas eletrônica s, a fim de atender aos preparativos relativos às eleições municipais 2020 e aquisição de fone s de ouvido acústicos com microfone (headsets m ultimídia) para uso pela equipe Disque Eleitor nas Eleições Municipais de 2020, de acordo co m as especificações técnicas e as condições con stantes do Termo de Referência (ANEXO ÚNICO) do Edital.","Av. Gov. Agamenon Magalhaes, 1.160 - 4º Andar - Sala 408 - Graças/PE",25313,2020-01-24,2020-01-10,2020-01-10,2020-01-10,2020-02-07T11:37:31,False,legado
16019905000632019,16019905632019,64583000182202025,160199,5,PREGÃO,632019,Publicado,eletronico,Nacional,MARCO AURELIO NUNES PEREIRA,Ordenador de Despesas,8.0,20794.56,124654.06,A descrição válida dos iten s é a mesma que consta no termo de referência.,"Pregão Eletrônico O objeto da presen te licitação é a escolha da proposta mais vanta josa para a contratação de empresa especializad a em prestação de serviços de Telefonia Fixa, c onforme condições, quantidades e exigências est abelecidas neste Edital e seus anexos.","Rua do Hospício, 563 - Boa Vista - Boa Vista/PE",25313,2020-02-13,2020-02-03,2020-02-03,2020-02-03,2020-04-22T14:58:00,False,legado
20009105000012020,2000910512020,026.2020.06.900/5,200091,5,PREGÃO,12020,Publicado,eletronico,Nacional,ANA CAROLINA LIMA VIEIRA,Procuradora-chefe,1.0,,533.96,,"Pregão Eletrônico Contratação de emp resa especializada na prestação de serviços de vigilância eletrônica à distância, denominado M ONITORAMENTO REMOTO DE SISTEMAS DE ALARMES, 24 (vinte e quatro) horas por dia, para o prédio A NEXO da Procuradoria do Trabalho da 6ª Região, localizado na Rua Quarenta e Oito, 600, Espinhe iro, Recife/PE.","Rua Conselheiro Portela, 531 - Espinheiro/PE",25313,2020-02-13,2020-02-03,2020-02-03,2020-02-03,2020-01-31T13:09:47,False,legado
11009605000022020,1100960522020,00587000187201916,110096,5,PREGÃO,22020,Publicado,eletronico,Nacional,FAYE SHIRLEY GONCALVES FIDELIS DE CARVALHO ALVES,Pregoeira,3.0,34401.6,64526.0,"Edital disponível em: ""Port al de Compras do Governo Federalwww.comprasg overnamentais.gov.br""","Pregão Eletrônico Aquisição eventual de água mineral natural, para atender o consum o das unidades da AGU localizadas nas cidades d e Salvador/BA, Recife/PE e Fortaleza/CE","Avenida Herculano Bandeira, 716 - Pina/PE",25313,2020-02-13,2020-02-03,2020-02-03,2020-02-03,2020-03-18T11:38:23,False,legado
78370205000082019,7837020582019,63066002436201915,783702,5,PREGÃO,82019,Publicado,eletronico,Nacional,CASSIO DE SOUZA SANTOS,Ordenador de Despesas,87.0,8249.0,4563.62,,"Pregão Eletrônico Registro de Preço para eventual aquisição de materiais e insumos de laboratório, para atender às necessidades do Serviço de Patologia Clínica do Hospital Naval de Recife (HNRe).","Avenida Cruz Cabuga, 1.200 - Santo Amaro/PE",25313,2020-02-17,2020-02-04,2020-02-04,2020-02-04,2021-01-22T09:21:43,False,legado
7001005000692019,7001005692019,0024542-97.2019  ,70010,5,PREGÃO,692019,Publicado,eletronico,Nacional,ELIANE RODRIGUES DE CARVALHO SILVA,Pregoeira,4.0,15323.5,55516.17,,"Pregão Eletrônico Contratação de emp resa para prestação do serviço telefônico fixo comutado (STFC), nas modalidades local e longa distância nacional intrarregional (Região I) e Inter-regional (Regiões II e III), e serviço te lefônico de Discagem Direta Gratuita DDG (08 00), pelo sistema de tarifação reversa, de acor do com as especificações constantes do Termo de Referência (ANEXO I) do Edital.","Av. Gov. Agamenon Magalhaes, 1.160 - 4º Andar - Sala 408 - Graças/PE",25313,2020-02-17,2020-02-04,2020-02-04,2020-02-04,2020-03-02T10:28:47,False,legado
16022505000202019,16022505202019,64361004328201905,160225,5,PREGÃO,202019,Publicado,eletronico,Nacional,LAERCIO DE ARZAMBUJA DA ROCHA,Ordenador de Despesas,5.0,13496.0,45.94,Para maiores informações: E mail: licitacao@baadmcurado.eb.mil.br fone: (81 ) 2129-6638,"Pregão Eletrônico Contratação do ser viço de lavanderia e serviços e higienização tê xtil, visando atender às necessidades da Base A dministrativa do Curado e das Organizações Mili tares integrantes do GCALC/7.",Avenida Professor Luiz Freire N° 198 - Várzea/PE,25313,2020-02-17,2020-02-04,2020-02-04,2020-02-04,2020-11-04T16:00:56,False,legado
39302905003262019,393029053262019,50604007011201916,393029,5,PREGÃO,3262019,Publicado,eletronico,Nacional,EDUARDO DA COSTA PEREIRA DE OLIVEIRA,Pregoeiro,14.0,1319050.8,1750402.08,,"Pregão Eletrônico Contratação de emp resa especializada na prestação de serviços con tínuos de vigilância armada, conforme condições , quantidades e exigências estabelecidas no edi tal e em seus anexos .","Av.antonio de Gois, 820 Bairro Pina - Recife - /PE",25313,2020-02-19,2020-02-05,2020-02-05,2020-02-05,2020-07-02T10:03:52,False,legado
13001605000012020,1300160512020,21002000078202036,130016,5,PREGÃO,12020,Publicado,eletronico,Nacional,JULIA BISPO PITTA INOJOSA,Pregoeira,1.0,,29300.0,,"Pregão Eletrônico Aquisição de kits HerdCheckBSE-Scrapie Antigen, conforme condiçõe s, quantidades e exigências estabelecidas no Te rmo de Referência.",Rua Dom Manoel de Medeiros S/n - Dois Irmaos - Dois Irmãos/PE,25313,2020-02-18,2020-02-06,2020-02-06,2020-02-06,2020-02-18T13:36:46,False,legado
15316505000062020,1531650562020,23082004977201795,153165,5,PREGÃO,62020,Publicado,eletronico,Nacional,ALEX SILVA DE SALES,Pregoeiro,1.0,393135.8,506508.67,,"Pregão Eletrônico O objeto da presen te licitação é a escolha da proposta mais vanta josa para a Contratação de empresa de engenhari a especializada para prestação de serviços de m anutenção preventiva e corretiva da coberta, fa chadas e divisórias do Centro de Apoio à Pesqui saCENAPESQ, conforme condições, quantidades e exigências estabelecidas neste Edital e seus anexos.",Rua Dom Manoel de Medeiros S/n - Dois Irmaos - /PE,25313,2020-02-18,2020-02-06,2020-02-06,2020-02-06,2020-06-10T09:37:49,False,legado
16017705000122019,16017705122019,64107006538201931,160177,5,PREGÃO,122019,Publicado,eletronico,Nacional,ULISSES DA SILVA BARALDO,Ordenador de Despesas,1.0,7680.0,6900.0,,"Pregão Eletrônico Prestação de servi ços de internet banda larga, visando atender ás necessidades da Operação Carro-pipa à cargo do 71º Batalhão de Infantaria Motorizado.","Rod Br 423, Km 94 - Heliópolis - /PE",24198,2020-02-18,2020-02-06,2020-02-06,2020-02-06,2020-12-09T12:13:53,False,legado
16022505000262019,16022505262019,64361005956201908,160225,5,PREGÃO,262019,Publicado,eletronico,Nacional,LAERCIO DE ARZAMBUJA DA ROCHA,Ordenador de Despesas,1.0,,116.56,Maiores Informações: (81) 2 129-6635,"Pregão Eletrônico Cessão de uso a tí tulo oneroso,de parcela do imóvel PE 0700026, m edindo 6m² (seis metros quadrados), no Campo de Instrução Marechal Newton Cavalcanti CIMNC, localizado na Estrada de Aldeia, PE 027, Km 3,5 , Paudalho-PE, para exercício de atividade de a poio de barbearia, com contraprestação pecuniár ia mensal.",Avenida Professor Luiz Freire N° 198 - Bairro Curado - Bairro Curado/PE,25313,2020-02-18,2020-02-06,2020-02-06,2020-02-06,2020-02-18T10:08:40,False,legado
78360205000022020,7836020522020,63133001921201912,783602,5,PREGÃO,22020,Publicado,eletronico,Nacional,ANDRE LUIZ DIAS SEDA,Ordenador de Despesas,72.0,630.0,7878.42,,Pregão Eletrônico Aquisição de Tinta s e Materiais de Pintura,"Av. Olinda Dom Helder Camara, S/n , Complexo Salgadinho - Olinda - /PE",24910,2020-02-19,2020-02-06,2020-02-06,2020-02-06,2020-12-22T10:35:18,False,legado
9000905000032020,900090532020,86292420194057500,90009,5,PREGÃO,32020,Publicado,eletronico,Nacional,MARCOS ANTONIO CABRAL DA SILVA,Pregoeiro,4.0,17600.0,479.89,,Pregão Eletrônico Registro de Preços para aquisição de serviços de emissão de certi ficados digitais e fornecimento de tokens,"Av. Recife, 6250. Jiquiá . Recife Pe - Jiquiá/PE",25313,2020-02-18,2020-02-06,2020-02-06,2020-02-06,2020-12-04T08:19:26,False,legado
20009005000052020,2000900552020,126000133/2020-76,200090,5,PREGÃO,52020,Publicado,eletronico,Nacional,SARA DANIELA SANTOS MAMEDE,Pregoeira,2.0,11150.24,11150.24,,"Pregão Eletrônico Contratação de emp resa especializada na prestação de Serviço Tele fônico Fixo ComutadoSTFC, nas modalidades lo cal fixo para fixo e fixo para móvel, com forne cimento de entroncamentos digitais bidirecionai s (E1)DDR em fibra óptica, para atender o Ed ifício-Sede da Procuradoria da República em Car uaru, localizado na Rua professor Luis Bezerra de Vasconcelos, s/n, bairro Universitário, em C aruaru/PECEP: 55014-838, assim como também o Edifício-Sede da Procuradoria da República Pol o Petrolina/Juazeiro, localizado na avenida pre sidente Tancredo Neves, n.º 101, bairro do Cent ro, em Petrolina/PECEP: 56304-190, conforme especificações (ANEXO I) e consoante as demais condições estatuídas no edital e seus anexos.","Av Governador Agamenon Magalhães, 1800 - Espinheiro - Espinheiro/PE",25313,2020-02-20,2020-02-07,2020-02-07,2020-02-07,2020-03-03T17:09:12,False,legado
11009605000042020,1100960542020,00587.001070/2019,110096,5,PREGÃO,42020,Publicado,eletronico,Nacional,SARAH LEANDRO VALENCA,Pregoeira,16.0,67681.32,1287191.64,"EDITAL E ANEXOS DISPONÍVEIS NO PORTAL DE COMPRAS GOVERNAMENTAIS, NO ENDERE ÇO ELETRÔNICO: www.comprasgovernamentais.gov.br .","Pregão Eletrônico Registro de Preços contratação de serviços, sob demanda, de manut enção predial preventiva e corretiva, nos siste mas, redes e instalações elétricas, telefônicas , lógicas, hidrossanitárias e de combate e prev enção a incêndios, nos sistemas de proteção de descargas atmosféricas (SPDA) existentes, bem c omo na reconstituição das partes civis afetadas para atender as necessidades da Advocacia Gera l da União situada nos estados de Alagoas, Mara nhão e Bahia","Avenida Herculano Bandeira, 716 - Pina/PE",25313,2020-02-20,2020-02-10,2020-02-10,2020-02-10,2020-12-09T15:51:01,False,legado
17005805000022020,1700580522020,19615720464201954,170058,5,PREGÃO,22020,Publicado,eletronico,Nacional,GABRIELA MOREIRA DE MELO E SILVA,Chefe da Dipol,23.0,152000.0,283302.96,,"Pregão Eletrônico Contratação de pes soa jurídica especializada para prestação de se rviços continuados de acesso dedicado à Interne t com velocidade no mínimo de 4Mbps (full duple x), com capacidade de tráfego ilimitado (sem pa cotes mensais e sem redução de velocidade) e co m sua respectiva instalação e habilitação, com modem ou switch fornecido pela empresa, utiliza ndo protocolo IP com endereço fixo, compatível, com VPN IP (IP-SEC)","Av. Alfredo Lisboa 1152, 2º Andar Cep:50030-150 - Recife/PE",25313,2020-03-13,2020-03-02,2020-03-02,2020-03-02,2020-04-15T14:46:53,False,legado
7001005000092020,700100592020,0035761-10.2019  ,70010,5,PREGÃO,92020,Publicado,eletronico,Nacional,WILLAMS DE LUCENA ALVES,Pregoeiro,1.0,81413.48,94192.05,,"Pregão Eletrônico Serviços continuad os de operação de áudio e manutenção dos equipa mentos de som do TRE/PE, com alocação de mão de obra vinculada à categoria de operador de áudi o, de acordo com as especificações constantes d o Termo de Referência (ANEXO I) do Edital.","Av. Gov. Agamenon Magalhaes, 1.160 - 4º Andar - Sala 408 - Graças/PE",25313,2020-03-16,2020-03-02,2020-03-02,2020-03-02,2020-04-29T15:44:50,False,legado
9003105000012020,900310512020,7133-05.2019.4.05,90031,5,PREGÃO,12020,Publicado,eletronico,Nacional,FRANCISCO REIS NOGUEIRA SOBRINHO,Pregoeiro,1.0,,3983149.92,"Não será permitida a subcon tratação, no todo ou em parte, do objeto deste certame licitatório.Em caso de divergência entr e as especificações deste objeto descritas no C omprasgovernamentais e as especificações técnic as constantes deste Edital, prevalecerão as últ imas.","Pregão Eletrônico Contratação de ser viços técnicos especializados, na área de tecno logia da informação, para planejamento, desenvo lvimento, implantação e execução continuada de atividades de suporte técnico remoto e presenci al para o TRF5 e Seções Judiciárias, abrangendo orientação e esclarecimento de dúvidas, recebi mento, registro, análise, diagnóstico, atendime nto de solicitações de clientes, resolução de p roblemas, implementação de serviços, migrações e transferência tecnológicas, execução de proce dimentos periódicos, controle e atualização de documentações e monitoramento do Ambiente de Re des e Banco de Dados.","Av. Cais do Apolo, S/n - Ed. Min. Djaci Falcao - Bairro do Recife - Bairro do Recife/PE",25313,2020-03-13,2020-03-02,2020-03-02,2020-03-02,2020-03-02T19:11:43,False,legado
15308005000072020,1530800572020,23076027190201942,153080,5,PREGÃO,72020,Publicado,eletronico,Nacional,RODRIGO DANNIEL DA SILVA ALEXANDRE,Coordenador de Licitações,214.0,3080.0,9319.26,Mais informações: (81) 2126 -8034,"Pregão Eletrônico Registro de preços para eventual aquisição de MATERIAL ODONTOLÓGI CO (resina, cera, cimento odontológico, filme r adiológico, entre outros) para atender as neces sidades do Curso de Odontologia, no campus Reci fe, da Universidade Federal de Pernambuco, conf orme condições e exigências estabelecidas neste Edital.","Av. da Arquitetura, S/n - Cidade Universitária/PE",25313,2020-03-17,2020-03-03,2020-03-03,2020-03-03,2020-12-14T14:02:53,False,legado
34400205000432019,34400205432019,000684/2019-88   ,344002,5,PREGÃO,432019,Publicado,eletronico,Nacional,MARIA BARROS GALLIZA GOMES,Diretora de Planejamento e Administração,1.0,100352.29,104653.56,,"Pregão Eletrônico Prestação de servi ços que utilize tecnologia de gestão e gerencia mento por sistema informatizado e integrado via web, em tempo real ou cartão magnético, permit indo a transmissão de dados e movimentação diár ia por software via internet para manutenção pr eventiva e corretiva de veículos, com fornecime nto, de peças, acessórios, componentes e materi ais originais recomendados pelo fabricante, de acordo com as caracteristicas de cada veículo.","Av. 17 de Agosto, 2187 - Casa_forte - Casa Forte/PE",25313,2020-03-13,2020-03-03,2020-03-03,2020-03-03,2020-08-28T12:09:21,False,legado
15308005000062020,1530800562020,23076021792201813,153080,5,PREGÃO,62020,Publicado,eletronico,Nacional,RODRIGO DANNIEL DA SILVA ALEXANDRE,Coordenador de Licitações,70.0,929.34,170053.29,Mais informações: (81) 2126 -7032,"Pregão Eletrônico REGISTRO DE PREÇOS para eventual aquisição de AR CONDICIONADO SPL IT INSTALADO (ar condicionado Split instalados e instalação de tubulação de cobre excedente), para atender as necessidades dos três campi da Universidade Federal de Pernambuco, conforme co ndições, quantidades e exigências estabelecidas no Edital.","Av.prof.moraes Rego,1235 - Cidade Universitaria - Recife - /PE",25313,2020-03-17,2020-03-03,2020-03-03,2020-03-03,2020-12-03T16:08:22,False,legado
15518005000442019,15518005442019,23542006844201951,155180,5,PREGÃO,442019,Publicado,eletronico,Nacional,LUCAS SOARES SOUZA,Pregoeiro,17.0,,141598.79,,"Pregão Eletrônico Aquisição de ferra mentas e equipamentos para o Setor de Infraestr utura Física: Alicate amperimetro, câmera termo visora, câmera fotográfica, trena eletrônica, w all scanner, escadas, bebedouros, entre outros.",Av Jose de Sá Maniçoba S/n Centro - /PE,25216,2020-03-16,2020-03-03,2020-03-03,2020-03-03,2020-10-30T13:40:16,False,legado
15502205000202020,15502205202020,23536000963201989,155022,5,PREGÃO,202020,Publicado,eletronico,Nacional,ALBERTO JOSE LOPES DE MENDONCA,Chefe Interino do Setor de Administração do Hc/ufpe - Ebserh,50.0,,4428.81,Mais informações: (81) 2126 -3939.,Pregão Eletrônico Eventual aquisição de Material para o Serviço Anatomia Patológic a destinados à realização de exames laboratoria is de Histopatológicos e Histoquímicos,Av. Professor Moraes Rego S/n - Cidade Universitária/PE,25313,2020-03-17,2020-03-03,2020-03-03,2020-03-03,2020-12-02T16:16:15,False,legado
15518005000472019,15518005472019,23542010515201912,155180,5,PREGÃO,472019,Publicado,eletronico,Nacional,LUCAS SOARES SOUZA,Pregoeiro,3.0,28600.0,385.12,,Pregão Eletrônico Serviço com dispon ibilização de pessoal devidamente habilitado e especializado e ainda equipamento próprio da co ntratada para produção integral de conteúdo aud iovisual e de imagem estática.,Av Jose de Sá Maniçoba S/n Centro - /PE,25216,2020-03-25,2020-03-04,2020-03-04,2020-03-04,2020-04-29T09:20:44,False,legado
13501205000012020,1350120512020,21198000777202036,135012,5,PREGÃO,12020,Publicado,eletronico,Nacional,PEDRO CARLOS GAMA DA SILVA,Chefe Geral,22.0,,4191.89,,Pregão Eletrônico Formação de Regist ro de Preços para a eventual aquisição de SEMEN TES e MUDAS para a Embrapa Semiárido,Br 428 Km 152 S/n Zona Rural Caixa Postal 023 - /PE,25216,2020-03-17,2020-03-05,2020-03-05,2020-03-05,2020-07-15T18:10:14,False,legado
12063205000072020,1206320572020,67437027034201919,120632,5,PREGÃO,72020,Publicado,eletronico,Nacional,MARCELO FERREIRA PASCOAL,Ordenador de Despesas Delegado,112.0,9450.0,15914.98,,"Pregão Eletrônico Registro de preços para eventual aquisição de MEDICAMENTOS, para atender as necessidades do Hospital de Aeronáut ica de Recife.",Av Armindo Moura - 500 - Boa Viagem/PE,25313,2020-03-18,2020-03-05,2020-03-05,2020-03-05,2020-12-18T14:24:50,False,legado
12063202000032020,1206320232020,67614052875201968,120632,2,TOMADA DE PREÇOS,32020,Publicado,presencial,Nacional,MARCELO FERREIRA PASCOAL,Ordenador de Despesas,1.0,,1885538.61,,Adequação e reforma do Hangar 002 do CI NDACTA III.,Av Armindo Moura - 500 - Boa Viagem - Boa Viagem/PE,25313,,2020-03-05,2020-03-24,2020-03-05,2020-12-02T15:13:00,False,legado
12063205000102020,12063205102020,67445004099201989,120632,5,PREGÃO,102020,Publicado,eletronico,Nacional,MARCELO FERREIRA PASCOAL,Ordenador de Despesas Delegado,1.0,149999.8,246200.04,,Pregão Eletrônico Contratação de emp resa especializada para a manutenção preventiva e corretiva de equipamentos odontológicos e ce ntral de esterilização da OARF.,Av Armindo Moura - 500 - Boa Viagem - Boa Viagem/PE,25313,2020-03-18,2020-03-05,2020-03-05,2020-03-05,2020-11-20T12:05:32,False,legado
39302905001012020,393029051012020,50604007192/19-72,393029,5,PREGÃO,1012020,Publicado,eletronico,Nacional,CACILDO DE MEDEIROS BRITO CAVALCANTE,Superintendente,1.0,24889573.05,35653502.07,,"Pregão Eletrônico Contratação de emp resa para execução de Serviços de Manutenção (C onservação/Recuperação) na Rodovia BR-104/PE, c om vistas a execução de Plano de Trabalho e Orç amentoP.A.T.O, Trecho: Div. PB/PE Div. PE/ AL, Subtrecho: Div. PB/PE Div. PE/AL, Segment o: km 0,0 ao km 146,9, Extensão: 146,9 km, sob a coordenação da Superintendência Regional DNIT /PE, segundo as condições, quantidades, exigênc ias e especificações estabelecidas no Termo de Referência, Anexo I.","Av.antonio de Gois, 820 Bairro Pina - Recife - /PE",25313,2020-04-14,2020-04-01,2020-04-01,2020-04-01,2020-06-01T15:57:52,False,legado
16020005000072020,1602000572020,64621001888202025,160200,5,PREGÃO,72020,Publicado,eletronico,Nacional,ANTONIO DOUGLAS NEVES SANTOS,Ordenador de Despesas,4.0,6532.5,204.33,,"Pregão Eletrônico Contratação de ser viço de reparação e manutenção da seção de apro visionamento, conforme condições, quantidades e exigências estabelecidas no Projeto Básico",Av. 17 de Agosto 784 - Casa Forte - /PE,25313,2020-04-14,2020-04-01,2020-04-01,2020-04-01,2020-04-29T11:11:37,False,legado
17005805000012020,1700580512020,19615720761201908,170058,5,PREGÃO,12020,Publicado,eletronico,Nacional,GABRIELA MOREIRA DE MELO E SILVA,Chefe da Dipol,2.0,456473.44,546908.0,,"Pregão Eletrônico Contratação de ser viços de engenharia, com dedicação exclusiva de mão de obra, a fim de assessorar a Seção de Ob ras e Engenharia (SAENG) da SRRF04, conforme co ndições, quantidades e exigências estabelecidas neste Edital e seus anexos.","Av. Alfredo Lisboa, 1152 - Recife/PE",25313,2020-04-15,2020-04-02,2020-04-02,2020-04-02,2020-06-19T11:30:04,False,legado
34300505000022020,3430050522020,01498001351201974,343005,5,PREGÃO,22020,Publicado,eletronico,Nacional,RENATA DUARTE BORBA,Superintendente do Iphan/pe,3.0,332918.45,523409.76,,"Pregão Eletrônico Contratação de pes soa jurídica para prestação de serviços continu ados de limpeza, asseio, conservação e copeirag em, mediante regime de empreitada por preço glo bal.","Av. Oliveira Lima, 824 - Boa Vista/PE",25313,2020-04-16,2020-04-02,2020-04-02,2020-04-02,2020-07-17T16:34:36,False,legado
8000605000422019,8000605422019,19.778/2019      ,80006,5,PREGÃO,422019,Publicado,eletronico,Nacional,FABIANO ANTONIO MARQUES GUEDES DA CRUZ FILHO,Pregoeiro,12.0,13870.33,18691.95,,"Pregão Eletrônico Aquisição de apare lhos e materiais para as Seções de Enfermagem, Fisioterapia e Odontologia do TRT6.","Cais do Apolo Nº 739, Bairro do Recife, Recife/pe. - /PE",25313,2020-04-22,2020-04-01,2020-04-01,2020-04-02,2020-06-02T19:42:02,False,legado
16019905000482019,16019905482019,64583002391202028,160199,5,PREGÃO,482019,Publicado,eletronico,Nacional,MARIA SANDRA ANDRADE,Ordenadora de Despesas,2.0,85500.0,240058.08,A descrição válida dos iten s é a mesma que consta no termo de referência.,"Pregão Eletrônico O objeto da presen te licitação é a escolha da proposta mais vanta josa para a contratação de serviços de empresa especializada na prestação dos serviços de loca ção de uma Central de Suprimento de Ar comprimi do com compressor e de uma central de Vácuo Clí nico, incluindo a instalação e montagem dos sis temas, bem como, a realização das manutenções p reventivas periódicas e corretivas.","Rua do Hospício, 563 - Boa Vista - Boa Vista/PE",25313,2020-04-14,2020-04-01,2020-04-01,2020-04-02,2020-06-10T14:44:26,False,legado
12063205000042020,1206320542020,67230028498201951,120632,5,PREGÃO,42020,Publicado,eletronico,Nacional,MARCELO FERREIRA PASCOAL,Ordenador de Despesas Delegado,5.0,1882910.67,3895526.4,,"Pregão Eletrônico Serviço de Limpeza , conservação, higienização e asseio para o Gru pamento de Apoio de Recife GAP-RF, Hotel de T rânsito dos Oficiais e Suboficiais e Sargentos, Seção de Subsistência do GAP-RF (SSUB), Hospit al de Aeronáutica de Recife HARF, Odontoclíni ca de Aeronáutica de RecifeOARF e Terceiro C entro Integrado De Defesa Aérea e Controle de T ráfego Aéreo CINDACTA III, Incluindo fornecim ento de todo material, bem como mão-de-obra esp ecializada",Av Armindo Moura - 500 - Boa Viagem - Boa Viagem/PE,25313,2020-04-14,2020-04-01,2020-04-01,2020-04-02,2020-12-21T13:54:15,False,legado
12063202000052020,1206320252020,67614054361201947,120632,2,TOMADA DE PREÇOS,52020,Publicado,presencial,Nacional,MARCELO FERREIRA PASCOAL,Ordenador de Despesas Delegado,1.0,,302949.96,,Reforma da sala técnica da Divisão Técn ica do CINDACTA III.,Av Armindo Moura - 500 - Boa Viagem - Boa Viagem/PE,25313,,2020-04-02,2020-04-22,2020-04-02,2020-09-16T14:05:25,False,legado
15308005000122020,15308005122020,23076.046409/2019,153080,5,PREGÃO,122020,Publicado,eletronico,Nacional,RODRIGO DANNIEL DA SILVA ALEXANDRE,Coordenador de Licitações,6.0,22464.0,41.13,,"Pregão Eletrônico REGISTRAR PREÇO, a través de PREGÃO ELETRÔNICO, tipo MENOR PREÇO P OR ITEM, para eventual aquisição de MARAVALHA E RAÇÃO, para atender as necessidades da Univers idade Federal de Pernambuco, conforme condições , quantidades e exigências estabelecidas neste instrumento.","Av.prof.moraes Rego,1235 - Cidade Universitaria - Recife - /PE",25313,2020-04-20,2020-04-02,2020-04-02,2020-04-02,2020-11-12T16:50:42,False,legado
20011305000022020,2001130522020,08654001939202061,200113,5,PREGÃO,22020,Publicado,eletronico,Nacional,DIOGO ARMANDO REGO DUARTE,Chefe do Núcleo de Gestão Administrativa e Contratações Públicas,6.0,32447.0,45812.0,,"Pregão Eletrônico Aquisição de água mineral, sob demanda, classificada segundo o có digo das Águas Minerais como mineral potável de mesa, natural, sem gás, acondicionada em garra fões de 20L (vinte litros) para a SPRF-PE e sua s Delegacias.","Av. Antonio de Goes, 820 - Pina - Pina/PE",25313,2020-04-14,2020-04-01,2020-04-01,2020-04-02,2020-09-08T14:57:58,False,legado
20020705000032020,2002070532020,1.05.0098/202015 ,200207,5,PREGÃO,32020,Publicado,eletronico,Nacional,RACHEL RODRIGUES WANDERLEY,Pregoeira,1.0,103736.97,111606.89,,"Pregão Eletrônico Contratação de emp resa especializada para substituição das placas em Material de Alumínio Composto (ACM) da fach ada, inclusive estrutura destas, revisão e manu tenção da marquise e substituição do letreiro d a fachada, localizados na entrada do prédio-sed e da Procuradoria Regional da República da 5ª R egião, localizada na Avenida Frei Matias Téves, 65Ilha do Leite, Recife-PE, conforme condiç ões estatuídas neste Edital e seus anexos.","Rua Frei Matias Teves, Nº 65 - Ilha do Leite/PE",25313,2020-04-20,2020-04-03,2020-04-03,2020-04-03,2020-04-24T14:16:27,False,legado
25501705000012020,2550170512020,25225000061202015,255017,5,PREGÃO,12020,Publicado,eletronico,Nacional,MARCELO CAVALCANTI DE MENDONCA E SILVA,Pregoeiro,1.0,784100.0,970233.28,,"Pregão Eletrônico O objeto da presen te licitação é a escolha da proposta mais vanta josa para a contratação de serviços de Vigilânc ia Armada em atendimento a demanda da Seção de Logística da Superintendência Estadual no Estad o de Pernambuco, conforme condições, quantidade s e exigências estabelecidas neste Edital e seu s anexos.","Av.conselheiro Rosa e Silva Nr 1489, Bairro Aflitos - Aflitos/PE",25313,2020-04-16,2020-04-03,2020-04-03,2020-04-03,2020-05-15T12:56:35,False,legado
16019805000042020,1601980542020,64453001255202004,160198,5,PREGÃO,42020,Publicado,eletronico,Nacional,HELIO DIAS DE ARAUJO,Ordenador de Despesas,104.0,15490.0,296395.42,,Pregão Eletrônico Eventual aquisição de material permanente para atender as necessi dades do 7º Depósito de Suprimentos.,Rua General Estilac Leal Nº 439 - Cabanga - Recife - Cabanga/PE,25313,2020-04-16,2020-04-03,2020-04-03,2020-04-03,2020-12-29T09:01:23,False,legado
12063202000042020,1206320242020,67437029577201962,120632,2,TOMADA DE PREÇOS,42020,Publicado,presencial,Nacional,MARCELO FERREIRA PASCOAL,Ordenador de Despesas Substituto,1.0,,761920.43,,Recuperação das Cobertas dos Prédios do Hospital de Aeronáutica de Recife.,Av Armindo Moura - 500 - Boa Viagem - Boa Viagem/PE,25313,,2020-04-03,2020-04-23,2020-04-03,2020-04-13T15:59:15,False,legado
25704705000082020,2570470582020,25059000493201951,257047,5,PREGÃO,82020,Publicado,eletronico,Nacional,ANTONIO DE CARVALHO SA,Agente de Saúde Pública,16.0,,174737.41,,"Pregão Eletrônico Contratação de emp resa concessionária ou autorizada pela ANATEL p ara prestação de serviços continuados de telefo nia fixa comutada (STFC) local e nacional, tráf egos fixo fixo e fixomóvel e linhas direta s",Av. Norte Miguel Arraes de Alencar - Macaxeira/PE,25313,2020-04-16,2020-04-03,2020-04-03,2020-04-03,2020-04-16T09:01:50,False,legado
8000605000072020,800060572020,20.150/2019      ,80006,5,PREGÃO,72020,Publicado,eletronico,Nacional,FABIANO ANTONIO MARQUES GUEDES DA CRUZ FILHO,Pregoeiro,1.0,,12.62,,Pregão Eletrônico REGISTRO DE PREÇOS produção de revistas para divulgação de info rmações oficiais do TRT6.,"Cais do Apolo Nº 739, Bairro do Recife, Recife/pe. - /PE",25313,2020-04-24,2020-04-03,2020-04-03,2020-04-03,2020-04-02T12:09:12,False,legado
15308005000142020,15308005142020,23076012735201835,153080,5,PREGÃO,142020,Publicado,eletronico,Nacional,RODRIGO DANNIEL DA SILVA ALEXANDRE,Coordenador de Licitações,30.0,,324096.49,Mais informações: 2126-8034,Pregão Eletrônico Registro de Preços para eventual aquisição de Desktops e Notebook s.,"Av. da Arquitetura, S/n - Cidade Universitária/PE",25313,2020-04-17,2020-04-06,2020-04-06,2020-04-06,2020-04-16T11:46:31,False,legado
20039805000012020,2003980512020,08400009770201935,200398,5,PREGÃO,12020,Publicado,eletronico,Nacional,JULIANA SILVA DA CUNHA CAVALCANTI,Pregoeira,2.0,501085.49,616085.49,,"Pregão Eletrônico Contratação de ser viço de manutenção (preventiva e corretiva) das embarcações, pertencentes à Superintendência R egional de Polícia Federal em Pernambuco, com f ornecimento de peças descritas no Edital e anex os.","Avenida Cais do Apolo, 321 - Recife Antigo - Bairro do Recife/PE",25313,2020-04-17,2020-04-06,2020-04-06,2020-04-06,2020-06-26T18:22:29,False,legado
15502205000382020,15502205382020,23536013993201955,155022,5,PREGÃO,382020,Publicado,eletronico,Nacional,ALBERTO JOSE LOPES DE MENDONCA,Chefe do Setor de Administração do Hc/ufpe - Ebserh,59.0,7200.0,8673.08,Mais informações: (81) 2126 -3939.,Pregão Eletrônico Registro de preços visando a eventual aquisição de Alimentos Diet éticos para o Hospital das Clínicas de Pernambu co.,Av. Professor Moraes Rego S/n - Cidade Universitária/PE,25313,2020-04-24,2020-04-06,2020-04-06,2020-04-06,2020-12-31T14:06:15,False,legado
92617105000112020,92617105112020,25800.007254/2019,926171,5,PREGÃO,112020,Publicado,eletronico,Nacional,MIRELLA MUZZI DE LIMA,Pregoeira,1.0,,26230.8,"Demais especificações const am no Termo de Referência, anexo I do edital.","Pregão Eletrônico Contratação de emp resa especializada em serviços de inspeção de l uminárias de emergência, inspeção e manutenção e testes em extintores, mangueiras e componente s de combate a incêndio, localizados na unidade fabril da HEMOBRÁS.","Rua Professor Aloísio Pessoa de Araújo, Nº 75, Edifício Boa Viagem Corporate, 8º e 9 - Boa Viagem/PE",25313,2020-04-22,2020-04-06,2020-04-06,2020-04-06,2020-05-04T16:27:45,False,legado
15502205000332020,15502205332020,23536017510201991,155022,5,PREGÃO,332020,Publicado,eletronico,Nacional,ALBERTO JOSE LOPES DE MENDONCA,Chefe do Setor de Administração do Hc/ufpe - Ebserh,39.0,,15193.58,Mais informações: (81) 2126 -3939.,"Pregão Eletrônico Registro de preços visando a eventual aquisição de Material Médic o Hospitalar Cera para osso, Cola Biológica e Fios de Sutura para o Hospital das Clínicas de Pernambuco, Filial Ebserh.",Av. Professor Moraes Rego S/n - Cidade Universitária/PE,25313,2020-04-20,2020-04-06,2020-04-06,2020-04-06,2020-12-31T13:40:04,False,legado
15502205000342020,15502205342020,23536010076201919,155022,5,PREGÃO,342020,Publicado,eletronico,Nacional,ALBERTO JOSE LOPES DE MENDONCA,Chefe do Setor de Administração do Hc/ufpe - Ebserh,19.0,83700.0,52126.71,Mais informações: (81) 2126 -3939.,Pregão Eletrônico Registro de preços visando a eventual aquisição de Medicamentos B iológicos para o Hospital das Clínicas de Perna mbuco,Av. Professor Moraes Rego S/n - Cidade Universitária/PE,25313,2020-04-20,2020-04-06,2020-04-06,2020-04-06,2020-12-31T12:51:19,False,legado
15502205000352020,15502205352020,23536001696202009,155022,5,PREGÃO,352020,Publicado,eletronico,Nacional,ALBERTO JOSE LOPES DE MENDONCA,Chefe do Setor de Administração do Hc/ufpe - Ebserh,9.0,2160.0,1338.35,Mais informações: (81) 2126 -3939.,Pregão Eletrônico Registro de preços visando a eventual aquisição de Papel Grau Cir úrgico com cessão de equipamentos em regime de comodato para o Hospital das Clínicas de Pernam buco Filial Ebserh.,Av. Professor Moraes Rego S/n - Cidade Universitária/PE,25313,2020-04-22,2020-04-06,2020-04-06,2020-04-06,2020-11-18T15:54:14,False,legado
15518005000372019,15518005372019,23542006964201958,155180,5,PREGÃO,372019,Publicado,eletronico,Nacional,LUCAS SOARES SOUZA,Agente de Licitação,1.0,3199961.4,4122110.08,,"Pregão Eletrônico Prestação de servi ços continuados de conservação, desinfecção, li mpeza hospitalar com fornecimento de equipament os, mão de obra e materiais para suprir as nece ssidades de higienização de ambientes administr ativos e médico-hospitalar.",Av Jose de Sá Maniçoba S/n Centro - /PE,25216,2020-05-25,2020-05-04,2020-05-04,2020-05-04,2020-12-09T14:57:20,False,legado
78360202000022020,7836020222020,63133000398202041,783602,2,TOMADA DE PREÇOS,22020,Publicado,presencial,Nacional,ANDRE LUIZ DIAS SEDA,Ordenador de Despesas,1.0,,182022.66,,Obra de Recuperação Estrutural da Répli ca do Navio de Instrução da Escola de Aprendize s-Marinheiros de Pernambuco EAMPE,"Av. Olinda Dom Helder Camara, S/n , Complexo Salgadinho - Olinda - /PE",24910,,2020-05-04,2020-05-20,2020-05-04,2020-08-20T16:43:56,False,legado
13501205000022020,1350120522020,21198004119201980,135012,5,PREGÃO,22020,Publicado,eletronico,Nacional,PEDRO CARLOS GAMA DA SILVA,Chefe Geral,2.0,891000.0,900000.0,,"Pregão Eletrônico Contratação de emp resa especializada na prestação de serviços de gerenciamento de frota de veículos, tratores e implementos agrícolas, por meio de sistema web informatizado e tecnologia de pagamento por car tão magnético, executados em rede de estabeleci mentos credenciadas com vistas a atender as nec essidades da Embrapa Semiárido.",Br 428 Km 152 S/n Zona Rural Caixa Postal 023 - /PE,25216,2020-05-14,2020-05-04,2020-05-04,2020-05-04,2020-06-15T13:31:52,False,legado
34300505000032020,3430050532020,01498000294202040,343005,5,PREGÃO,32020,Publicado,eletronico,Nacional,CAROLINE DE BRANCO RODRIGUES PESSOA,Pregoeira,1.0,573000.0,535741.5,,"Pregão Eletrônico A escolha da propo sta mais vantajosa para a contratação da presta ção de serviços continuados de Apoio Administra tivo, mediante regime de empreitada por preço g lobal, a serem executados no âmbito da Superint endência do IPHAN em Pernambuco, conforme condi ções, quantidades e exigências estabelecidas no Edital e seus anexos.","Rua Oliveira Lima,824 - Boa Vista/PE",25313,2020-05-15,2020-05-04,2020-05-04,2020-05-04,2020-07-17T15:53:49,False,legado
15518005000082020,1551800582020,23542002359202041,155180,5,PREGÃO,82020,Publicado,eletronico,Nacional,LUCAS SOARES SOUZA,Agente de Licitação,1.0,5343794.4,5362817.4,,"Pregão Eletrônico Prestação de Servi ços Contínuos de Nutrição e Alimentação Hospita lar com dedicação de mão de obra exclusiva, vis ando o fornecimento de dietas gerais e dietas e speciais destinadas a pacientes, acompanhantes resguardados por lei, funcionários (vínculos nã o EBSERH) e residentes.",Av Jose de Sá Maniçoba S/n Centro - /PE,25216,2020-05-26,2020-05-05,2020-05-05,2020-05-05,2020-09-11T15:39:44,False,legado
20009005000092020,2000900592020,126001179/2020-11,200090,5,PREGÃO,92020,Publicado,eletronico,Nacional,SARA DANIELA SANTOS MAMEDE,Pregoeira,1.0,,885.0,,"Pregão Eletrônico Contratação de emp resa especializada para prestação de serviços d e manutenção e assistência técnica, preventiva e corretiva, em 01 elevador marca Atlas Schin dler, com fornecimento e substituição de peças e componentes novos e originais, sem ônus para a contratante, para o perfeito funcionamento do equipamento instalado na Procuradoria da Repúb lica Polo Petrolina/Juazeiro, conforme especifi cações (ANEXO I) e consoante as demais condiçõe s estatuídas no edital e seus anexos.","Av Governador Agamenon Magalhães, 1800 - Espinheiro - Espinheiro/PE",25313,2020-05-18,2020-05-05,2020-05-05,2020-05-05,2020-05-27T09:21:07,False,legado
34400205000032020,3440020532020,000912/2019-10   ,344002,5,PREGÃO,32020,Publicado,eletronico,Nacional,ALLAN JONES FARIAS DE ARAUJO,Diretor de Planejamento e Administração,47.0,,15059.69,,"Pregão Eletrônico O objeto da presen te licitação é a contratação de empresa especia lizada para fornecer os materiais de manutenção predial para a Fundação Joaquim Nabuco, confor me condições, quantidades e exigências estabele cidas neste Edital e seus anexos.","Av. 17 de Agosto, 2187 - Casa_forte - Casa Forte/PE",25313,2020-05-25,2020-05-05,2020-05-05,2020-05-05,2020-05-21T12:30:51,False,legado
15308005000162020,15308005162020,23076.038615/2018,153080,5,PREGÃO,162020,Publicado,eletronico,Nacional,RODRIGO DANNIEL DA SILVA ALEXANDRE,Coordenador de Licitações,1.0,,182700.0,,"Pregão Eletrônico Contratação de emp resa especializada na prestação de serviços de coleta, transporte, descontaminação (tratamento ), reciclagem e destinação final de lâmpadas in servíveis do tipo fluorescente tubulares ou não , luz mista, vapor de mercúrio, vapor de sódio e outras usadas e/ou queimadas descartadas no c ampus Recife da UFPE","Av.prof.moraes Rego,1235 - Cidade Universitaria - Recife - Cidade Universitária/PE",25313,2020-05-20,2020-05-05,2020-05-05,2020-05-05,2021-02-02T10:34:28,False,legado
16018505000022020,1601850522020,64132006966202090,160185,5,PREGÃO,22020,Publicado,eletronico,Nacional,WILSON DA ROSA CAMPOS,Ordenador de Despesas do 14 b Log,74.0,100825.0,4902.24,,Pregão Eletrônico Contratação de emp resa especializada para prestação de serviço me cânico com aplicação de peças para atender as d emandas do 14º Batalhão Logístico e demais Orga nizações Militares participantes do GCALC/7ª RM .,"Rua São Miguel, Nr 898 - Afogados - /PE",25313,2020-05-15,2020-05-05,2020-05-05,2020-05-05,2021-08-06T12:47:25,False,legado
20020705000052020,2002070552020,1.05.0105/2020-89,200207,5,PREGÃO,52020,Publicado,eletronico,Nacional,RACHEL RODRIGUES WANDERLEY,Pregoeira,1.0,9209.73,10444.4,,"Pregão Eletrônico Contratação de emp resa especializada na prestação de serviços con tinuados de manutenção predial (preventiva e co rretiva) e pequenas adaptações (como mudança de layout dos ambiente), com fornecimento das fer ramentas e insumos necessários à execução dos s erviços.","Rua Frei Matias Teves, Nº 65 - Ilha do Leite/PE",25313,2020-05-15,2020-05-05,2020-05-05,2020-05-05,2020-05-22T13:54:10,False,legado
12063205000172020,12063205172020,67230002970202069,120632,5,PREGÃO,172020,Publicado,eletronico,Nacional,MARCELO FERREIRA PASCOAL,Ordenador de Despesas Delegado,37.0,,990.33,,"Pregão Eletrônico Aquisição de mater ial médico-hospitalar para proteção individual (máscara, luva, óculos de proteção, avental cap ote), para fins de enfrentamento da emergência de saúde pública de importância internacional d ecorrente do novo coronavírus, causador da COVI D-19.",Av Armindo Moura - 500 - Boa Viagem - Boa Viagem/PE,25313,2020-05-12,2020-05-05,2020-05-05,2020-05-05,2021-02-23T16:25:25,False,legado
9003105000052020,900310552020,0002230-87.2020  ,90031,5,PREGÃO,52020,Publicado,eletronico,Nacional,MARCELO NOBRE TAVARES,Pregoeiro,1.0,,892255.32,,"Pregão Eletrônico Contratação de emp resa para prestação de serviços continuados de manutenção predial, com regime de dedicação exc lusiva de mão de obra (pedreiros, pintores, enc anadores e auxiliares de pedreiro, pintor, enca nador, eletricista e auxiliares práticos de mar cenaria) e respectivos fardamentos e EPI s, a s erem executados no âmbito do Tribunal Regional Federal da 5ª Região.","Av. Cais do Apolo, S/n, Ed. Min. Djaci Falcao - Bairro do Recife - /PE",25313,2020-05-18,2020-05-06,2020-05-06,2020-05-06,2020-05-22T14:35:47,False,legado
13501205000032020,1350120532020,21198000300202051,135012,5,PREGÃO,32020,Publicado,eletronico,Nacional,PEDRO CARLOS GAMA DA SILVA,Chefe Geral,2.0,79688.0,92021.0,,Pregão Eletrônico Contratação do Ser viço de Máquinas para atividades agrícolas.,Br 428 Km 152 S/n Zona Rural Caixa Postal 023 - /PE,25216,2020-05-18,2020-05-06,2020-05-06,2020-05-06,2020-05-19T17:47:52,False,legado
20011305000042020,2001130542020,08654000152202081,200113,5,PREGÃO,42020,Publicado,eletronico,Nacional,LEANDRO RICARDO DEUD SALOMAO RAMEH,Pregoeiro Regional,1.0,40080.0,40320.0,Pregão exclusivo para Micro Empresa e Empresa de Pequeno Porte.,"Pregão Eletrônico Escolha da propost a mais vantajosa para a contratação de serviços de atendimento veterinário e hospitalar para 0 4 (quatro) cães farejadores da SPRF/PE, com for necimento de materiais, de acordo com as normas regulamentadoras expedidas pelo Conselho Nacio nal de Medicina Veterinária, conforme condições , quantidades e exigências estabelecidas no Edi tal e seus anexos.","Av. Antonio de Goes, 820 - Pina/PE",25313,2020-05-20,2020-05-06,2020-05-06,2020-05-06,2020-06-30T13:10:51,False,legado
9003105000062020,900310562020,0013042-28.2019  ,90031,5,PREGÃO,62020,Publicado,eletronico,Nacional,MARCELO NOBRE TAVARES,Pregoeiro,2.0,,46424.69,"Deverão ser atendidas as es pecificações técnicas contidas no Anexo I Ter mo de Referencia, independentemente das especif icações cadastradas no comprasnet, face as limi tações deste cadastro.",Pregão Eletrônico Aquisição de placa s eletrônicas do Sistema de Refrigeração do pré dio da Ampliação do Tribunal Regional Federal d a 5ª Região.,"Av. Cais do Apolo, S/n, Ed. Min. Djaci Falcao - Bairro do Recife - /PE",25313,2020-05-20,2020-05-06,2020-05-06,2020-05-06,2020-05-05T14:52:36,False,legado
34400205000082020,3440020582020,0000769/2019-66  ,344002,5,PREGÃO,82020,Publicado,eletronico,Nacional,ALLAN JONES FARIAS DE ARAUJO,Diretor de Planejamento e Administração,1.0,759535.0,896727.01,"Modo de disputa ABERTO, con forme disposto nos Arts. 31, I e 32, §s 1º, 2º e 3º do Decreto nº10.024/2019","Pregão Eletrônico A licitação será r ealizada sob o regime de empreitada por preço g lobal para execução da reforma do 1º andar do M useu do Homem do Nordeste e adaptação das insta lações de incêndio do terreno nº 2223, em edifi cações localizadas na Avenida Dezessete de Agos to nº 2223, Casa Forte, Recife/PE, pertencentes à Fundação Joaquim Nabuco, conforme condições, quantidades e exigências estabelecidas nesse i nstrumento.","Av. 17 de Agosto, 2187 - Casa_forte - Casa Forte/PE",25313,2020-05-27,2020-05-07,2020-05-07,2020-05-07,2020-07-08T11:25:44,False,legado
15814905000022020,1581490522020,23600001272201981,158149,5,PREGÃO,22020,Publicado,eletronico,Nacional,SILVANIO ANTONIO DE CARVALHO,Pregoeiro,56.0,5279.11,9420.78,,"Pregão Eletrônico Registro de Preços para eventual aquisição de Materiais e Equipam entos de Telecomunicações para atender as neces sidades de todas as unidades do Instituto Feder al do Sertão PernambucanoIF Sertão-PE, confo rme condições, quantidades e exigências estabel ecidas neste Edital e seus anexos.","Rua Aristarco Lopes,nº 240- Centro - Centro/PE",25216,2020-05-19,2020-05-07,2020-05-07,2020-05-07,2020-12-31T14:13:12,False,legado
25704705000182020,25704705182020,25059000617202032,257047,5,PREGÃO,182020,Publicado,eletronico,Nacional,ANTONIO DE CARVALHO SA,Agente de Saúde Pública,10.0,,3901.02,,"Pregão Eletrônico Aquisição de mater iais para atender a necessidade administrativa, e do almoxarifado do Distrito Sanitário Especi al Indígena de Pernambuco.",Av. Norte Miguel Arraes de Alencar - Macaxeira/PE,25313,2020-06-15,2020-06-01,2020-06-01,2020-06-01,2020-06-19T08:45:08,False,legado
16019805000062020,1601980562020,64453002420202037,160198,5,PREGÃO,62020,Publicado,eletronico,Nacional,HELIO DIAS DE ARAUJO,Ordenador de Despesas,4.0,11963.04,13943.04,,"Pregão Eletrônico Escolha da propost a mais vantajosa para a Cessão de Uso, a título oneroso, de partes do imóvel PE 07-0132, perte ncentes ao 7º D Sup, com vigência contratual in icial de 12 (doze) meses.",Rua General Estilac Leal Nº 439 - Cabanga - Recife - Cabanga/PE,25313,2020-06-15,2020-06-01,2020-06-01,2020-06-01,2020-07-07T16:11:10,False,legado
15502205000612020,15502205612020,23536018097201982,155022,5,PREGÃO,612020,Publicado,eletronico,Nacional,ALBERTO JOSE LOPES DE MENDONCA,Chefe do Setor de Administração do Hc/ufpe - Ebserh,5.0,,5667.7,Mais informações: (81) 2126 -3939.,Pregão Eletrônico Registro de preços visando a eventual aquisição de Material Médic o Hospitalar Cardiologia intervencionista em sistema de consignação para o Hospital das Clín icas de Pernambuco Filial Ebserh.,Av. Professor Moraes Rego S/n - Cidade Universitária/PE,25313,2020-06-16,2020-06-02,2020-06-02,2020-06-02,2020-12-21T13:12:25,False,legado
15502205000622020,15502205622020,23536021995201918,155022,5,PREGÃO,622020,Publicado,eletronico,Nacional,ALBERTO JOSE LOPES DE MENDONCA,Chefe do Setor de Administração do Hc/ufpe - Ebserh,29.0,15600.0,51190.78,Mais informações: (81) 2126 -3939.,"Pregão Eletrônico Registro de preços visando a eventual aquisição de Materiais Card iovasculares (Conjunto de Circulação Extracorpó rea, Marca-passo, Eletrodos, Kit Introdutor, e Outros), com cessão de equipamentos e acessóri os, em regime de Comodato, para o Hospital das Clínicas de Pernambuco Filial EBSERH.",Av. Professor Moraes Rego S/n - Cidade Universitária/PE,25313,2020-06-16,2020-06-02,2020-06-02,2020-06-02,2020-12-31T15:36:44,False,legado
16020005000092020,1602000592020,64621001020202025,160200,5,PREGÃO,92020,Publicado,eletronico,Nacional,ANTONIO DOUGLAS NEVES SANTOS,Ordenador de Despesas,1.0,116398.0,166397.71,,"Pregão Eletrônico Contratação de ser viços comuns de engenharia, de forma não contin uada, com fornecimento de peças, equipamentos, materiais e mão-de-obra, para atender as necess idades do parque regional de manutenção 7, com serviços de conservação e reparação da seção de suprimento da operação pipa.",Av. 17 de Agosto 784 - Casa Forte - /PE,25313,2020-06-15,2020-06-02,2020-06-02,2020-06-02,2020-06-22T15:51:53,False,legado
15502205000652020,15502205652020,23536004072202035,155022,5,PREGÃO,652020,Publicado,eletronico,Nacional,ALBERTO JOSE LOPES DE MENDONCA,Chefe do Setor de Administração do Hc/ufpe - Ebserh,1.0,37923.68,30419.92,Mais informações: (81) 2126 -3939.,"Pregão Eletrônico Registro de preços visando a eventual aquisição de Material Radio fármacoRadiofármacoRadioisótopo Fonte R adiativa de Germano 68para PET-CT GE-710, pa ra atender ao Hospital das Clínicas de Pernambu co",Av. Professor Moraes Rego S/n - Cidade Universitária/PE,25313,2020-06-17,2020-06-03,2020-06-03,2020-06-03,2020-09-08T08:29:16,False,legado
15518005000132020,15518005132020,23542.004142/2020,155180,5,PREGÃO,132020,Publicado,eletronico,Nacional,SAULO ALVES DAVID,Agente de Licitação,24.0,7500.0,99796.94,,Pregão Eletrônico Aquisição de equip amentos de tecnologia da informação (TI) para a tendimento de demandas do Hospital Universitári o da Universidade Federal do Vale do São Franci scoHU-UNIVASF.,Av Jose de Sá Maniçoba S/n Centro - /PE,25216,2020-06-16,2020-06-03,2020-06-03,2020-06-03,2020-12-11T17:42:08,False,legado
16019405000042020,1601940542020,64318047173202052,160194,5,PREGÃO,42020,Publicado,eletronico,Nacional,BRUNO CEZAR ESTOLANO DA SILVA,Ordenador de Despesas,7.0,9510.0,14104.7,,Pregão Eletrônico Contratação de ser viços funerários especializados (traslado de co rpos).,"Av. Visconde de Sao Leopoldo, 198 - Engenho do Meio - Várzea/PE",25313,2020-06-16,2020-06-03,2020-06-03,2020-06-03,2020-07-01T10:10:06,False,legado
7001005000192020,7001005192020,0001514-66.2020  ,70010,5,PREGÃO,192020,Publicado,eletronico,Nacional,WILLAMS DE LUCENA ALVES,Pregoeiro,6.0,72841.32,87008.64,,"Pregão Eletrônico Aquisição de apare lhos e equipamentos de ComunicaçãoSmartphone s, de acordo com as especificações técnicas e a s condições constantes do Termo de Referência ( ANEXO ÚNICO) do Edital.","Av. Gov. Agamenon Magalhaes, 1.160 - 4º Andar - Sala 408 - Graças/PE",25313,2020-06-18,2020-06-03,2020-06-03,2020-06-03,2020-07-17T12:46:29,False,legado
20009105000032020,2000910532020,6000000429/202005,200091,5,PREGÃO,32020,Publicado,eletronico,Nacional,ANA CAROLINA LIMA VIEIRA,Procuradora-chefe,6.0,,1675.98,,"Pregão Eletrônico Aquisição de lixei ras/cestos, para atender às necessidades da Pro curadoria Regional do Trabalho da 6ª Região.","Rua Conselheiro Portela, Nº 531 - Espinheiro/PE",25313,2020-06-16,2020-06-03,2020-06-03,2020-06-03,2020-06-02T14:25:08,False,legado
92617105000162020,92617105162020,25800.001176/2019,926171,5,PREGÃO,162020,Publicado,eletronico,Nacional,SAULO BANDEIRA DURVAL,Pregoeiro,1.0,,171041.0,As especificações técnicas que prevalecem são as do Termo de Referência em detrimento àquelas da raiz do sistema comprasn et.,"Pregão Eletrônico Aquisição de 20 (v inte) notebooks, novos e de primeiro uso, confo rme condições, quantidades e exigências estabel ecidas no Anexo I do Edital (Termo de Referênci a), que prevalecem em detrimento as especificaç ões contidas no descritivo do item na raiz do s istema comprasnet.","Rua Professor Aloísio Pessoa de Araújo, Nº 75, Edifício Boa Viagem Corporate, 8º e 9 - Boa Viagem/PE",25313,2020-06-16,2020-06-03,2020-06-03,2020-06-03,2020-08-05T10:39:14,False,legado
15502205000632020,15502205632020,23536001052201979,155022,5,PREGÃO,632020,Publicado,eletronico,Nacional,ALBERTO JOSE LOPES DE MENDONCA,Chefe do Setor de Administração do Hc/ufpe - Ebserh,19.0,,71568.46,Mais informações: (81) 2126 -3939.,Pregão Eletrônico Registro de preços visando a eventual aquisição de Instrumentais Cirúrgicos II para o Hospital das Clínicas de P ernambuco,Av. Professor Moraes Rego S/n - Cidade Universitária/PE,25313,2020-06-17,2020-06-03,2020-06-03,2020-06-03,2020-12-16T21:08:16,False,legado
12063205000202020,12063205202020,67437030082201986,120632,5,PREGÃO,202020,Publicado,eletronico,Nacional,MARCELO FERREIRA PASCOAL,Ordenador de Despesas Delegado,31.0,840.0,1315.42,,"Pregão Eletrônico Registro de preços para aquisição de FIOS CIRÚRGICOS, para atende r as necessidades do HOSPITAL DE AERONÁUTICA DE RECIFE.",Av Armindo Moura - 500 - Boa Viagem/PE,25313,2020-06-16,2020-06-03,2020-06-03,2020-06-03,2021-08-18T15:38:38,False,legado
16019905000542019,16019905542019,6458302086201918 ,160199,5,PREGÃO,542019,Publicado,eletronico,Nacional,MARIA SANDRA ANDRADE,Ordenadora de Despesas,38.0,,486.16,A descrição válida dos iten s é a mesma que consta no termo de referência.,"Pregão Eletrônico Aquisição de insum os laboratoriais com disponibilização de equipa mento de automação através de comodato, visando atender às necessidades do Laboratório de Anál ises Clínicas no setor de IMUNOLOGIA.","Rua do Hospício, 563 - Boa Vista - Boa Vista/PE",25313,2020-06-16,2020-06-03,2020-06-03,2020-06-03,2020-10-23T12:05:20,False,legado
9000905000112020,9000905112020,16779220204057500,90009,5,PREGÃO,112020,Publicado,eletronico,Nacional,MARCOS ANTONIO CABRAL DA SILVA,Pregoeiro,1.0,,10.29,,Pregão Eletrônico Registro de Preços para aquisição de Monoetilenoglicol,"Av. Recife, 6250. Jiquiá . Recife Pe - Jiquiá/PE",25313,2020-06-17,2020-06-03,2020-06-03,2020-06-03,2020-06-17T14:00:19,False,legado
15308005000172020,15308005172020,23076052520201776,153080,5,PREGÃO,172020,Publicado,eletronico,Nacional,RODRIGO DANNIEL DA SILVA ALEXANDRE,Coordenador de Licitações,1.0,91812.0,165000.0,Mais informações: (81) 2126 -8034 / 7032,"Pregão Eletrônico Contratação de emp resa especializada para prestação de serviço de limpeza através de sucção de dejetos das fossa s sépticas das unidades acadêmicas e administra tivas do Campus Recife, exceto hospital das clí nicas, da Universidade Federal de Pernambuco.","Av.prof.moraes Rego,1235 - Cidade Universitaria - Recife - Cidade Universitária/PE",25313,2020-06-18,2020-06-04,2020-06-04,2020-06-04,2020-11-03T11:42:04,False,legado
25442105000072020,2544210572020,25382000072202092,254421,5,PREGÃO,72020,Publicado,eletronico,Nacional,ANA CRISTINA NOVAES MAIA CHAGAS,Pregoeira,139.0,500.0,11827.08,O edital e anexos estao dis ponives nos sites www.cpqam.fiocruz.br e www.co mprasgovernamentais.gov.br,Pregão Eletrônico Aquisição de lista básica para os laboratórios do IAM/FIOCRUZ-PE,Av. Prof. Moraes Rego S/n - Cidade Universitaria - Campus da Ufpe - Cidade Universitaria/PE,25313,2020-07-14,2020-07-01,2020-07-01,2020-07-01,2020-10-22T11:04:30,False,legado
16017705000012020,1601770512020,64107008606202030,160177,5,PREGÃO,12020,Publicado,eletronico,Nacional,ULISSES DA SILVA BARALDO,Ordenador de Despesas,168.0,1022.0,6134.54,,"Pregão Eletrônico Aquisição de mater iais de expediente e processamento de dados, vi sando atender às necessidades do 71º Batalhão d e Infantaria Motorizado.","Rod Br 423, Km 94 - Heliópolis - /PE",24198,2020-07-21,2020-07-01,2020-07-01,2020-07-01,2020-12-14T11:18:54,False,legado
25442105000062020,2544210562020,25382000109202082,254421,5,PREGÃO,62020,Publicado,eletronico,Nacional,ANA CRISTINA NOVAES MAIA CHAGAS,Pregoeira,1.0,34800.0,6.24,O edital e anexos estao dis poniveis nos sites www.cpqam.fiocruz.br e www.c omprasgovernamentais.gov.br,"Pregão Eletrônico Aquisição de água mineral potável, acondicionada em garrafões de 20 litros (apenas o conteúdo) para co IAM/FIOCR UZ-Pernambuco",Av. Prof. Moraes Rego S/n - Cidade Universitaria - Campus da Ufpe - Cidade Universitaria/PE,25313,2020-07-13,2020-07-01,2020-07-01,2020-07-01,2020-12-21T16:14:59,False,legado
7001005000382020,7001005382020,002781-73.2020   ,70010,5,PREGÃO,382020,Publicado,eletronico,Nacional,ELIANE RODRIGUES DE CARVALHO SILVA,Pregoeira,18.0,740168.33,1692537.0,,"Pregão Eletrônico Prestação de servi ço de transporte para distribuição e recolhimen to das urnas eletrônicas das 122 (cento e vinte e duas) Zonas Eleitorais do Estado, distribuíd as em 18 (dezoito) Polos Eleitorais a serem uti lizadas nas Eleições Municipais 2020 no Estado de Pernambuco, para o 1º e 2º Turno (se houver) , de acordo com as especificações constantes do Termo de Referência (ANEXO I) do Edital.","Av. Gov. Agamenon Magalhães, 1.160 - Gracas - 4º Andar - Sala 408 - Graças/PE",25313,2020-07-14,2020-07-01,2020-07-01,2020-07-01,2020-08-10T17:47:45,False,legado
16019905000042020,1601990542020,64583001491202087,160199,5,PREGÃO,42020,Publicado,eletronico,Nacional,MARIA SANDRA ANDRADE,Ordenadora de Despesas,144.0,,780504.926,A descrição válida é a que consta no Termo de referência.,"Pregão Eletrônico Registro de preços para aquisição de Órtese, Próteses e Materiais (OPME) para cirurgia e Traumatologia Buco Maxil o Facial para o Hospital Militar de Área de Rec ife.","Rua do Hospício, 563 - Boa Vista - Boa Vista/PE",25313,2020-07-14,2020-07-01,2020-07-01,2020-07-01,2020-12-18T16:34:12,False,legado
39302905002362020,393029052362020,50604008543201962,393029,5,PREGÃO,2362020,Publicado,eletronico,Nacional,EDUARDO DA COSTA PEREIRA DE OLIVEIRA,Pregoeiro,4.0,58255.44,151080.0,,"Pregão Eletrônico Prestação de servi ços contínuos de manutenção preventiva e corret iva em aparelhos de refrigeração, ar condiciona do, bem como eventuais instalações/desinstalaçõ es dos mesmos, pertencentes à Superintendência Regional do DNIT no Estado do Pernambuco e resp ectivas Unidades Locais, mediante reposição de peças, insumos e componentes genuínos dos respe ctivos fabricantes, conforme condições, quantid ades e exigências estabelecidas no item 3 do Te rmo de Referência.","Av.antonio de Gois, 820 Bairro Pina - Recife - /PE",25313,2020-07-15,2020-07-02,2020-07-02,2020-07-02,2020-09-25T08:24:44,False,legado
20009005000122020,20009005122020,126001862/2020-40,200090,5,PREGÃO,122020,Publicado,eletronico,Nacional,SARA DANIELA SANTOS MAMEDE,Pregoeira,47.0,41945.53,50765.73,,"Pregão Eletrônico Contratação de emp resa especializada para fornecimento de diverso s materiais de manutenção predial para ressupri mento do almoxarifado das unidades de 1ª instân cia do Ministério Público Federal em Pernambuco PRPE, conforme especificações (ANEXO I) e co nsoante as demais condições estatuídas no edita l e seus anexos.","Av Governador Agamenon Magalhães, 1800 - Espinheiro - Espinheiro/PE",25313,2020-07-15,2020-07-02,2020-07-02,2020-07-02,2020-09-22T18:06:05,False,legado
16019905000242020,16019905242020,64583009645202039,160199,5,PREGÃO,242020,Publicado,eletronico,Nacional,MARIA SANDRA ANDRADE,Ordenadora de Despesas,4.0,,630.0,A descrição válida dos iten s é a mesma que consta no termo de referência.,"Pregão Eletrônico SRP para Aquisição de testes para identificação de COVID19, visan do atender às necessidades do Laboratório de An álises Clínicas no setor de IMUNOLOGIA, para fi ns de enfrentamento da emergência de saúde públ ica de importância internacional decorrente do novo coronavírus, causador da COVID-19.","Rua do Hospício, 563 - Boa Vista - Boa Vista/PE",25313,2020-07-08,2020-07-02,2020-07-02,2020-07-02,2021-01-27T11:40:17,False,legado
15502205000782020,15502205782020,23536005498720206,155022,5,PREGÃO,782020,Publicado,eletronico,Nacional,ALBERTO JOSE LOPES DE MENDONCA,Chefe de Setor de Administração,30.0,,8695.58,,Pregão Eletrônico Registro de preços visando a eventual aquisição de Materiais para Hemodiálise para o Hospital das Clínicas de Pe rnambuco Filial Ebserh.,Av. Professor Moraes Rego S/n - Cidade Universitária/PE,25313,2020-07-15,2020-07-02,2020-07-02,2020-07-02,2020-12-18T17:50:52,False,legado
16019405000062020,1601940562020,64318049232202027,160194,5,PREGÃO,62020,Publicado,eletronico,Nacional,BRUNO CEZAR ESTOLANO DA SILVA,Ordenador de Despesas,3.0,90000.0,155.51,,Pregão Eletrônico Serviços especiali zados em remoção de enfermos (UTI móvel),"Av. Visconde de Sao Leopoldo, 198 - Várzea/PE",25313,2020-07-15,2020-07-02,2020-07-02,2020-07-02,2020-08-03T10:59:52,False,legado
15316599000012020,1531659912020,23082025561201972,153165,99,RDC,12020,Publicado,eletronico,Nacional,ALEX SILVA DE SALES,Presidente Cprdc,1.0,103815.6,104107.38,"O Edital e seus anexos serã o disponibilizados na íntegra, em arquivo digit al, na nuvem do Google Drive, <https://drive.go ogle.com/drive/folders/1JkNsf5EBvCe2hXZ4PpNbqhL 2HRCOgYOf?usp=sharing>.","Contratação de empresa, por meio do Reg ime Diferenciado de Contratações Públicas (RDC) , para Reforma no Laboratório de Estudos Herpet ológicos e Paraherpetológicos (LEHP) da Univers idade Federal Rural de Pernambuco (UFRPE).",Rua Dom Manoel de Medeiros S/n - Dois Irmaos - /PE,25313,2020-07-24,2020-07-03,2020-07-03,2020-07-03,2020-12-28T12:10:06,False,legado
92617105000182020,92617105182020,25800.005078/2019,926171,5,PREGÃO,182020,Publicado,eletronico,Nacional,MIRELLA MUZZI DE LIMA,Pregoeira,3.0,73158.0,264471.04,"Demais informações constam no Termo de Referência, anexo I do edital. É de ver do licitante tomar conhecimento da integral idade das disposições neles contidas.","Pregão Eletrônico Contratação de ser viço de monitoramento, controle e eliminação de pragas, vetores e demais animais correlacionad os, incluindo desinsetização, descupinização e desratização, eliminação de erva daninha por me io de capina química, prevenção, controle e cor reção de pragas e vetores, bem como execução de barreira química, atomização, termonebulização , pulverização e/ou qualquer outro tipo de comb ate efetivo aos animais sinantrópicos nocivos i dentificados.","Rua Professor Aloísio Pessoa de Araújo, Nº 75, Edifício Boa Viagem Corporate, 8º e 9 - Boa Viagem/PE",25313,2020-07-15,2020-07-03,2020-07-03,2020-07-03,2020-07-24T15:12:55,False,legado
20020705000072020,2002070572020,1.05.0180/2020-40,200207,5,PREGÃO,72020,Publicado,eletronico,Nacional,RACHEL RODRIGUES WANDERLEY,Pregoeira,11.0,,482.04,,Pregão Eletrônico Registro de preços para eventual aquisição de Equipamentos de Pro teção Individual (EPI's).,"Rua Frei Matias Teves, Nº 65 - Ilha do Leite/PE",25313,2020-07-15,2020-07-03,2020-07-03,2020-07-03,2020-08-27T12:28:39,False,legado
41300705000052020,4130070552020,53532000591202025,413007,5,PREGÃO,52020,Publicado,eletronico,Nacional,FELIPE DA MOTA PAZZOLA,Gerente Regional,3.0,,18539.05,,"Pregão Eletrônico Contratação de ser viço de execução do Programa de Controle Médico de Saúde Ocupacional PCMSO para os servidore s da Agência Nacional de Telecomunicações lotad os nos Estados de Pernambuco (item 1), Alagoas (item 2) e Paraíba (item 3)","Rua Joaquim Bandeira, Nº 492 - Imbiribeira/PE",25313,2020-07-15,2020-07-03,2020-07-03,2020-07-03,2020-07-20T08:30:19,False,legado
20009005000142020,20009005142020,126001953/2020-85,200090,5,PREGÃO,142020,Publicado,eletronico,Nacional,SARA DANIELA SANTOS MAMEDE,Pregoeira,4.0,,59430.0,,"Pregão Eletrônico Contratação de emp resa especializada para fornecimento de diverso s aparelhos de ar condicionado, tipo Split, a f im de atender às necessidades da Procuradoria d a República em Pernambuco, conforme especificaç ões (ANEXO I) e consoante as demais condições e statuídas no edital e seus anexos.","Av Governador Agamenon Magalhães, 1800 - Espinheiro - Espinheiro/PE",25313,2020-07-16,2020-07-03,2020-07-03,2020-07-03,2020-07-31T11:06:54,False,legado
12063205000262020,12063205262020,67437000110202074,120632,5,PREGÃO,262020,Publicado,eletronico,Nacional,MARCELO FERREIRA PASCOAL,Ordenador de Despesas Delegado,215.0,31974.0,483075.73,,"Pregão Eletrônico Registro de preços para aquisição de MEDICAMENTOS QUIMIOTERÁPICOS , para atender as necessidades do HOSPITAL DE A ERONÁUTICA DE RECIFE.",Av Armindo Moura - 500 - Boa Viagem/PE,25313,2020-07-15,2020-07-03,2020-07-03,2020-07-03,2020-12-28T17:27:33,False,legado
16002305000072020,1600230572020,64408001999202066,160023,5,PREGÃO,72020,Publicado,eletronico,Nacional,JOAO SOUZA DE SA FILHO,Ordenador de Despesas,12.0,,318.77,,"Pregão Eletrônico Aquisição de Mater ial Hospitalar para fins de enfrentamento da em ergência de saúde pública de importância intern acional decorrente do novo coronavírus, causado r da COVID-19.","Rod. Pe 180, Km 5 - São Bento do Una - Pe - /PE",25593,2020-07-09,2020-07-03,2020-07-03,2020-07-03,2020-09-21T16:01:37,False,legado
16022505000262020,16022505262020,64361004679202041,160225,5,PREGÃO,262020,Publicado,eletronico,Nacional,MARCOS WAGNER RODRIGUES MONTEIRO,Ordenador de Despesas,7.0,58750.0,207.48,"Divisão de Aquisições, Lici tações e Contratos da Base Administrativa do Cu rado: (81) 2129-6635",Pregão Eletrônico Aquisição emergenc ial de materiais e Equipamentos de Proteção Ind ividual para prevenção e combate ao COVID-19.,Avenida Professor Luiz Freire N° 198 - Bairro Curado - /PE,25313,2020-07-09,2020-07-03,2020-07-03,2020-07-03,2020-08-07T11:23:40,False,legado
13528505000072020,1352850572020,21203000228202045,135285,5,PREGÃO,72020,Publicado,eletronico,Nacional,DAYVSON CASSIANO LIMA DOS SANTOS,Pregoeiro,1.0,55000.0,82389.11,,"Pregão Eletrônico Contratação de emp resa de engenharia a fim de recuperar o piso da edificação térrea da sede da SUREG/PE, compree ndendo os seguintes serviços: Remoção de piso vinílico em placas (paviflex); Demolição de rev estimento cerâmico; Remoção de piso de borracha (tipo pastilhado); Regularização de contrapiso ; Assentamento de revestimento cerâmico para pi so; Aplicação de piso de borracha (tipo canelad a).","Estrada do Barbalho,960 Iputinga - Iputinga/PE",25313,2020-07-15,2020-07-03,2020-07-03,2020-07-03,2020-07-23T11:44:01,False,legado
20009005000152020,20009005152020,126001990/2020-93,200090,5,PREGÃO,152020,Publicado,eletronico,Nacional,SARA DANIELA SANTOS MAMEDE,Pregoeira,1.0,24498.6,26667.6,,"Pregão Eletrônico Contratação de emp resa especializada para fornecimento de fechadu ras biométrica, a fim de atender às necessidade s da Divisão de Segurança Orgânica e Transporte -DISOT/PRPE, conforme especificações (ANEXO I) e consoante as demais condições estatuídas nest e edital e seus anexos.","Av Governador Agamenon Magalhães, 1800 - Espinheiro - Espinheiro/PE",25313,2020-07-17,2020-07-03,2020-07-03,2020-07-03,2020-07-21T11:37:10,False,legado
16020005000122020,16020005122020,64621004482202002,160200,5,PREGÃO,122020,Publicado,eletronico,Nacional,ANTONIO DOUGLAS NEVES SANTOS,Ordenador de Despesas,5.0,89550.0,140699.12,,Pregão Eletrônico Aquisição de maqui nários para manutenção de viaturas,Av. 17 de Agosto 784 - Casa Forte - Casa Forte/PE,25313,2020-07-21,2020-07-06,2020-07-06,2020-07-06,2020-08-17T10:46:51,False,legado
15502205000992020,15502205992020,23536008583202026,155022,5,PREGÃO,992020,Publicado,eletronico,Nacional,ALBERTO JOSE LOPES DE MENDONCA,Chefe do Setor de Administração,6.0,7476.6,1519.38,Mais informações: (81) 2126 -3939.,Pregão Eletrônico Registro de preços visando a eventual aquisição de Nutrições Pare nterais em Bolsas Industrializadas para o Hospi tal das Clínicas de Pernambuco Filial Ebserh.,Av. Professor Moraes Rego S/n - Cidade Universitária/PE,25313,2020-09-14,2020-09-01,2020-09-01,2020-09-01,2020-11-30T10:50:26,False,legado
15502205001002020,155022051002020,23536005046202024,155022,5,PREGÃO,1002020,Publicado,eletronico,Nacional,ALBERTO JOSE LOPES DE MENDONCA,Chefe do Setor de Administração,18.0,3692.96,8305.87,Mais informações: (81) 2126 -3939.,Pregão Eletrônico Registro de preços visando a eventual aquisição de Material Médic o Hospitalar Cardiologia Intervencionista par a o Hospital das Clínicas de Pernambuco Filia l Ebserh.,Av. Professor Moraes Rego S/n - Cidade Universitária/PE,25313,2020-09-17,2020-09-01,2020-09-01,2020-09-01,2020-12-16T20:50:26,False,legado
15502205001012020,155022051012020,23536009568202003,155022,5,PREGÃO,1012020,Publicado,eletronico,Nacional,ALBERTO JOSE LOPES DE MENDONCA,Chefe do Setor de Administração,20.0,,13570.52,Mais informações: (81) 2126 -3939.,Pregão Eletrônico Registro de preços visando a eventual aquisição de Material Médic o Hospitalar Otorrinolaringologia e Fonoaudio logia para o Hospital das Clínicas de Pernambuc o,Av. Professor Moraes Rego S/n - Cidade Universitária/PE,25313,2020-09-22,2020-09-01,2020-09-01,2020-09-01,2020-12-16T21:08:10,False,legado
19500299000052020,1950029952020,59530000477202000,195002,99,RDC,52020,Publicado,eletronico,Nacional,AURIVALTER CORDEIRO PEREIRA DA SILVA,Superintendente Regional   3a Sr,1.0,580000.0,609239.13,As empresas deverão atender todas as exigências do edital e seus anexos di sponibilizados no sítio eletrônico da Codevasf e Compras Governamentais. Maiores informações ( 87) 3866-7722/ 3866-7742.,"Execução de obras e serviços de engenha ria para substituição de 2º trecho do Conduto F orçado 2 (CF2) do Projeto de Irrigação Pontal Área Sul , localizado no município de Petroli na, área de atuação da 3ª Superintendência Regi onal da CODEVASF.","Rua Presidente Dutra, 160 - Centro/PE",25216,2020-09-25,2020-09-01,2020-09-01,2020-09-01,2020-10-23T16:42:10,False,legado
92617105000202020,92617105202020,25800.001634/2020,926171,5,PREGÃO,202020,Publicado,eletronico,Nacional,MIRELLA MUZZI DE LIMA,Pregoeira,1.0,199900.0,324622.96,"Demais especificações const am no Termo de Referência, anexo I do edital.","Pregão Eletrônico Aquisição de instr umentos (data loggers) e seu respectivo softwar e de programação e leitura, a fim de permitir o monitoramento, aquisição, registro e supervisã o de dados de temperatura e umidade em ambiente s de temperatura e umidade controlados. O soft ware deverá ser passível de validação in loco ( na Hemobrás) pelo licitante conforme toda descr ição técnica localizada no Anexo I do presente TR.","Rua Professor Aloísio Pessoa de Araújo, Nº 75, Edifício Boa Viagem Corporate, 8º e 9 - Boa Viagem/PE",25313,2020-09-14,2020-09-01,2020-09-01,2020-09-01,2020-10-07T11:12:58,False,legado
15502205001022020,155022051022020,23536001968202062,155022,5,PREGÃO,1022020,Publicado,eletronico,Nacional,ALBERTO JOSE LOPES DE MENDONCA,Chefe do Setor de Administração,23.0,,17843.47,Mais informações: (81) 2126 -3939.,Pregão Eletrônico Registro de preços visando a eventual aquisição de Próteses Mamár ias para o Hospital das Clínicas de Pernambuco Filial Ebserh.,Av. Professor Moraes Rego S/n - Cidade Universitária/PE,25313,2020-09-14,2020-09-01,2020-09-01,2020-09-01,2020-12-31T10:54:53,False,legado
19500205000062020,1950020562020,59530000553202079,195002,5,PREGÃO,62020,Publicado,eletronico,Nacional,AURIVALTER CORDEIRO PEREIRA DA SILVA,Superintendente Regional   3a Sr,1.0,73520.9,127754.26,As empresas deverão atender todas as exigências do edital e seus anexos di sponibilizados no sítio eletrônico da Codevasf e Compras Governamentais. Maiores informações ( 87) 3866-7722/ 3866-7742.,"Pregão Eletrônico Contratação de Emp resa para prestação dos serviços: levantamento topográfico planialtimétrico, com locações, vis ando projeto executivo de drenos da macrodrenag em do PPI Pontal, localizado no município de Pe trolina, no estado de Pernambuco, área de atuaç ão da 3ª Superintendência Regional da CODEVASF.","Rua Presidente Dutra, 160 - Centro/PE",25216,2020-09-15,2020-09-01,2020-09-01,2020-09-01,2020-10-23T16:37:10,False,legado
15518005000232020,15518005232020,23542009249202019,155180,5,PREGÃO,232020,Publicado,eletronico,Nacional,SAULO ALVES DAVID,Agente de Licitações,1.0,,60360.0,,"Pregão Eletrônico Aquisição em carát er Emergencial de Equipamentos Médico-Hospitala res (EMH) considerados pela Organização Mundial de Saúde (OMS), assim como pelo Ministério da Saúde, como essenciais no enfrentamento da emer gência de saúde pública de importância internac ional (ESPII) decorrente do coronavírus",Av Jose de Sá Maniçoba S/n Centro - /PE,25216,2020-09-08,2020-09-01,2020-09-01,2020-09-01,2020-09-28T14:47:06,False,legado
16017905000032020,1601790532020,64491001657202044,160179,5,PREGÃO,32020,Publicado,eletronico,Nacional,ROGERIO RICARDO DA SILVA,Ordenador de Despesas,74.0,11201.02,990.2,,Pregão Eletrônico Aquisição e contra tação de materiais e serviços gráficos.,Av. Joaquim Nabuco 1687 - Guadalupe - /PE,24910,2020-09-15,2020-09-02,2020-09-02,2020-09-02,2021-09-28T14:03:14,False,legado
16008405000052020,1600840552020,64257003710202014,160084,5,PREGÃO,52020,Publicado,eletronico,Nacional,CARLOS FREDERICO DE AZEVEDO PIRES,Ordenador de Despesas,1.0,339990.0,410962.23,"Descrição complementar: Ser viço de substituição de janelas pré-existentes por janelas de vidro temperado 8mm tipo blindex em dimensões variadas, conforme Apêndice ao Te rmo de Referência.","Pregão Eletrônico Contratação de emp resa especializada para execução do serviço (SE RVIÇO COMUM DE ENGENHARIA) de substituição de j anelas nas salas de aula e pavilhões administra tivos do COLÉGIO MILITAR DO RECIFE, conforme co ndições, quantidades e exigências estabelecidas no Edital, Termo de referência e seus anexos.","Av.visconde de Sao Leopoldo , 198, Várzea - Recife - Pe - Várzea/PE",25313,2020-09-15,2020-09-02,2020-09-02,2020-09-02,2020-09-30T09:57:59,False,legado
12063205000462020,12063205462020,67230004574202076,120632,5,PREGÃO,462020,Publicado,eletronico,Nacional,MARCELO FERREIRA PASCOAL,Ordenador de Despesas Delegado,250.0,3216.4,53388.54,,Pregão Eletrônico Aquisição de equip amento de proteção individual (EPI).,Av Armindo Moura - 500 - Boa Viagem - Boa Viagem/PE,25313,2020-09-17,2020-09-02,2020-09-02,2020-09-02,2021-06-22T10:12:58,False,legado
15518005000192020,15518005192020,23542007166202087,155180,5,PREGÃO,192020,Publicado,eletronico,Nacional,SAULO ALVES DAVID,Agente de Licitações,1.0,363333.12,460865.12,,"Pregão Eletrônico Contratação de emp resa (s) especializada (s) na prestação de serv iços continuados de motorista, para atender às necessidades do Hospital Universitário da Unive rsidade Federal do Vale do São FranciscoHU-U NIVASF, Policlínica do HU-UNIVASF e Depósitos ( Almoxarifado e Farmácia), conforme termos e con dições constantes no Edital e seus anexos.",Av Jose de Sá Maniçoba S/n Centro - /PE,25216,2020-09-25,2020-09-02,2020-09-02,2020-09-02,2020-10-16T15:12:06,False,legado
7001005000552020,7001005552020,0015634172020    ,70010,5,PREGÃO,552020,Publicado,eletronico,Nacional,CRISTIANE KOZIKOWSKI PACHECO NOCKO,Pregoeira,1.0,25866.0,35707.43,,"Pregão Eletrônico Prestação de servi ço de SEGURO DE VEÍCULOS da frota do Tribunal R egional Eleitoral de Pernambuco, de acordo com as especificações constantes do Termo de Referê ncia (ANEXO I), Descrição dos Veículos (ANEXO I II) e Especificações do Objeto / Percentual de Bônus 2021 (ANEXO IV).","Av. Gov. Agamenon Magalhaes, 1.160 - Gracas, 4 Andar Sala 408 - Graças/PE",25313,2020-09-16,2020-09-02,2020-09-02,2020-09-02,2020-10-02T11:38:47,False,legado
8000605000212020,8000605212020,14.327/2020      ,80006,5,PREGÃO,212020,Publicado,eletronico,Nacional,AURELAIDE DE SOUZA NASCIMENTO MENEZES,Pregoeiro,1.0,32900.0,62187.84,,"Pregão Eletrônico Renovação de subsc rição por doze meses da suíte Autodesk AEC Ar chitecture, Engineering and Construction Collec tion.","Cais do Apolo Nº 739, Bairro do Recife, Recife/pe. - /PE",25313,2020-09-16,2020-09-02,2020-09-02,2020-09-02,2020-09-25T17:34:01,False,legado
16019905000612019,16019905612019,64583021445201911,160199,5,PREGÃO,612019,Publicado,eletronico,Nacional,MARIA SANDRA ANDRADE,Ordenadora de Despesas,6.0,,23.66,,"Pregão Eletrônico Aquisição de Insum os laboratoriais, visando atender às necessidad es do Laboratório de Análises Clínicas no setor de COAGULAÇÃO.","Rua do Hospício, 563 - Boa Vista - Boa Vista/PE",25313,2020-09-15,2020-09-02,2020-09-02,2020-09-02,2020-11-10T11:24:04,False,legado
20009005000222020,20009005222020,126002646/2020-11,200090,5,PREGÃO,222020,Publicado,eletronico,Nacional,SARA DANIELA SANTOS MAMEDE,Pregoeira,1.0,,16451.4,,"Pregão Eletrônico Contratação de emp resa especializada para fornecimento de mobiliá rio para o Refeitório da PRPE, conforme especif icações (ANEXO I) e consoante as demais condiçõ es estatuídas no edital e seus anexos.","Av Governador Agamenon Magalhães, 1800 - Espinheiro - Espinheiro/PE",25313,2020-09-17,2020-09-03,2020-09-03,2020-09-03,2020-09-17T09:05:49,False,legado
15502205001032020,155022051032020,23536011474201952,155022,5,PREGÃO,1032020,Publicado,eletronico,Nacional,ALBERTO JOSE LOPES DE MENDONCA,Chefe do Setor de Administração,32.0,,45940.27,Mais informações: (81) 2126 -3939.,Pregão Eletrônico Registro de preços visando a eventual aquisição de Materiais Card iovasculares para o Hospital das Clínicas de Pe rnambuco Filial Ebserh.,Av. Professor Moraes Rego S/n - Cidade Universitária/PE,25313,2020-09-17,2020-09-03,2020-09-03,2020-09-03,2020-12-23T17:35:52,False,legado
16022505000162020,16022505162020,64361002739202091,160225,5,PREGÃO,162020,Publicado,eletronico,Nacional,MARCOS WAGNER RODRIGUES MONTEIRO,Ordenador de Despesas,147.0,1482.0,13240.27,,Pregão Eletrônico Aquisição de mater iais e equipamentos veterinários para atender a s necessidades do GCALC/Recife,Avenida Professor Luiz Freire N° 198 - Bairro Curado - /PE,25313,2020-09-16,2020-09-03,2020-09-03,2020-09-03,2021-08-05T13:22:29,False,legado
16020103000012020,1602010312020,64329001192202011,160201,3,CONCORRÊNCIA,12020,Publicado,presencial,Nacional,BRUNO BEZERRA DE MELO,Ordenador de Despesas,1.0,,6551884.73,,Obra dos Remanescentes Para a Construçã o do Edifício Marechal Castello Branco.,"Av Norte, 245 - Santo Amaro/PE",25313,,2020-09-03,2020-10-06,2020-09-03,2020-12-24T10:14:03,False,legado
12063205000382020,12063205382020,67230004584202010,120632,5,PREGÃO,382020,Publicado,eletronico,Nacional,MARCELO FERREIRA PASCOAL,Ordenador de Despesas Delegado,11.0,,129.56,,"Pregão Eletrônico Contratação de emp resa especializada para realização de serviço d e controle sanitário integrado no combate a pra gas urbanas (dedetização, desratização, desinse tização, descupinização) e serviço, por m , de remoção de resíduos e desobstrução das caixas d e gordura e destinação final, por meio de veícu lo com sistema a vácuo de extração de resíduos e/ou sistema roto rooter e transporte de dejeto s para estação de tratamento, incluindo forneci mento de material, bem como mão-de-obra","Av. Centenário Alberto Santos Dumont, S/n - Jordão Baixo/PE",25313,2020-09-18,2020-09-03,2020-09-03,2020-09-03,2020-09-29T15:10:28,False,legado
7001005000582020,7001005582020,0034067-06.2019  ,70010,5,PREGÃO,582020,Publicado,eletronico,Nacional,ELIANE RODRIGUES DE CARVALHO SILVA,Pregoeira,2.0,21729.96,25739.46,,"Pregão Eletrônico Aquisição de mater ial permanente (Cadeiras plásticas brancas / Te rmo-higrômetro), de acordo com as especificaçõe s técnicas e as condições constantes do Termo d e Referência (ANEXO ÚNICO) do Edital.","Av. Gov. Agamenon Magalhaes, 1.160 - Gracas - 4º Andar - Sala 408 - Graças/PE",25313,2020-09-17,2020-09-03,2020-09-03,2020-09-03,2020-09-30T10:42:33,False,legado
12063205000492020,12063205492020,67230004780202086,120632,5,PREGÃO,492020,Publicado,eletronico,Nacional,MARCELO FERREIRA PASCOAL,Ordenador de Despesas Delegado,24.0,2376.0,1086.12,,Pregão Eletrônico Aquisição de mater ial para tratamento de água.,"Av. Centenário Alberto Santos Dumont, S/n - Jordão Baixo/PE",25313,2020-09-21,2020-09-03,2020-09-03,2020-09-03,2020-12-21T16:09:06,False,legado
15502205001042020,155022051042020,23536002397202083,155022,5,PREGÃO,1042020,Publicado,eletronico,Nacional,ALBERTO JOSE LOPES DE MENDONCA,Chefe do Setor de Administração,14.0,,301928.1,Mais informações: (81) 2126 -3939.,"Pregão Eletrônico Registro de preços visando a eventual aquisição de Materiais de N eurocirurgia, com cessão de gerador de radiofre quencia e técnico para o Hospital das Clínicas de Pernambuco Filial Ebserh.",Av. Professor Moraes Rego S/n - Cidade Universitária/PE,25313,2020-09-22,2020-09-03,2020-09-03,2020-09-03,2020-12-16T22:17:10,False,legado
12063205000502020,12063205502020,67230004582202012,120632,5,PREGÃO,502020,Publicado,eletronico,Nacional,MARCELO FERREIRA PASCOAL,Ordenador de Despesas Delegado,49.0,6675.0,17284.74,,Pregão Eletrônico Serviço de manuten ção em condicionadores de ar.,"Avenida Maria Irene, S/nº - Jordão, Recife - Pe/PE",25313,2020-10-14,2020-10-01,2020-10-01,2020-10-01,2020-12-22T18:13:39,False,legado
15485305000012019,1548530512019,23519004785201973,154853,5,PREGÃO,12019,Publicado,eletronico,Nacional,AMAURI CLEMENTINO DE OLIVEIRA,Pregoeiro,22.0,51680.0,181682.41,,Pregão Eletrônico Registro de preços para eventual aquisição com instalação de apar elhos condicionadores de ar visando atender às demandas do IFPE Campus Jaboatão dos Guararape s e demais órgãos participantes.,"Avenida Barão de Lucena,251 - Centro/PE",24570,2020-10-14,2020-10-01,2020-10-01,2020-10-01,2021-11-03T14:42:01,False,legado
24013705000062020,2401370562020,01202000074201951,240137,5,PREGÃO,62020,Publicado,eletronico,Nacional,ERICA MONTEIRO LADISLAU,Pregoeira,3.0,168000.0,187400.0,,"Pregão Eletrônico O objeto da presen te licitação é a escolha da proposta mais vanta josa para a contratação de serviços de manuten ção preventiva e corretiva, com reposição de pe ças, para os equipamentos existentes nos labor atórios do Centro de Tecnologias Estratégicas d o NordesteCETENE, conforme condições, quant idades e exigências estabelecidas neste Edital e seus anexos.","Av. Prof. Luis Freire, 1 - Cidade Universitaria - Cidade Universitária/PE",25313,2020-10-19,2020-10-01,2020-10-01,2020-10-01,2020-11-12T17:01:41,False,legado
9003105000162020,9003105162020,0006913-70.2020  ,90031,5,PREGÃO,162020,Publicado,eletronico,Nacional,MARCELO NOBRE TAVARES,Pregoeiro,2.0,457900.0,616606.91,,"Pregão Eletrônico Contratação de emp resas especializadas em sistemas fotovoltaicos, para implantar usinas de microgeração de energ ia fotovoltaica, no Edifício Sede do Tribunal R egional Federal da 5ª Região e no Prédio Anexo I ESMAFE.","Av. Cais do Apolo, S/n, Ed. Min. Djaci Falcao - Bairro do Recife - /PE",25313,2020-10-14,2020-10-01,2020-10-01,2020-10-01,2021-03-08T14:14:14,False,legado
16019805000112020,16019805112020,64453006533202010,160198,5,PREGÃO,112020,Publicado,eletronico,Nacional,HELIO DIAS DE ARAUJO,Ordenador de Despesas,26.0,7095.0,24191.8,,Pregão Eletrônico Aquisição de mater ial de consumo (manutenção de bens imóveis e el étrico) e material permanente para atender as n ecessidades do 7º D Sup.,Rua General Estilac Leal Nº 439 - Cabanga - Recife - /PE,25313,2020-10-14,2020-10-01,2020-10-01,2020-10-01,2021-07-06T11:37:13,False,legado
12063205000702020,12063205702020,67230004584202010,120632,5,PREGÃO,702020,Publicado,eletronico,Nacional,MARCELO FERREIRA PASCOAL,Ordenador de Despesas Delegado,11.0,1080.0,129.56,,"Pregão Eletrônico Contratação de emp resa especializada para realização de serviço d e controle sanitário integrado no combate a pra gas urbanas (dedetização, desratização, desinse tização, descupinização) e serviço, por m , de remoção de resíduos e desobstrução das caixas d e gordura e destinação final, por meio de veícu lo com sistema a vácuo de extração de resíduos e/ou sistema roto rooter e transporte de dejeto s para estação de tratamento.",Av Armindo Moura - 500 - Boa Viagem - Jordão/PE,25313,2020-10-15,2020-10-02,2020-10-02,2020-10-02,2020-12-22T17:14:15,False,legado
15502205001132020,155022051132020,23536002119201810,155022,5,PREGÃO,1132020,Publicado,eletronico,Nacional,ALBERTO JOSE LOPES DE MENDONCA,Chefe do Setor de Administração,2.0,5098876.32,5693843.2,Mais informações: (81) 2126 -3939.,"Pregão Eletrônico Contratação de Cen tral de Serviços Service Desk para a Presta ção de serviços técnicos especializados na área das Tecnologias da Informação e Comunicação TIC (hardware e software, inclusos serviços de suporte técnico em LINUX, Windows, Android e Ma c OS), incluída a reposição de peças e/ou compo nentes, sob regime de atendimento 24x7, para at ender ao Parque Computacional do Hospital das C línicas de Pernambuco, filial EBSERH",Av. Professor Moraes Rego S/n - Cidade Universitária/PE,25313,2020-10-27,2020-10-02,2020-10-02,2020-10-02,2020-12-23T14:39:08,False,legado
15518005000282020,15518005282020,23542010092202066,155180,5,PREGÃO,282020,Publicado,eletronico,Nacional,LUCAS SOARES SOUZA,Agente de Licitação,1.0,,242.5,,Pregão Eletrônico Contratação de Ser viço de Restauração dos Estofados das Poltronas de Acompanhantes do HU-UNIVASF,Av Jose de Sá Maniçoba S/n Centro - /PE,25216,2020-10-26,2020-10-02,2020-10-02,2020-10-02,2020-10-29T11:55:29,False,legado
20020705000132020,20020705132020,1.05.0119/2020-01,200207,5,PREGÃO,132020,Publicado,eletronico,Nacional,RACHEL RODRIGUES WANDERLEY,Pregoeira,61.0,2977.68,10653.13,,Pregão Eletrônico Aquisição de mater iais de consumo e instrumentais odontológicos a fim de atender ao gabinete odontológico da Pro curadoria Regional da República da 5ª Região.,"Rua Frei Matias Teves, Nº 65 - Ilha do Leite/PE",25313,2020-10-15,2020-10-02,2020-10-02,2020-10-02,2020-10-22T08:01:31,False,legado
24013705000152020,24013705152020,01202000376201929,240137,5,PREGÃO,152020,Publicado,eletronico,Nacional,ERICA MONTEIRO LADISLAU,Pregoeira,1.0,,347700.0,"Os atendimentos serão de ch amados de 1°, 2° e 3° nível, entendendo-se como TIC todos os processos que envolvem a informát ica,telefonia e telecomunicações.","Pregão Eletrônico Contratação de emp resa para prestação de serviços técnicos especi alizados na área de Tecnologia da Informação e Comunicação (TIC), para operação da infraestru tura de TIC, compreendendo os serviços de monit oramento, sustentação do ambiente computaciona l, suporte aos usuários e apoio técnico à gestã o de TIC do Centro de Tecnologias Estratégicas do Nordeste, através de uma Central de Serviço s (Service Desk), de modo remoto e presencial.","Av. Prof. Luis Freire, 1 - Cidade Universitaria - Cidade Universitária/PE",25313,2020-10-15,2020-10-02,2020-10-02,2020-10-02,2020-10-09T09:38:17,False,legado
15814905000072020,1581490572020,23302000181202027,158149,5,PREGÃO,72020,Publicado,eletronico,Nacional,SILVANIO ANTONIO DE CARVALHO,Equipe de Apoio,37.0,699.4,3797.24,,"Pregão Eletrônico Aquisição de mater iais e equipamentos para fins de enfrentamento e como medidas de prevenção contra o novo coron avírus, causador da COVID-19 em atendimento aos campi e Reitoria do o Instituto Federal do Ser tão Pernambucano.","Rua Aristarco Lopes,nº 240- Centro - Centro/PE",25216,2020-10-08,2020-10-02,2020-10-02,2020-10-02,2020-12-30T21:53:43,False,legado
78370205000112020,78370205112020,63066002158202021,783702,5,PREGÃO,112020,Publicado,eletronico,Nacional,CASSIO DE SOUZA SANTOS,Ordenador de Despesas,1.0,15699.96,19442.56,,"Pregão Eletrônico Contratação de lab oratório habilitado na Rede Brasileira de Labor atórios (REBLAS/ANVISA) para ensaio de profici ência relativa a produtos para a saúde, sangues e hemoderivados e/ou análises clínicas soro humano, de acordo com a RDC 12, de 16 de fever eiro de 2012.","Avenida Cruz Cabuga, 1.200 - Santo Amaro/PE",25313,2020-10-15,2020-10-02,2020-10-02,2020-10-02,2020-11-26T14:43:34,False,legado
16020005000172020,16020005172020,64621008160202024,160200,5,PREGÃO,172020,Publicado,eletronico,Nacional,ANTONIO DOUGLAS NEVES SANTOS,Ordenador de Despesas,1.0,9600.0,13463.76,,Pregão Eletrônico Serviço de recolhi mento de lixo,Av. 17 de Agosto 784 - Casa Forte/PE,25313,2020-10-15,2020-10-02,2020-10-02,2020-10-02,2020-12-28T09:00:54,False,legado
15502205001142020,155022051142020,2353611175202051 ,155022,5,PREGÃO,1142020,Publicado,eletronico,Nacional,ALBERTO JOSE LOPES DE MENDONCA,Chefe de Setor de Administração,52.0,,1912.64,,Pregão Eletrônico Registro de preços visando a eventual aquisição de Medicamentos C ontrolados e Anestésicos para o Hospital das Cl ínicas de Pernambuco,Av. Professor Moraes Rego S/n - Cidade Universitária/PE,25313,2020-10-16,2020-10-02,2020-10-02,2020-10-02,2020-12-29T10:41:02,False,legado
16019905000182020,16019905182020,64583011325202049,160199,5,PREGÃO,182020,Publicado,eletronico,Nacional,MARIA SANDRA ANDRADE,Ordenadora de Despesas,113.0,259473.06,4756.8,A descrição válida dos iten s é a mesma que consta no termo de referencia.,"Pregão Eletrônico Registro de Preços para Eventual Aquisição de Antibioticos, Soros e Eletrólitos ComplementarGCALC.","Rua do Hospício, 563 - Boa Vista - Boa Vista/PE",25313,2020-10-15,2020-10-02,2020-10-02,2020-10-02,2021-10-26T14:32:52,False,legado
7001005000532020,7001005532020,0012440-43.2020  ,70010,5,PREGÃO,532020,Publicado,eletronico,Nacional,JOANA D ARC SIMOES DE BARROS,Pregoeira,3.0,736000.0,118494.38,,"Pregão Eletrônico Registro de Preços para eventual aquisição de solução de seguranç a de redes de computadores composta de equipame ntos e aquisição de subscrição de firewall, de acordo com as especificações constantes do Term o de Referência (ANEXO I) do Edital.","Av. Gov. Agamenon Magalhaes, 1.160 - Graças/PE",25313,2020-10-15,2020-10-02,2020-10-02,2020-10-02,2020-11-25T13:50:15,False,legado
34400205000252020,34400205252020,490/2020-16      ,344002,5,PREGÃO,252020,Publicado,eletronico,Nacional,ALLAN JONES FARIAS DE ARAUJO,Diretor de Planejamento e Administração,2.0,1798739.04,2355306.75,,"Pregão Eletrônico O objeto da presen te licitação é a escolha da proposta mais vanta josa para a contratação de empresa especializad a para a prestação de serviços continuados e co m dedicação exclusiva de mão de obra para as fu nções de Assistente Administrativo I e Assisten te Administrativo II, visando atender as necess idades da Fundação Joaquim Nabuco, pelo prazo d e 12 (doze meses), conforme condições, quantida des e exigências estabelecidas neste Edital e s eus anexos.","Av. 17 de Agosto, 2187 - Casa_forte - /PE",25313,2020-10-15,2020-10-02,2020-10-02,2020-10-02,2020-11-23T12:04:31,False,legado
15502205001152020,155022051152020,23536001879202016,155022,5,PREGÃO,1152020,Publicado,eletronico,Nacional,ALBERTO JOSE LOPES DE MENDONCA,Chefe de Setor de Administração,28.0,,72516.76,,Pregão Eletrônico Registro de preços visando a eventual aquisição de Material Médic o Hospitalar Órteses e Próteses para o Hospit al das Clínicas de Pernambuco Filial Ebserh.,Av. Professor Moraes Rego S/n - Cidade Universitária/PE,25313,2020-10-19,2020-10-02,2020-10-02,2020-10-02,2020-12-10T14:14:03,False,legado
16018305000072020,1601830572020,64108007262202031,160183,5,PREGÃO,72020,Publicado,eletronico,Nacional,ERICSON ANTONIO SILVEIRA MACIEL,Ordenador de Despesas,163.0,2740.0,3397.04,,Pregão Eletrônico Registro de preços para eventual aquisição de medicamentos e mate riais hospitalares descartáveis.,"Av. Cardoso de Sa, S/n - Vila Eduardo/PE",25216,2020-10-19,2020-10-05,2020-10-05,2020-10-05,2020-12-02T12:24:43,False,legado
16020005000182020,16020005182020,64621008219202084,160200,5,PREGÃO,182020,Publicado,eletronico,Nacional,ANTONIO DOUGLAS NEVES SANTOS,Ordenador de Despesas,53.0,,42552.03,,Pregão Eletrônico Aquisição de Pneus Automotivo,Av. 17 de Agosto 784 - Casa Forte - Casa Forte/PE,25313,2020-10-19,2020-10-05,2020-10-05,2020-10-05,2020-12-29T18:56:20,False,legado
15502205001162020,155022051162020,23536007247202066,155022,5,PREGÃO,1162020,Publicado,eletronico,Nacional,JOAO LUIZ CAVALCANTI MARANHAO DE ALBUQUERQUE,Chefe de Setor de Administração,16.0,,187169.71,,Pregão Eletrônico Registro de preços visando a eventual aquisição de Equipamentos M édico-Hospitalares e Mobiliário para o Hospital das Clínicas de Pernambuco,Av. Professor Moraes Rego S/n - Cidade Universitária/PE,25313,2020-10-20,2020-10-05,2020-10-05,2020-10-05,2020-12-18T11:36:49,False,legado
16019805000102020,16019805102020,64453006740202066,160198,5,PREGÃO,102020,Publicado,eletronico,Nacional,HELIO DIAS DE ARAUJO,Ordenador de Despesas,303.0,16218.51,15073.0,,Pregão Eletrônico Aquisição de mater ial de consumo para Programa de Auditoria em Se gurança Alimentar (PASA) para atender as necess idades do 7º D Sup e Unidades Gestoras particip antes (GCALC).,Rua General Estilac Leal Nº 439 - Cabanga - Recife - Cabanga/PE,25313,2020-12-14,2020-12-01,2020-12-01,2020-12-01,2021-12-15T12:10:08,False,legado
19500299000222020,19500299222020,59530000845202010,195002,99,RDC,222020,Publicado,eletronico,Nacional,AURIVALTER CORDEIRO PEREIRA DA SILVA,Superintendente Regional   3a Sr,1.0,,5440938.67,As obras e os serviços deve rão atender todas as exigências do edital. O ed ital e seus anexos serão disponibilizados no sí tio eletrônico da Codevasf. https://licitacao.c odevasf.gov.br/licitacoes/3a-superintendencia-r egional-petrolina-pe/licitacoes-lei-13-303-2016 / Maiores informações (87) 3866-7722/ 3866-774 2.,"Execução de obras e serviços da 3ª Etap a dos Sistemas de Abastecimento de Água nas com unidades de Vila Nova, Salão, Lagoinha, Mundo N ovo, Piancó, Barriguda, Logradouro, Serrinha, B arrocão, Macaco e Espinheiro nos municípios de Petrolândia e de Tacaratu, área de atuação da 3 ª Superintendência Regional da CODEVASF.","Rua Presidente Dutra, 160 - Centro/PE",25216,2020-12-22,2020-12-01,2020-12-01,2020-12-01,2020-12-22T09:01:25,False,legado
15846499000012020,1584649912020,23295011929202053,158464,99,RDC,12020,Publicado,eletronico,Nacional,JOSE LEONE DE OLIVEIRA JUNIOR,Presidente da Comissão,1.0,1122604.27,1369029.6,,"Contratação de empresa especializada em engenharia para executar a obra de implantação de acessibilidade, do campus recife, do instit uto federal de ciência e tecnologia de Pernambu co com fornecimento e aplicação de materiais ne cessários e conforme especificações e demais el ementos técnicos constantes no projeto básico e seus anexos",Av Prof. Luiz Freire 500 Bloco A- Leste - Cidade Universitária/PE,25313,2020-12-22,2020-12-01,2020-12-01,2020-12-01,2020-12-30T20:43:55,False,legado
13001605000122020,13001605122020,21002001210202027,130016,5,PREGÃO,122020,Publicado,eletronico,Nacional,BRUNA LINS BEZERRA PORTO,Chefe do Serviço de Compras,130.0,371.84,66573.14,,"Pregão Eletrônico Aquisições de mate rial de consumo (Produtos Químicos, Biológicos, vidrarias e Materiais Laboratoriais) para supr ir as necessidades do LFSDA-PE.",Rua Dom Manoel de Medeiros S/n - Dois Irmãos/PE,25313,2020-12-11,2020-12-01,2020-12-01,2020-12-01,2021-03-04T07:58:47,False,legado
16019905000482020,16019905482020,64583017923202021,160199,5,PREGÃO,482020,Publicado,eletronico,Nacional,MARIA SANDRA ANDRADE,Ordenadora de Despesas,4.0,67000.0,146009.48,A descrição válida dos iten s é a mesma que consta no termo de referência.,"Pregão Eletrônico Contratação de ser viços de empresa especializada para prestação d e serviço de pintura em paredes interna e exter na em geral, esquadrais metálicas e de madeira com fornecimento de material.","Rua do Hospício, 563 - Boa Vista - Boa Vista/PE",25313,2020-12-14,2020-12-02,2020-12-02,2020-12-02,2021-02-23T10:47:19,False,legado
25704705000282020,25704705282020,25059000857202037,257047,5,PREGÃO,282020,Publicado,eletronico,Nacional,ANTONIO DE CARVALHO SA,Agente de Saúde Pública,2.0,,3411.75,,"Pregão Eletrônico Aquisição de equip amentos (dosadores de cloro) para os Sistemas A lternativos Coletivos de Abastecimento de Água SAC e estabelecimentos de saúde das aldeias i ndígenas de Pernambuco, atendendo às necessidad es do DSEI-PE,",Av. Norte Miguel Arraes de Alencar - Macaxeira/PE,25313,2020-12-15,2020-12-02,2020-12-02,2020-12-02,2021-01-15T13:35:22,False,legado
25704705000292020,25704705292020,25059001844202085,257047,5,PREGÃO,292020,Publicado,eletronico,Nacional,ANTONIO DE CARVALHO SA,Agente de Saúde Pública,5.0,176400.0,0.41,,Pregão Eletrônico Aquisição de fórmu las infantis e suplementos nutricionais para at ender as necessidades dos povos indígenas de Pe rnambuco-DSEI/PE.,Av. Norte Miguel Arraes de Alencar - Macaxeira/PE,25313,2020-12-15,2020-12-02,2020-12-02,2020-12-02,2021-02-03T11:01:42,False,legado
13501205000122020,13501205122020,21198001657202056,135012,5,PREGÃO,122020,Publicado,eletronico,Nacional,NEIDE MEDEIROS GOMES LOPES,Chefe Geral em Exercício,1.0,216992.64,278237.12,,"Pregão Eletrônico Contratação de Emp resa Especializada para Prestação de Serviços d e Vigilância Armada nas dependências da Embrapa Semiárido(Posto Diurno em Escala 12 x 36 hs/Po sto Noturno em Escala 12 x 36 hs, conforme espe cificações no Termo de Referências).",Br 428 Km 152 S/n Zona Rural Caixa Postal 023 - /PE,25216,2020-12-14,2020-12-02,2020-12-02,2020-12-02,2020-12-30T15:24:58,False,legado
16022505000352020,16022505352020,64361008667202096,160225,5,PREGÃO,352020,Publicado,eletronico,Nacional,MARCOS WAGNER RODRIGUES MONTEIRO,Ordenador de Despesas,10.0,80920.0,14833.17,Email: licitacao@baadmcurad o.eb.mil.br,Pregão Eletrônico Contratação de ser viços de locação de banheiros químicos e palanq ues,Avenida Professor Luiz Freire N° 198 - Várzea/PE,25313,2020-12-14,2020-12-02,2020-12-02,2020-12-02,2021-09-01T14:25:32,False,legado
16019405000132020,16019405132020,64318065137202071,160194,5,PREGÃO,132020,Publicado,eletronico,Nacional,JAILSON GOMES DA SILVA,Ordenador de Despesas,164.0,11017.0,587092.44,O descritivo correto é o qu e consta do subitem 1.1. do Termo de Referência .,"Pregão Eletrônico Aquisição de Dispo sitivos Médicos Implantáveis (DMI), para cirurg ias neurológicas e coluna, destinado a suprir n ecessidades das Organizações Militares de Saúde vinculadas à 7ª Região Militar.","Av. Visconde de Sao Leopoldo, 198 - Várzea/PE",25313,2020-12-16,2020-12-02,2020-12-02,2020-12-02,2021-03-17T12:01:55,False,legado
19500205000232020,19500205232020,59500001856202066,195002,5,PREGÃO,232020,Publicado,eletronico,Nacional,AURIVALTER CORDEIRO PEREIRA DA SILVA,Superintendente Regional   3a Sr,1.0,11198200.0,9776.1919,As empresas deverão atender todas as exigências do edital e seus anexos di sponibilizados no sítio eletrônico da Codevasf. https://licitacao.codevasf.gov.br/licitacoes/3 a-superintendencia-regional-petrolina-pe/pregao -eletronico/editais-publicados-em-2020/ Maiore s informações (87) 3866-7722/ 3866-7742.,"Pregão Eletrônico Fornecimento, tran sporte e instalação de reservatório de acumulaç ão de água, visando o abastecimento de comunida des rurais difusas, localizadas em municípios, no Estado de Pernambuco.","Rua Presidente Dutra, 160 - Centro/PE",25216,2020-12-14,2020-12-02,2020-12-02,2020-12-02,2021-01-27T11:06:56,False,legado
15502205001432020,155022051432020,23536018295202080,155022,5,PREGÃO,1432020,Publicado,eletronico,Nacional,JOAO LUIZ CAVALCANTI MARANHAO DE ALBUQUERQUE,Chefe do Setor de Administração,18.0,,74748.31,,Pregão Eletrônico Registro de preços visando a eventual aquisição de Aparelhos de A r Condicionado e Desumidificares de Ar para o H ospital das Clínicas de Pernambuco,Av. Professor Moraes Rego S/n - Cidade Universitária/PE,25313,2020-12-15,2020-12-02,2020-12-02,2020-12-02,2020-12-30T13:04:17,False,legado
16019905000492020,16019905492020,64583018097202038,160199,5,PREGÃO,492020,Publicado,eletronico,Nacional,MARIA SANDRA ANDRADE,Ordenadora de Despesas,1.0,,48857.94,A descrição válida dos iten s é a mesma que consta no termo de referência.,"Pregão Eletrônico Contratação de ser viços de empresa especializada para elaboração de projeto executivo de cabeamento estruturado comtemplando imagem, voz e dados do Hospital Mi litar de Área de Recife.","Rua do Hospício, 563 - Boa Vista - Boa Vista/PE",25313,2020-12-14,2020-12-02,2020-12-02,2020-12-02,2020-12-11T11:26:49,False,legado
13501205000132020,13501205132020,21198002199202072,135012,5,PREGÃO,132020,Publicado,eletronico,Nacional,NEIDE MEDEIROS GOMES LOPES,Chefe Geral em Exercício,4.0,3420.0,118615.0,,Pregão Eletrônico Formação de Regist ro de Preços para eventual aquisição de EQUIPAM ENTOS DE LABORATORIO para a Embrapa Semiárido,Br 428 Km 152 S/n Zona Rural Caixa Postal 023 - /PE,25216,2020-12-14,2020-12-02,2020-12-02,2020-12-02,2020-12-15T09:54:05,False,legado
15484905000012020,1548490512020,23518009795202049,154849,5,PREGÃO,12020,Publicado,eletronico,Nacional,RITA DE CASSIA NEVES LEITE,"Chefe de Divisão de Compras, Licitações e Contratos",149.0,13959.0,59946.45,"Qualquer diferença entre a descrição do sistema e a do Edital, prevalecerá a do Edital.","Pregão Eletrônico Registro de preços para futura aquisição de consumíveis de TIC pa ra atender às necessidades do Instituto Federal de Educação, Ciência e Tecnologia de Pernambuc o Campus Cabo de Santo Agostinho e demais par ticipantes.","Rua Sebastião Joventino, S/n - Destilaria Central Presid.vargas - /PE",23574,2020-12-15,2020-12-03,2020-12-03,2020-12-03,2021-11-08T18:44:36,False,legado
16018205000042020,1601820542020,6438030897202089 ,160182,5,PREGÃO,42020,Publicado,eletronico,Nacional,AMILCAR ALDIR AFFONSO NETO,Ordenador de Despesas,4.0,316575.0,7164.4,,"Pregão Eletrônico O objeto da presen te licitação é a contratação de serviço não con tinuado de limpeza e esgotamento de fossa e red es de esgoto, com a finalidade de compor o Sist ema de Registro de Preços Unificado coordenado pela 7ª Região Militar, com execução mediante o regime de empreitada por preço unitário, visan do atender às necessidades da 7ª Companhia de C omunicações e das Organizações Militares da Gua rnição de Olinda, Recife e Jaboatão dos Guarara pes.","Av. Padre Ibiapina, 300 - Tejipio- Recife - /PE",25313,2020-12-16,2020-12-03,2020-12-03,2020-12-03,2021-06-29T09:23:35,False,legado
78360205000012021,7836020512021,63133001527202018,783602,5,PREGÃO,12021,Publicado,eletronico,Nacional,ANDRE LUIZ DIAS SEDA,Ordenador de Despesas,1.0,349150.0,7.15,,Pregão Eletrônico Registro de Preços para eventual aquisição de Gás Liquefeito de P etróleo (GLP) a granel (KG).,"Av. Olinda Dom Helder Camara, S/n , Complexo Salgadinho - Olinda - /PE",24910,2021-01-18,2021-01-06,2021-01-06,2021-01-06,2021-03-02T10:51:16,False,legado
9003105000022021,900310522021,7164-88.2020.4.05,90031,5,PREGÃO,22021,Publicado,eletronico,Nacional,FRANCISCO REIS NOGUEIRA SOBRINHO,Pregoeiro,1.0,29323.2,47428.8,"Não será permitida a subcon tratação, no todo ou em parte, do objeto deste certame licitatório.Em caso de divergência entr e as especificações técnicas do objeto descrita s no Sistema SIASG do portal Comprasgovernament ais e as descritas neste Edital, prevalecerão e stas.","Pregão Eletrônico Contratação de emp resa para fornecimento e entrega de água minera l, acondicionada em garrafões plásticos de 20 l itros, através de contrato por demanda, para o Tribunal Regional Federal da 5ª Região.","Av.cais do Apolo, S/n - Ed. Min. Djaci Falcao - Bairro do Recife - Bairro do Recife/PE",25313,2021-01-19,2021-01-06,2021-01-06,2021-01-06,2021-03-08T14:21:07,False,legado
16019905000212020,16019905212020,64583007507202015,160199,5,PREGÃO,212020,Publicado,eletronico,Nacional,MARIA SANDRA ANDRADE,Ordenadora de Despesas,28.0,,1636.66,"Em caso de divergência, a d escrição válida dos itens é a que consta no TER MO DE REFERÊNCIA.","Pregão Eletrônico Aquisição de Insum os para consumo de Lavanderia Hospitalar e prod utos para higienização pessoal e desinfecção de pisos, paredes e superfícies","Rua do Hospício, 563 - Boa Vista - Boa Vista/PE",25313,2021-01-20,2021-01-06,2021-01-06,2021-01-06,2021-04-09T09:44:51,False,legado
9003105000032021,900310532021,0000521-17.2020  ,90031,5,PREGÃO,32021,Publicado,eletronico,Nacional,MARCELO NOBRE TAVARES,Pregoeiro,28.0,28400.0,436569.5,,"Pregão Eletrônico Registro de Preços para contratação de serviços continuados na ár ea de auditoria médico-hospitalar e correlatos, bem como de assessoramento técnico ao Programa de Autogestão em Saúde do Tribunal Regional Fe deral da 5ª Região e Seções JudiciáriasTRFME D.","Av. Cais do Apolo, S/n, Ed. Min. Djaci Falcao - Bairro do Recife - /PE",25313,2021-01-18,2021-01-06,2021-01-06,2021-01-06,2021-03-08T14:21:35,False,legado
15442105000072020,1544210572020,23402011445202040,154421,5,PREGÃO,72020,Publicado,eletronico,Nacional,LEANDRO ALEXANDRINO PEREIRA CAMPOS,Pregoeiro,31.0,8200.0,4993.82,,"Pregão Eletrônico Eventual aquisição de Adubos e rações, visando suprir demandas da Fundação Universidade Federal do Vale do São F rancisco.",Av.jose de Sa Maniçoba S/n Centro-campus Universitário Petrolina - Centro/PE,25216,2021-01-20,2021-01-07,2021-01-07,2021-01-07,2021-02-18T10:26:46,False,legado
92640705000012021,9264070512021,2021/000001      ,926407,5,PREGÃO,12021,Publicado,eletronico,Nacional,ROSENILDA DO VALE CALDAS,Pregoeira,1.0,238600.0,216610.0,,"Pregão Eletrônico Aquisição parcelad a conforme demanda, de 04 (quatro) veículos tip o passeio, zero KM, primeiro emplacamento para atender as necessidades do conselho regional de educação física da 12ª regiãoPERNAMBUCOC REF12/PE","Rua Carlos de Oliveira Filho, Nº 135, Prado - Prado/PE",25313,2021-01-20,2021-01-07,2021-01-07,2021-01-07,2021-01-20T14:33:18,False,legado
15502205000012021,1550220512021,23536015838202015,155022,5,PREGÃO,12021,Publicado,eletronico,Nacional,JOAO LUIZ CAVALCANTI MARANHAO DE ALBUQUERQUE,Chefe do Setor de Administração,18.0,75000.0,18809.62,Mais informações: (81) 2126 -3939.,"Pregão Eletrônico Registro de preços visando a eventual aquisição de Material Médic o Hospitalar Terapia de Pressão Negativa, com cessão de equipamentos, em regime de comodato, para atender às necessidades do Hospital das C línicas de Pernambuco",Av. Professor Moraes Rego S/n - Cidade Universitária/PE,25313,2021-01-21,2021-01-08,2021-01-08,2021-01-08,2021-02-25T14:32:52,False,legado
15502205000022021,1550220522021,23536020429202022,155022,5,PREGÃO,22021,Publicado,eletronico,Nacional,JOAO LUIZ CAVALCANTI MARANHAO DE ALBUQUERQUE,Chefe do Setor de Administração,26.0,26546.0,1417.35,Mais informações: (81) 2126 -3939.,Pregão Eletrônico Registro de preços visando a eventual aquisição de Medicamentos G erais para o Hospital das Clínicas de Pernambuc o,Av. Professor Moraes Rego S/n - Cidade Universitária/PE,25313,2021-01-21,2021-01-08,2021-01-08,2021-01-08,2021-03-10T08:11:45,False,legado
39302905000062021,3930290562021,50604000389/20-14,393029,5,PREGÃO,62021,Publicado,eletronico,Nacional,CACILDO DE MEDEIROS BRITO CAVALCANTE,Superintendente,1.0,17769846.47,25630803.62,,"Pregão Eletrônico Contratação de emp resa para execução de Serviços de Manutenção (C onservação/Recuperação) em dois segmentos na Ro dovia BR-232/PE com vistas à execução de Plano de Trabalho e OrçamentoP.A.T.O, trecho: Pont e Lima Castro (Recife)Entr. BR-316 (Parnamir im), subtrecho: Entr. PE-280 (P/Sertânia)Ent r. PE-365 (Serra Talhada), segmento: Km 324,40 ao Km 409,00, perfazendo uma extensão de 84,6 k m, sob a coordenação da Superintendência Region al DNIT/PE.","Av.antonio de Gois, 820 Bairro Pina - Recife - /PE",25313,2021-01-20,2021-01-08,2021-01-08,2021-01-08,2021-01-29T10:13:39,False,legado
7001005000892021,7001005892021,0032145902020    ,70010,5,PREGÃO,892021,Publicado,eletronico,Nacional,LILIAN RAFAELI DUTRA SILVEIRA,Pregoeira,1.0,,50613.72,,"Pregão Eletrônico Contratação de emp resa para execução de serviços de instalação de gradis, instalação de porta, com pintura e imp ermeabilização, com fornecimento de materiais e mão-de-obra, visando Melhoria na Segurança do Fórum de Camaragibe, de acordo com as especific ações constantes do Termo de Referência (ANEXO I) e demais condições estabelecidas no Edital e seus anexos.","Av. Gov. Agamenon Magalhaes, 1.160 (4º Andar, Sala 408) - Graças/PE",25313,2021-01-21,2021-01-08,2021-01-08,2021-01-08,2021-01-08T11:35:03,False,legado
25704705000012021,2570470512021,25059001922202041,257047,5,PREGÃO,12021,Publicado,eletronico,Nacional,ANTONIO DE CARVALHO SA,Agente de Saúde Pública,24.0,,314.6,,Pregão Eletrônico A aquisição de Mat eriais Médico Hospitalares (MMH) para atender à s necessidades do Distrito Sanitário Especial I ndígena Pernambuco (DSEI-PE).,Av. Norte Miguel Arraes de Alencar - Macaxeira/PE,25313,2021-01-22,2021-01-08,2021-01-08,2021-01-08,2021-03-31T14:50:51,False,legado
25704705000022021,2570470522021,25059001373202013,257047,5,PREGÃO,22021,Publicado,eletronico,Nacional,ANTONIO DE CARVALHO SA,Agente de Saúde Pública,9.0,8411.52,8552.03,,"Pregão Eletrônico Aquisição dos insu mos que serão utilizados na execução das ativid ades de monitoramento da qualidade da água, com vistas a atender as medidas de controle e prev enção a saúde da comunidade indígena.",Av. Norte Miguel Arraes de Alencar - Macaxeira/PE,25313,2021-01-22,2021-01-08,2021-01-08,2021-01-08,2021-05-06T10:17:12,False,legado
25704705000032021,2570470532021,25059002022202011,257047,5,PREGÃO,32021,Publicado,eletronico,Nacional,ANTONIO DE CARVALHO SA,Agente de Saúde Pública,2.0,4550.0,13.67,,"Pregão Eletrônico Aquisição de (impr essos) receituários de medicamentos sujeitos a controle especial, para atender às necessidades do Distrito Sanitário Especial Indígena Pern ambuco (DSEI-PE).",Av. Norte Miguel Arraes de Alencar - Macaxeira/PE,25313,2021-01-26,2021-01-08,2021-01-08,2021-01-08,2021-03-17T16:57:39,False,legado
15502205000032021,1550220532021,23536018201202072,155022,5,PREGÃO,32021,Publicado,eletronico,Nacional,JOAO LUIZ CAVALCANTI MARANHAO DE ALBUQUERQUE,Chefe do Setor de Administração,4.0,64420.0,97.23,Mais informações: (81) 2126 -3939.,"Pregão Eletrônico Registro de preços visando a eventual aquisição de Equipos para B omba Infusora, incluída a cessão de 400 (quatro centas) bombas de infusão volumétrica, compatív eis com os equipos, para atender ao Hospital da s Clínicas de Pernambuco",Av. Professor Moraes Rego S/n - Cidade Universitária/PE,25313,2021-01-22,2021-01-11,2021-01-11,2021-01-11,2021-02-01T16:17:09,False,legado
7001005000892020,7001005892020,0032145902020    ,70010,5,PREGÃO,892020,Publicado,eletronico,Nacional,LILIAN RAFAELI DUTRA SILVEIRA,Pregoeira,1.0,50613.72,50613.72,,"Pregão Eletrônico Contratação de emp resa para execução de serviços de instalação de gradis, instalação de porta, com pintura e imp ermeabilização, com fornecimento de materiais e mão-de-obra, visando Melhoria na Segurança do Fórum de Camaragibe, de acordo com as especific ações constantes do Termo de Referência (ANEXO I) e demais condições estabelecidas no Edital e seus anexos.","Av. Gov. Agamenon Magalhaes, 1.160 (4º Andar, Sala 408) - Graças/PE",25313,2021-01-21,2021-01-11,2021-01-11,2021-01-11,2021-03-08T09:22:35,False,legado
78370205000062020,7837020562020,63066002015202010,783702,5,PREGÃO,62020,Publicado,eletronico,Nacional,CASSIO DE SOUZA SANTOS,Ordenador de Despeas,309.0,1250.0,5796.53,,"Pregão Eletrônico Registro de Preços para aquisição de materiais descartáveis, dest inado ao funcionamento da Divisão de Enfermagem deste Hospital Naval na assistência aos usuári os do Sistema de Saúde da Marinha (SSM).","Avenida Cruz Cabuga, 1.200       Santo Amaro - /PE",25313,2021-01-21,2021-01-11,2021-01-11,2021-01-11,2021-09-09T09:24:04,False,legado
12063205000062021,1206320562021,67437.007079/2020,120632,5,PREGÃO,62021,Publicado,eletronico,Nacional,MARCELO FERREIRA PASCOAL,Ordenador de Despesas Delegado,354.0,2295.0,30785.18,,"Pregão Eletrônico Registro de preços para aquisição de MATERIAL HOSPITALAR, para at ender as necessidades do HOSPITAL DE AERONÁUTIC A DE RECIFE.",Av Centenário Alberto Santos Dumont - Jordão/PE,25313,2021-02-11,2021-02-01,2021-02-01,2021-02-01,2022-08-05T09:23:41,False,legado
13501205000012021,1350120512021,21198000066202142,135012,5,PREGÃO,12021,Publicado,eletronico,Nacional,PEDRO CARLOS GAMA DA SILVA,Chefe Geral,1.0,22500.0,13.57,,Pregão Eletrônico Formação de Regist ro de Preços para o eventual fornecimento de Ni trogênio Líquido,Br 428 Km 152 S/n Zona Rural Caixa Postal 023 - /PE,25216,2021-02-11,2021-02-01,2021-02-01,2021-02-01,2021-02-11T12:57:01,False,legado
15518005000032021,1551800532021,23542013635202005,155180,5,PREGÃO,32021,Publicado,eletronico,Nacional,GILBERIO ITALO DE ARAUJO SANTOS,Agente de Licitação,2.0,45000.0,69996.0,,"Pregão Eletrônico Adquirir equipamen tos com software de gerenciamento com o intuito de promover o controle de acesso e frequência de alunos de graduação, pós-graduação e ensino técnico em atividades no Hospital Universitário da Universidade Federal do Vale do São Francis co (HU-Univasf).",Av Jose de Sá Maniçoba S/n Centro - /PE,25216,2021-02-12,2021-02-01,2021-02-01,2021-02-01,2021-03-25T11:38:45,False,legado
15518005000022021,1551800522021,23542010948202001,155180,5,PREGÃO,22021,Publicado,eletronico,Nacional,GILBERIO ITALO DE ARAUJO SANTOS,Agente de Licitação,7.0,1328.4,191.315,,Pregão Eletrônico Gases medicinais c om cessão em regime de comodato de tanque e cil indros,Av Jose de Sá Maniçoba S/n Centro - /PE,25216,2021-02-11,2021-02-01,2021-02-01,2021-02-01,2021-02-26T16:37:08,False,legado
15502205000142021,15502205142021,23536017976202021,155022,5,PREGÃO,142021,Publicado,eletronico,Nacional,JOAO LUIZ CAVALCANTI MARANHAO DE ALBUQUERQUE,Chefe do Setor de Administração,65.0,6750.0,19196.19,,Pregão Eletrônico Registro de preços visando a eventual aquisição de Material Médic o Hospitalar IX para o Hospital das Clínicas de Pernambuco,Av. Professor Moraes Rego S/n - Cidade Universitária/PE,25313,2021-02-11,2021-02-01,2021-02-01,2021-02-01,2021-07-15T16:34:13,False,legado
12063205000052021,1206320552021,67223003746202083,120632,5,PREGÃO,52021,Publicado,eletronico,Nacional,MARCELO FERREIRA PASCOAL,Ordenador de Despesas Delegado,6.0,957440.16,1108176.48,,"Pregão Eletrônico Cessão de uso de á reas da União Federal, sob a responsabilidade d o Comando da Aeronáutica (COMAER), áreas C2, C4 , C7, C8, B15 e B16.","Av Centenário Alberto Santos Dumont - Jordão, Recife - Pe/PE",25313,2021-02-17,2021-02-02,2021-02-02,2021-02-02,2021-03-15T20:24:36,False,legado
78370205000012021,7837020512021,63066000049202151,783702,5,PREGÃO,12021,Publicado,eletronico,Nacional,CASSIO DE SOUZA SANTOS,Ordenador de Despeas,1.0,10000.0,11054.63,,"Pregão Eletrônico Contratação de emp resa de serviço contínuo de realização de exame s de gasometria, com fornecimento de equipament os, em regime de comodato.","Avenida Cruz Cabuga, 1.200 - Santo Amaro/PE",25313,2021-02-23,2021-02-04,2021-02-04,2021-02-04,2021-02-24T13:41:29,False,legado
15502205000152021,15502205152021,23536021350202019,155022,5,PREGÃO,152021,Publicado,eletronico,Nacional,JOAO LUIZ CAVALCANTI MARANHAO DE ALBUQUERQUE,Chefe do Setor de Administração do Hc/ufpe - Ebserh,3.0,10140.0,22.42,Mais informações: (81) 2126 -3939.,"Pregão Eletrônico Registro de preços visando a eventual aquisição de água mineral e m garrafões plásticos de 20 (vinte) litros e ga rrafões de 20L, incluindo a distribuição, para atender às necessidades do Hospital das Clínica s de Pernambuco",Av. Professor Moraes Rego S/n - Cidade Universitária/PE,25313,2021-02-18,2021-02-04,2021-02-04,2021-02-04,2021-03-11T08:53:03,False,legado
15316505000012021,1531650512021,23082014611202060,153165,5,PREGÃO,12021,Publicado,eletronico,Nacional,ALEX SILVA DE SALES,Pregoeiro,1.0,111600.0,111600.0,,"Pregão Eletrônico Aquisição de ração para animais de biotério da Universidade Feder al Rural de Pernambuco, conforme condições, qua ntidades e exigências estabelecidas neste Edita l e seus anexos.",Rua Dom Manoel de Medeiros S/n - Dois Irmaos - /PE,25313,2021-02-18,2021-02-04,2021-02-04,2021-02-04,2021-04-20T15:42:23,False,legado
34400205000082021,3440020582021,520/2020-94      ,344002,5,PREGÃO,82021,Publicado,eletronico,Nacional,ALLAN JONES FARIAS DE ARAUJO,Diretor de Planejamento e Administração,3.0,61200.0,82391.74,,"Pregão Eletrônico O objeto da presen te licitação é a escolha da proposta mais vanta josa para a contratação de empresa de transport es especializada em obras de arte, para execuçã o de serviço de logística, laudos, confecção de caixas de madeira, embalagem, seguro e transpo rte de obras de arte via terrestre, em caminhão climatizado, ida e volta para a realização de exposição Necrobrasiliana,conforme condições, q uantidades e exigências estabelecidas neste Edi tal e seus anexos.","Av. 17 de Agosto, 2187 - Casa_forte - /PE",25313,2021-02-18,2021-02-04,2021-02-04,2021-02-04,2021-03-19T11:52:29,False,legado
34400205000292020,34400205292020,389/2020-65      ,344002,5,PREGÃO,292020,Publicado,eletronico,Nacional,ALLAN JONES FARIAS DE ARAUJO,Diretor de Planejamento e Administração,204.0,,3279.28,,"Pregão Eletrônico O objeto da presen te licitação é a escolha da proposta mais vanta josa para aquisição de material de expediente, com critérios de sustentabilidade, destinado a reposição de estoque do Almoxarifado Central, p ertencente a Fundação Joaquim Nabuco, conforme condições, quantidades e exigências estabelecid as neste Edital e seus anexos.","Av. 17 de Agosto, 2187 - Casa_forte - /PE",25313,2021-02-24,2021-02-05,2021-02-05,2021-02-05,2021-08-12T10:20:25,False,legado
7001005000052021,700100552021,0018426.41.2020  ,70010,5,PREGÃO,52021,Publicado,eletronico,Nacional,CRISTIANE KOZIKOWSKI PACHECO NOCKO,Pregoeira,8.0,,39.43,,"Pregão Eletrônico Eventual aquisição de gêneros alimentícios (Café Superior Torrado e Moído, Açúcar Cristal Branco, Chás e Adoçant e Dietético), de acordo com as especificações c onstantes do Termo de Referência (ANEXO I) do E dital.","Av. Gov. Agamenon Magalhaes, 1.160 - Gracas, 4º Andar - Sala 408 - Graças/PE",25313,2021-02-19,2021-02-05,2021-02-05,2021-02-05,2021-03-24T12:15:00,False,legado
7001005000042021,700100542021,0027631-94.2020  ,70010,5,PREGÃO,42021,Publicado,eletronico,Nacional,JOANA D ARC SIMOES DE BARROS,Pregoeira,1.0,28599.9,74460.0,,"Pregão Eletrônico Contratação de emp resa para prestação de serviços de manutenção p reventiva e corretiva em grupo motor-gerador (G MG), de 340 KVA, e em seus sistemas de supervis ão, controle e transferência de energia elétric a, de forma continuada, do Centro Administrativ o Eleitoral do TRE-PE (QG Bongi), de acordo com as especificações constantes do Termo de Refer ência (ANEXO I), da Planilha de Serviços Veri ficações Periódicas (ANEXO III), e demais condi ções estabelecidas no Edital.","Av. Gov. Agamenon Magalhaes, 1.160 - Sala 408 - Graças/PE",25313,2021-02-22,2021-02-05,2021-02-05,2021-02-05,2021-03-30T15:21:58,False,legado
12063205000072021,1206320572021,67230006145202033,120632,5,PREGÃO,72021,Publicado,eletronico,Nacional,MARCELO FERREIRA PASCOAL,Ordenador de Despesa Delegado,1193.0,,601315.6,,"Pregão Eletrônico Registro de preços para eventual contratação de serviços comuns d e engenharia com fornecimento de materiais iner entes à execução dos serviços de manutenções co rretivas e preventivas dos bens imóveis adminis trados pelo terceiro centro integrado de defesa aérea e controle de tráfego aéreo (CINDACTA II I) de propriedade ou sob permissão de uso da un ião, para atender às necessidades do CINDACTA I II (Sede em Recife)",Av Centenário Alberto Santos Dumont - Jordão/PE,25313,2021-02-19,2021-02-05,2021-02-05,2021-02-05,2021-03-10T15:08:50,False,legado
12063205000102021,12063205102021,67230006145202033,120632,5,PREGÃO,102021,Publicado,eletronico,Nacional,MARCELO FERREIRA PASCOAL,Ordenador de Despesa Delegado,1129.0,,461454.7,,"Pregão Eletrônico Registro de preços para eventual contratação de serviços comuns d e engenharia com fornecimento de materiais iner entes à execução dos serviços de manutenções co rretivas e preventivas dos bens imóveis adminis trados pelo terceiro centro integrado de defesa aérea e controle de tráfego aéreo (CINDACTA II I) de propriedade ou sob permissão de uso da un ião, para atender às necessidades do destacamen to de controle do espaço aéreo de Fernando de N oronha",Av Centenário Alberto Santos Dumont - Jordão/PE,25313,2021-02-19,2021-02-05,2021-02-05,2021-02-05,2021-03-10T15:12:37,False,legado
15442105000022021,1544210522021,23402018634201918,154421,5,PREGÃO,22021,Publicado,eletronico,Nacional,LUIZ CARLOS PINTO RIBEIRO,Pregoeiro,40.0,43775.0,2383.31,,"Pregão Eletrônico Objetiva-se a cont ratação de Serviços Gráficos e Fotográficos, vi sando suprir demandas de programas do Projeto d e Integração do rio São Francisco-PISF da UNIVA SF.",Av.jose de Sa Maniçoba S/n Centro-campus Universitário Petrolina - Centro/PE,25216,2021-02-19,2021-02-05,2021-02-05,2021-02-05,2021-05-04T17:34:38,False,legado
15502205000162021,15502205162021,23536022984202099,155022,5,PREGÃO,162021,Publicado,eletronico,Nacional,JOAO LUIZ CAVALCANTI MARANHAO DE ALBUQUERQUE,Chefe do Setor de Administração do Hc/ufpe - Ebserh,13.0,14889.6,14446.63,Mais informações: (81) 2126 -3939.,Pregão Eletrônico Registro de preços visando a eventual aquisição de Medicamentos B iológicos para o Hospital das Clínicas de Perna mbuco Filial Ebserh.,Av. Professor Moraes Rego S/n - Cidade Universitária/PE,25313,2021-02-19,2021-02-05,2021-02-05,2021-02-05,2021-04-22T09:17:23,False,legado
15316505000022021,1531650522021,23082014190202078,153165,5,PREGÃO,22021,Publicado,eletronico,Nacional,ALEX SILVA DE SALES,Pregoeiro,8.0,27368.2,38237.98,,"Pregão Eletrônico Aquisição de unifo rmes para atender as necessidades da Divisão de Segurança Universitária da Universidade Federa l Rural de Pernambuco (UFRPE), conforme condiçõ es, quantidades e exigências estabelecidas nest e Edital e seus anexos.",Rua Dom Manoel de Medeiros S/n - Dois Irmaos - /PE,25313,2021-02-19,2021-02-05,2021-02-05,2021-02-05,2021-06-11T17:08:45,False,legado
12063205000122021,12063205122021,67230006145202033,120632,5,PREGÃO,122021,Publicado,eletronico,Nacional,MARCELO FERREIRA PASCOAL,Ordenador de Despesa Delegado,1154.0,,594673.88,,"Pregão Eletrônico Registro de preços para eventual contratação de serviços comuns d e engenharia com fornecimento de materiais iner entes à execução dos serviços de manutenções co rretivas e preventivas dos bens imóveis adminis trados pelo terceiro centro integrado de defesa aérea e controle de tráfego aéreo (CINDACTA II I) de propriedade ou sob permissão de uso da un ião, para atender às necessidades do destacamen to de controle do espaço aéreo de Maceió",Av Centenário Alberto Santos Dumont - Jordão/PE,25313,2021-02-22,2021-02-08,2021-02-08,2021-02-08,2021-03-10T15:14:37,False,legado
12063205000082021,1206320582021,67230006145202033,120632,5,PREGÃO,82021,Publicado,eletronico,Nacional,MARCELO FERREIRA PASCOAL,Ordenador de Despesa Delegado,1134.0,,565747.32,,"Pregão Eletrônico Registro de preços para eventual contratação de serviços comuns d e engenharia com fornecimento de materiais iner entes à execução dos serviços de manutenções co rretivas e preventivas dos bens imóveis adminis trados pelo terceiro centro integrado de defesa aérea e controle de tráfego aéreo (CINDACTA II I) de propriedade ou sob permissão de uso da un ião, para atender às necessidades do destacamen to de controle do espaço aéreo de Aracajú",Av Centenário Alberto Santos Dumont - Jordão/PE,25313,2021-02-22,2021-02-08,2021-02-08,2021-02-08,2021-03-10T15:10:40,False,legado
15502205000262021,15502205262021,23536000763202141,155022,5,PREGÃO,262021,Publicado,eletronico,Nacional,JOAO LUIZ CAVALCANTI MARANHAO DE ALBUQUERQUE,Chefe do Setor de Administração,4.0,188496.0,66.76,,"Pregão Eletrônico Registro de preços visando a eventual aquisição de Água Potável e m caminhão pipa, para o serviço de diálise, ber çário, sondário/lactário, UTI Neonatal, banco d e sangue e serviço de material e esterilização, além de suprir o abastecimento dos demais set ores do Hospital das Clínicas de Pernambuco F ilial Ebserh.",Av. Professor Moraes Rego S/n - Cidade Universitária/PE,25313,2021-03-10,2021-02-26,2021-02-26,2021-03-01,2021-03-30T15:38:49,False,legado
15502205000302021,15502205302021,23536019854202079,155022,5,PREGÃO,302021,Publicado,eletronico,Nacional,JOAO LUIZ CAVALCANTI MARANHAO DE ALBUQUERQUE,Chefe do Setor de Administração do Hc/ufpe - Ebserh,79.0,,61956.03,Mais informações: (81) 2126 -3939.,"Pregão Eletrônico Registro de preços visando a eventual aquisição de Material Médic o Hospitalar Órteses e Próteses, com cessão d e Equipamentos e Instrumentais, para o Hospital das Clínicas de Pernambuco",Av. Professor Moraes Rego S/n - Cidade Universitária/PE,25313,2021-03-12,2021-03-01,2021-03-01,2021-03-01,2021-04-09T11:58:59,False,legado
15518005000062021,1551800562021,23542001388202177,155180,5,PREGÃO,62021,Publicado,eletronico,Nacional,GILBERIO ITALO DE ARAUJO SANTOS,Agente de Licitação,122.0,137600.0,4940.16,,Pregão Eletrônico Aquisição de medic amentos.,Av Jose de Sá Maniçoba S/n Centro - /PE,25216,2021-03-11,2021-03-01,2021-03-01,2021-03-01,2021-04-08T14:11:32,False,legado
17005505000022021,1700550522021,10480100079202117,170055,5,PREGÃO,22021,Publicado,eletronico,Nacional,JOSE BERNARDO DA SILVA,Chefe Sisup/drl/sra/pe,1.0,16450.0,25943.28,,"Pregão Eletrônico Contratação de emp resa para prestação dos serviços de manutenção preventiva e corretiva, sem reposição de peças, nos elevadores da Superintendência Regional de Administração do Ministério da Economia no Est ado de Pernambuco/SRA/PE.","Av. Alfredo Lisboa, 1168 - Bairro do Recife/PE",25313,2021-03-12,2021-03-01,2021-03-01,2021-03-01,2021-03-22T11:37:43,False,legado
92617105000042021,9261710542021,25800.000565/2020,926171,5,PREGÃO,42021,Publicado,eletronico,Nacional,MIRELLA MUZZI DE LIMA,Pregoeira,1.0,,306818.82,"Demais especificações const am no Termo de Referência, anexo I do edital.","Pregão Eletrônico Contratação de emp resa especializada para serviço de coleta, tran sporte e destinação final de Resíduos Perigosos e Não Perigosos, Classes I, II-A e II-B (NBR A BNT 10.004), incluindo a disponibilização de mã o-de-obra para operação da central de resíduos na unidade fabril da Hemobrás, em Goiana/PE.","Rua Professor Aloísio Pessoa de Araújo, 75, Empresarial Bvc, 8º e 9º Andares. - Boa Viagem/PE",25313,2021-03-11,2021-03-01,2021-03-01,2021-03-01,2021-04-01T16:38:48,False,legado
16020005000222020,16020005222020,64621010585202001,160200,5,PREGÃO,222020,Publicado,eletronico,Nacional,ANTONIO DOUGLAS NEVES SANTOS,Ordenador de Despesas,56.0,16590.0,85317.09,,Pregão Eletrônico Aquisição de mater iais e equipamentos de oficina,Av. 17 de Agosto 784 - Casa Forte - /PE,25313,2021-03-15,2021-03-03,2021-03-03,2021-03-03,2021-07-21T10:51:40,False,legado
15518005000072021,1551800572021,23542001472202191,155180,5,PREGÃO,72021,Publicado,eletronico,Nacional,GILBERIO ITALO DE ARAUJO SANTOS,Agente de Licitação,134.0,50984.52,5718.5,,Pregão Eletrônico Aquisição de mater ial médico A,Av Jose de Sá Maniçoba S/n Centro - /PE,25216,2021-03-15,2021-03-03,2021-03-03,2021-03-03,2021-06-17T15:26:37,False,legado
15502205000322021,15502205322021,23536025388202061,155022,5,PREGÃO,322021,Publicado,eletronico,Nacional,JOAO LUIZ CAVALCANTI MARANHAO DE ALBUQUERQUE,Chefe do Setor de Administração do Hc/ufpe - Ebserh,16.0,,16.82,Mais informações: (81) 2126 -3939.,"Pregão Eletrônico Registro de preços visando a eventual aquisição de Material para Coleta de Sangue (com cessão de equipamento com patível para o grupo 1, e outros itens sem cess ão de equipamento, para a Agência Transfusional ) para o Hospital das Clínicas de Pernambuco.",Av. Professor Moraes Rego S/n - Cidade Universitária/PE,25313,2021-03-16,2021-03-03,2021-03-03,2021-03-03,2021-04-13T13:37:29,False,legado
15502205000312021,15502205312021,23536021803202015,155022,5,PREGÃO,312021,Publicado,eletronico,Nacional,JOAO LUIZ CAVALCANTI MARANHAO DE ALBUQUERQUE,Chefe do Setor de Administração do Hc/ufpe - Ebserh,1.0,102000.0,212500.0,Mais informações: (81) 2126 -3939.,"Pregão Eletrônico Aquisição de TIRAS REAGENTES PARA DETERMINAÇÃO DE GLICOSE NO SANG UE COM CESSÃO DE 100 (CEM) LEITORES DIGITAIS CO MPATÍVEIS em regime de Comodato, conforme cond ições, quantidades e exigências estabelecidas n este Edital e seus Anexos.",Av. Professor Moraes Rego S/n - Cidade Universitária/PE,25313,2021-03-16,2021-03-03,2021-03-03,2021-03-03,2021-04-15T15:15:50,False,legado
51067705000032021,5106770532021,35014004936202178,510677,5,PREGÃO,32021,Publicado,eletronico,Nacional,HALISSON NUNES DA ROCHA,"Chefe da Divisão de Orçamento, Finanças e Logística",1.0,5223399.48,5968158.0,,Pregão Eletrônico Contratação dos se rviços de segurança e vigilância patrimonial a serem executados nas dependências das unidades vinculadas às Gerências Executivas em Natal/RN e Mossoró/RN,"Av. Dantas Barreto, Nº 300 , Sala 101 - Santo Antonio/PE",25313,2021-03-16,2021-03-03,2021-03-03,2021-03-03,2021-03-25T16:30:51,False,legado
25704705000052021,2570470552021,25059002227201963,257047,5,PREGÃO,52021,Publicado,eletronico,Nacional,ANTONIO DE CARVALHO SA,Agente de Saúde Pública,7.0,,1055335.0,,"Pregão Eletrônico Aquisição de veícu los oficiais, com finalidade de atender as nece ssidades de transporte do Distrito Sanitário Es pecial Indígena de Pernambuco, objetivando auxi liar o transporte de profissionais das equipes multidisciplinares de saúde na assistência às c omunidades indígenas nas diversas ações de saúd e, bem como no desempenho de suas atividades té cnicas e administrativas.",Av. Norte Miguel Arraes de Alencar - Macaxeira/PE,25313,2021-03-15,2021-03-03,2021-03-03,2021-03-03,2021-03-22T10:50:30,False,legado
12063205000212021,12063205212021,67437036991201928,120632,5,PREGÃO,212021,Publicado,eletronico,Nacional,ALEXANDRE SILVA DOS SANTOS,Ordenador de Despesas Delegado,3.0,1011032.82,1273032.82,,"Pregão Eletrônico Contratação de Emp resa especializada para fins de prestação de se rviço de gestão do parque de equipamentos médic o-hospitalares do Hospital de Aeronáutica de Re cife (HARF) incluindo manutenção preventiva, co rretiva e fornecimento de material.",Av Centenário Alberto Santos Dumont - Jordão/PE,25313,2021-03-15,2021-03-03,2021-03-03,2021-03-03,2021-04-14T15:29:35,False,legado
16022505000392020,16022505392020,64361005316202023,160225,5,PREGÃO,392020,Publicado,eletronico,Nacional,MARCOS WAGNER RODRIGUES MONTEIRO,Ordenador de Despesas,11.0,,14466.36,,Pregão Eletrônico Aquisições de mate riais médicos DGP para atender as Base Administ rativa do Curado.,Avenida Professor Luiz Freire N° 198 - Várzea/PE,25313,2021-03-15,2021-03-03,2021-03-03,2021-03-03,2022-02-14T15:25:59,False,legado
15518005000082021,1551800582021,23542000628202116,155180,5,PREGÃO,82021,Publicado,eletronico,Nacional,LUCAS SOARES SOUZA,Agente de Licitação,26.0,250.0,1325.2934,,Pregão Eletrônico Aquisição de MATER IAIS DE CONSUMO LABORATORIAL REMANESCENTES par a utilização e realização de exames laboratoria is de Análises Clínicas e Anatomia Patológica v isando atender às necessidades da Unidade de La boratório de Análises Clínicas do Hospital de E nsino Doutor Washington Antônio de Barros HU UNIVASF.,Av Jose de Sá Maniçoba S/n Centro - /PE,25216,2021-03-16,2021-03-04,2021-03-04,2021-03-04,2021-04-09T10:11:35,False,legado
92617105000052021,9261710552021,25800.002080/2020,926171,5,PREGÃO,52021,Publicado,eletronico,Nacional,MIRELLA MUZZI DE LIMA,Pregoeira,1.0,221468.0,373758.91,"Demais informações constam no Termo de Referência, anexo I do edital.","Pregão Eletrônico Prestação de Servi ço Móvel Pessoal (SMP), com habilitação de linh as e fornecimento de chip (no tamanho nano com adaptadores para micro-sim e mini-sim) com tecn ologia GSM ou superior, na modalidade local, lo nga distância nacional (LDN), longa distância i nternacional (LDI), roaming nacional e internac ional, bem como, pacote de dados (internet), pa ra acesso habilitado do tipo PÓS PAGO, modo dig ital, mediante portabilidade dos atuais números .","Rua Professor Aloísio Pessoa de Araújo, 75, Empresarial Bvc, 8º e 9º Andares. - Boa Viagem/PE",25313,2021-03-17,2021-03-04,2021-03-04,2021-03-04,2021-03-17T17:54:17,False,legado
15502205000332021,15502205332021,23536024418202011,155022,5,PREGÃO,332021,Publicado,eletronico,Nacional,JOAO LUIZ CAVALCANTI MARANHAO DE ALBUQUERQUE,Chefe do Setor de Administração,41.0,,2387.63,,Pregão Eletrônico Registro de preços visando a eventual aquisição de Medicamentos G erais para atender demanda do Hospital das Clín icas de Pernambuco Filial Ebserh.,Av. Professor Moraes Rego S/n - Cidade Universitária/PE,25313,2021-03-16,2021-03-04,2021-03-04,2021-03-04,2021-04-20T12:11:53,False,legado
16017705000122020,16017705122020,64107016267202065,160177,5,PREGÃO,122020,Publicado,eletronico,Nacional,ULISSES DA SILVA BARALDO,Ordenador de Despesas,39.0,,56652.65,,Pregão Eletrônico Pregão Eletrônico destinado a aquisição de material permanente da seção de saúde do 71º Batalhão de Infantaria M otorizado.,"Rod Br 423, Km 94 - Heliópolis - Heliópolis/PE",24198,2021-03-16,2021-03-04,2021-03-04,2021-03-04,2021-06-01T14:11:50,False,legado
16019805000012021,1601980512021,64453000089202100,160198,5,PREGÃO,12021,Publicado,eletronico,Nacional,VINICIUS DE MORAES CUNHA,Ordenador de Despesas,215.0,60000.0,753023.33,,Pregão Eletrônico Eventual aquisição de material permanente (PASA) para atender as necessidades do 7º D Sup e Unidades Gestoras Pa rticipantes.,Rua General Estilac Leal Nº 439 - Cabanga - Recife - Cabanga/PE,25313,2021-03-16,2021-03-04,2021-03-04,2021-03-04,2022-04-25T14:48:22,False,legado
78370205000022021,7837020522021,63066000209202161,783702,5,PREGÃO,22021,Publicado,eletronico,Nacional,CASSIO DE SOUZA SANTOS,Ordenador de Despeas,443.0,450.0,15366.08,,Pregão Eletrônico Aquisição de Medic amentos Gerais Padronizados para atender às nec essidades do Hospital Naval de Recife.,"Avenida Cruz Cabuga, 1.200 - Santo Amaro/PE",25313,2021-03-16,2021-03-04,2021-03-04,2021-03-04,2021-05-20T08:59:31,False,legado
15502205000352021,15502205352021,23536023951202066,155022,5,PREGÃO,352021,Publicado,eletronico,Nacional,JOAO LUIZ CAVALCANTI MARANHAO DE ALBUQUERQUE,Chefe do Setor de Administração,38.0,,1101.58,,Pregão Eletrônico Registro de preços visando a eventual aquisição de Fios de Sutura e Hemostáticos II para o Hospital das Clínicas de Pernambuco Filial Ebserh.,Av. Professor Moraes Rego S/n - Cidade Universitária/PE,25313,2021-03-18,2021-03-05,2021-03-05,2021-03-05,2021-06-02T12:04:45,False,legado
17005805000082020,1700580582020,19615720707202098,170058,5,PREGÃO,82020,Publicado,eletronico,Nacional,DREYFUS DIOGENES DE LIMA,Chefe Selic/srrf04,38.0,,17247.43,,"Pregão Eletrônico Aquisição de bater ias para nobreaks, conforme condições, quantida des e exigências estabelecidas no edital e anex os.","Av. Alfredo Lisboa, 1152, 2º Andar, Bairro do Recife Antigo - /PE",25313,2021-03-17,2021-03-05,2021-03-05,2021-03-05,2021-04-16T08:47:52,False,legado
92617105000062021,9261710562021,25800.002819/2020,926171,5,PREGÃO,62021,Publicado,eletronico,Nacional,MIRELLA MUZZI DE LIMA,Pregoeira,29.0,,153138.86,"O descritivo dos equipament os a serem calibrados e demais especificações c onstam no Termo de Referência, Anexo I do edita l.",Pregão Eletrônico Contratação de emp resa especializada para prestação de Serviço de calibração/ ajuste dos equipamentos / instrume ntos que compõem os planos de calibração das ár eas técnicas da Hemobrás.,"Rua Professor Aloísio Pessoa de Araújo, 75, Empresarial Bvc, 8º e 9º Andares. - Boa Viagem/PE",25313,2021-03-18,2021-03-05,2021-03-05,2021-03-05,2021-03-19T11:58:17,False,legado
16022505000052021,1602250552021,64361000711202109,160225,5,PREGÃO,52021,Publicado,eletronico,Nacional,MARCOS WAGNER RODRIGUES MONTEIRO,Ordenador de Despesas,5.0,15225.0,44.52,Fone: (81) 2129-6638 Email : licitacao@baadmcurado.eb.mil.br,"Pregão Eletrônico Aquisição de servi ços de lavanderia, a fim de atender uma possíve l necessidade interna da Base Administrativa do Curado.",Avenida Professor Luiz Freire N° 198 - Várzea/PE,25313,2021-03-17,2021-03-05,2021-03-05,2021-03-05,2021-03-26T10:31:52,False,legado
15518005000052021,1551800552021,23542000888202191,155180,5,PREGÃO,52021,Publicado,eletronico,Nacional,JORGE ALBERTO SANTANA DE JESUS,Agente de Licitação,46.0,,64833.91,,Pregão Eletrônico A aquisição de Dis positivos Médicos Hospitalares (DMI/OPME) para atendimento das demandas cirúrgicas do Hospital de Ensino da Universidade Federal do Vale do S ão Francisco.,Av Jose de Sá Maniçoba S/n Centro - /PE,25216,2021-03-17,2021-03-05,2021-03-05,2021-03-05,2021-04-09T10:16:56,False,legado
25704705000062021,2570470562021,25059002233202054,257047,5,PREGÃO,62021,Publicado,eletronico,Nacional,ANTONIO DE CARVALHO SA,Agente de Saúde Pública,52.0,2395.0,215.92,,"Pregão Eletrônico Aquisição de Medic amentos que foram desertos ou desclassificados em processos licitatórios no exercício de 2020, para atender às necessidades do Distrito Sanit ário Especial IndígenaPernambuco (DSEI-PE).",Av. Norte Miguel Arraes de Alencar - Macaxeira/PE,25313,2021-03-18,2021-03-05,2021-03-05,2021-03-05,2021-06-21T09:21:41,False,legado
15502205000342021,15502205342021,23536021301202066,155022,5,PREGÃO,342021,Publicado,eletronico,Nacional,JOAO LUIZ CAVALCANTI MARANHAO DE ALBUQUERQUE,Chefe do Setor de Administração,8.0,12030.0,106.15,,Pregão Eletrônico Registro de preços visando a eventual aquisição de Produtos Quimi cos e Insumos Laboratoriais para o Hospital das Clínicas de Pernambuco Filial Ebserh.,Av. Professor Moraes Rego S/n - Cidade Universitária/PE,25313,2021-03-19,2021-03-05,2021-03-05,2021-03-05,2021-04-23T14:27:13,False,legado
15316505000042021,1531650542021,23082002688202138,153165,5,PREGÃO,42021,Publicado,eletronico,Nacional,ALEX SILVA DE SALES,Pregoeiro,45.0,476931.15,697745.1,,"Pregão Eletrônico Aquisição de ração animal e suplementos, de forma parcelada, conf orme condições, quantidades e exigências estabe lecidas neste Edital e seus anexos.",Rua Dom Manoel de Medeiros S/n - Dois Irmaos - /PE,25313,2021-03-17,2021-03-05,2021-03-05,2021-03-05,2021-03-25T08:22:18,False,legado
15502205000362021,15502205362021,23536022175202087,155022,5,PREGÃO,362021,Publicado,eletronico,Nacional,JOAO LUIZ CAVALCANTI MARANHAO DE ALBUQUERQUE,Chefe do Setor de Administração do Hc/ufpe - Ebserh,9.0,2614.8,1380.25,Mais informações: (81) 2126 -3939.,"Pregão Eletrônico Registro de preços visando a eventual aquisição de Papel Grau Cir úrgico, com Cessão de Equipamentos em Regime de Comodato, para o Hospital das Clínicas de Pern ambuco",Av. Professor Moraes Rego S/n - Cidade Universitária/PE,25313,2021-03-22,2021-03-05,2021-03-05,2021-03-05,2021-04-20T12:02:40,False,legado
16017705000012021,1601770512021,64107000103202105,160177,5,PREGÃO,12021,Publicado,eletronico,Nacional,ULISSES DA SILVA BARALDO,Ordenador de Despesas,2.0,647988.0,836.98,,Pregão Eletrônico Contratação de Ser viços de Locação de Veículos para o Escritório da Operação Carro Pipa do 71º BIMtz.,"Rod Br 423, Km 94 - Heliópolis - Heliópolis/PE",24198,2021-04-19,2021-04-01,2021-04-01,2021-04-01,2021-12-09T11:42:35,False,legado
16017805000012021,1601780512021,64091001093202133,160178,5,PREGÃO,12021,Publicado,eletronico,Nacional,LUIZ ANTONIO FREIRE DE PAIVA JUNIOR,Ordenador de Despesas,2.0,410.0,820.0,,"Pregão Eletrônico Escolha da propost a mais vantajosa para cessão de uso de imóveis do 14º BI Mtz, para instalações de barbearias.","Av Gen Manoel Rabelo, 1950 - Socorro - /PE",24570,2021-04-14,2021-04-01,2021-04-01,2021-04-01,2021-04-22T16:57:54,False,legado
92617105000102021,92617105102021,25800.002819-2020,926171,5,PREGÃO,102021,Publicado,eletronico,Nacional,MIRELLA MUZZI DE LIMA,Pregoeira,29.0,146971.8,153138.46,"Demais especificações const am no Termo de Referência, anexo I do edital.",Pregão Eletrônico Serviço de calibra ção/ ajuste dos equipamentos / instrumentos que compõem os planos de calibração das áreas técn icas da Hemobrás.,"Rua Professor Aloísio Pessoa de Araújo, Nº 75, Edifício Boa Viagem Corporate, 8º e 9 - Boa Viagem/PE",25313,2021-04-14,2021-04-01,2021-04-01,2021-04-01,2021-05-20T16:59:13,False,legado
16019405000052020,1601940552020,64318049112202020,160194,5,PREGÃO,52020,Publicado,eletronico,Nacional,JAILSON GOMES DA SILVA,Ordenador de Despesas,83.0,,241549.5449,,Pregão Eletrônico Aquisição de Mobil iário em geral.,"Av. Visconde de Sao Leopoldo, 198 - Engenho do Meio - Várzea/PE",25313,2021-04-14,2021-04-01,2021-04-01,2021-04-01,2021-08-02T13:42:17,False,legado
13001605000042021,1300160542021,21002001210202027,130016,5,PREGÃO,42021,Publicado,eletronico,Nacional,VERA LUCIA RODRIGUES CHAVES,Pregoeira,52.0,1373.4,13645.83,,"Pregão Eletrônico Aquisições de mate rial de consumo (Produtos Químicos, Biológicos, vidrarias e Materiais Laboratoriais) para supr ir as necessidades do LFSDA-PE.",Rua Dom Manoel de Medeiros S/n - Dois Irmaos - /PE,25313,2021-04-15,2021-04-01,2021-04-01,2021-04-01,2021-10-06T11:12:33,False,legado
15518005000152021,15518005152021,23542000342202131,155180,5,PREGÃO,152021,Publicado,eletronico,Nacional,LUCAS SOARES SOUZA,Agente de Licitações,1.0,39294.0,261.96,,Pregão Eletrônico Serviço de Restaur ação dos Estofados das Poltronas de Acompanhant es do HU-UNIVASF,Av Jose de Sá Maniçoba S/n Centro - /PE,25216,2021-04-27,2021-04-05,2021-04-05,2021-04-05,2021-05-04T11:50:21,False,legado
25704705000092021,2570470592021,25059000235202190,257047,5,PREGÃO,92021,Publicado,eletronico,Nacional,ANTONIO DE CARVALHO SA,Agente de Saúde Pública,88.0,,810.8,,"Pregão Eletrônico Aquisição de mater iais de expediente para abastecimento do DSEI-P E (Sede, CASAI, Polos Administrativos e Polos B ase).",Av. Norte Miguel Arraes de Alencar - Macaxeira/PE,25313,2021-04-19,2021-04-06,2021-04-06,2021-04-06,2021-04-22T14:09:18,False,legado
25704705000082021,2570470582021,25059001021202050,257047,5,PREGÃO,82021,Publicado,eletronico,Nacional,ANTONIO DE CARVALHO SA,Agente de Saúde Pública,1.0,274560.0,277440.0,,"Pregão Eletrônico Contratação de emp resa para prestação de serviços continuados de locação de veículos, inclusos combustível, manu tenção e motorista, situado em área estratégica na comunidade, para atender às necessidades do Distrito Sanitário Especial Indígena em Pernam buco, no atendimento as áreas da etnia Kambiwá/ Tuxá, município de Inajá/Ibimirim-PE.",Av. Norte Miguel Arraes de Alencar - Macaxeira/PE,25313,2021-04-22,2021-04-06,2021-04-06,2021-04-06,2021-05-12T14:51:04,False,legado
7001005000152021,7001005152021,0033087-25.2020  ,70010,5,PREGÃO,152021,Publicado,eletronico,Nacional,WILLAMS DE LUCENA ALVES,Pregoeiro,1.0,17031.0,26862.06,,"Pregão Eletrônico Aquisição de licen ças SSL VPN para o firewall SonicWall NSA 5600, de acordo com as especificações técnicas e as condições constantes do Termo de Referência (AN EXO ÚNICO) do Edital.","Av. Gov. Agamenon Magalhaes, 1.160, 4º Andar, Sala 408 - Graças/PE",25313,2021-04-19,2021-04-06,2021-04-06,2021-04-06,2021-04-22T15:37:14,False,legado
16019905000372020,16019905372020,64583013188202087,160199,5,PREGÃO,372020,Publicado,eletronico,Nacional,MARIA SANDRA ANDRADE,Ordenadora de Despesas,38.0,,2029.6,"Ocorrendo possíveis divergê ncias entre a descrição do item contido neste T ermo e a descrição vinculada ao código do mater ial no sistema Comprasnet(CATMAT), prevalecerá a descrição contida no Termo de Referência.",Pregão Eletrônico Aquisição de Produ tos para Saúde CME.,"Rua do Hospício, 563 - Boa Vista - Boa Vista/PE",25313,2021-04-16,2021-04-06,2021-04-06,2021-04-06,2021-08-18T11:33:54,False,legado
15518005000092021,1551800592021,23542002423202175,155180,5,PREGÃO,92021,Publicado,eletronico,Nacional,LUCAS SOARES SOUZA,Agente de Licitação,62.0,,73194.08,,Pregão Eletrônico A aquisição de Dis positivos Médicos Hospitalares (DMI/OPME) para atendimento das demandas cirúrgicas do Hospital de Ensino da Universidade Federal do Vale do S ão Francisco.,Av Jose de Sá Maniçoba S/n Centro - /PE,25216,2021-04-16,2021-04-06,2021-04-06,2021-04-06,2021-07-15T14:05:03,False,legado
39302905000892021,39302905892021,50604000006202189,393029,5,PREGÃO,892021,Publicado,eletronico,Nacional,EDUARDO DA COSTA PEREIRA DE OLIVEIRA,Pregoeiro,3.0,65290.93,83209.89,,"Pregão Eletrônico Serviços de admini stração, gerenciamento e controle da manutenção preventiva e corretiva de veículos oficiais, c om fornecimento de peças, acessórios de origina is de reposição e transporte por guincho atravé s de rede de estabelecimentos credenciados, med iante implantação e operação de sistema informa tizado e integrado para gestão de frota, por me io da rede mundial de computadores, para atende r a frota automotiva da Superintendência Region al do Departamento Nacional/PE.","Av.antonio de Gois, 820 Bairro Pina - Recife - /PE",25313,2021-04-20,2021-04-07,2021-04-07,2021-04-07,2021-04-26T15:02:27,False,legado
16018305000042021,1601830542021,64108014766202199,160183,5,PREGÃO,42021,Publicado,eletronico,Nacional,WESLEY CASTRO SILVA,Ordenador de Despesas,106.0,691.65,3395.99,,"Pregão Eletrônico Registro de preço para eventual Aquisição de Medicamentos e mater iais descartáveis Médico-Hospitalar, para a pre stação de serviços de saúde nesta instituição.","Av. Cardoso de Sa, S/n - Vila Eduardo - /PE",25216,2021-04-20,2021-04-07,2021-04-07,2021-04-07,2021-06-23T15:11:30,False,legado
16002305000012021,1600230512021,64408006395202197,160023,5,PREGÃO,12021,Publicado,eletronico,Nacional,JOAO SOUZA DE SA FILHO,Ordenador de Despesas,123.0,261.0,667.9,,Pregão Eletrônico Aquisição de Mater ial farmacológico,"Rod. Pe 180, Km 5 - São Bento do Una - Pe - /PE",25593,2021-04-19,2021-04-07,2021-04-07,2021-04-07,2021-07-08T10:38:21,False,legado
34400205000172021,34400205172021,910/2019-21      ,344002,5,PREGÃO,172021,Publicado,eletronico,Nacional,ALLAN JONES FARIAS DE ARAUJO,Diretor de Planejamento e Administração,2.0,38280.0,85200.0,,"Pregão Eletrônico O objeto da presen te licitação é a escolha da proposta mais vanta josa para locação de máquinas copiadoras e impr essoras digitais, novas de 1° uso, para Fundaçã o Joaquim Nabuco, conforme condições, quantidad es e exigências estabelecidas neste Edital e se us anexos","Av. 17 de Agosto, 2187 - Casa_forte - /PE",25313,2021-04-19,2021-04-07,2021-04-07,2021-04-07,2021-06-02T14:54:13,False,legado
15502205000562021,15502205562021,23536021791202011,155022,5,PREGÃO,562021,Publicado,eletronico,Nacional,JOAO LUIZ CAVALCANTI MARANHAO DE ALBUQUERQUE,Chefe do Setor de Administração do Hc/ufpe - Ebserh,1.0,18500.0,283.78,Mais informações: (81) 2126 -3939.,"Pregão Eletrônico Registro de preços visando a eventual aquisição de DESINFETANTE, À BASE DE CLORETO DE BENZALCÔNIO com Cessão de Equipamentos em Regime de comodato para atende r o Hospital das Clínicas de Pernambuco Filia l Ebserh",Av. Professor Moraes Rego S/n - Cidade Universitária/PE,25313,2021-04-20,2021-04-07,2021-04-07,2021-04-07,2021-05-31T18:08:39,False,legado
15518005000122021,15518005122021,23542002397202185,155180,5,PREGÃO,122021,Publicado,eletronico,Nacional,LUCAS SOARES SOUZA,Agente de Licitação,6.0,23082.4,769.26,,"Pregão Eletrônico ITENS DE ENXOVAL H OSPITALAR e COLCHÃO PNEUMÁTICO para atender à s necessidades de melhor prover enxoval hospit alar (JALECO,l ENVOLVENTE DE CAIXA E LAP , 1.2 0mx1.20m, ENVOLVENTE DE BASICO ,0,8mx0,80m, CA MPO FENESTRADO e CAMPO FENESTRADO PARA SUTURA ,",Av Jose de Sá Maniçoba S/n Centro - /PE,25216,2021-04-20,2021-04-08,2021-04-08,2021-04-08,2021-05-05T11:41:46,False,legado
7001005000122021,7001005122021,0033703-34.2019  ,70010,5,PREGÃO,122021,Publicado,eletronico,Nacional,JOANA D ARC SIMOES DE BARROS,Pregoeira,1.0,10140.0,19219.4,,"Pregão Eletrônico Aquisição de Disco s Rígidos para equipamentos de informática, de acordo com as especificações técnicas e as cond ições constantes do Termo de Referência (ANEXO ÚNICO) do Edital.","Av. Gov. Agamenon Magalhaes, 1.160 - 4º Andar, Sala 408 - Graças/PE",25313,2021-04-22,2021-04-08,2021-04-08,2021-04-08,2021-05-11T09:27:59,False,legado
15502205000582021,15502205582021,23536001032202112,155022,5,PREGÃO,582021,Publicado,eletronico,Nacional,JOAO LUIZ CAVALCANTI MARANHAO DE ALBUQUERQUE,Chefe do Setor de Administração,64.0,22485.0,1428.8,,Pregão Eletrônico Registro de preços visando a eventual aquisição de Material de Ex pediente II para o Hospital das Clínicas de Per nambuco,Av. Professor Moraes Rego S/n - Cidade Universitária/PE,25313,2021-04-20,2021-04-08,2021-04-08,2021-04-08,2021-09-20T09:53:33,False,legado
15502205000702021,15502205702021,23536001463202189,155022,5,PREGÃO,702021,Publicado,eletronico,Nacional,JOAO LUIZ CAVALCANTI MARANHAO DE ALBUQUERQUE,Chefe do Setor de Administração Hc Ufpe Ebserh,2.0,19200.0,874.8,Mais informações: (81) 2126 -3939.,"Pregão Eletrônico Registro de preços visando a eventual aquisição de Insumos para U nidade de Terapia Intensiva (Perneiras Pneumáti cas), incluída a cessão de equipamentos em reg ime de comodato, com manutenção preventiva e co rretiva, para atender ao Hospital das Clínicas de Pernambuco",Av. Professor Moraes Rego S/n - Cidade Universitária/PE,25313,2021-05-14,2021-05-03,2021-05-03,2021-05-03,2021-06-14T13:32:14,False,legado
16019405000082021,1601940582021,64318007679202118,160194,5,PREGÃO,82021,Publicado,eletronico,Nacional,JAILSON GOMES DA SILVA,Ordenador de Despesas,60.0,243970.0,380660.32,,"Pregão Eletrônico Eventual aquisição Dispositivos Médicos Implantáveis (DMI), para Cirurgias Neurológicas e Coluna, tendo em vista os itens/grupos que deram desertos ou foram ca ncelados no pregão 13/2020, objetivando atender as necessidades dos hospitais militares no âmb ito Comando da 7ª Região Militar.","Av. Visconde de Sao Leopoldo, 198 - Várzea/PE",25313,2021-05-14,2021-05-03,2021-05-03,2021-05-03,2021-06-22T09:13:30,False,legado
7001005000132021,7001005132021,0025963-88.2020  ,70010,5,PREGÃO,132021,Publicado,eletronico,Nacional,ELIANE RODRIGUES DE CARVALHO SILVA,Pregoeira,28.0,2878.4,14276.4,,"Pregão Eletrônico Aquisição de mater ial de consumo e permanente, a fim de atender à s demandas de diversas unidades do TRE no exerc ício de 2021, de acordo com as especificações t écnicas e as condições constantes do Termo de R eferência (ANEXO ÚNICO) do Edital.","Av. Gov. Agamenon Magalhaes, 1.160 - Gracas - Graças/PE",25313,2021-05-17,2021-05-03,2021-05-03,2021-05-03,2021-06-02T14:26:04,False,legado
16019905000442020,16019905442020,64583001002202098,160199,5,PREGÃO,442020,Publicado,eletronico,Nacional,MARIA SANDRA ANDRADE,Ordenadora de Despesas,132.0,20000.0,61341.52,"Ocorrendo possíveis divergê ncias entre a descrição do item contido neste T ermo e a descrição vinculada ao código do mater ial no sistema Comprasnet(CATMAT), prevalecerá a descrição contida no Termo de Referência.",Pregão Eletrônico Produtos para saúd e Parte III Para o Hospital Militar de Área do Recife e Órgãos Participantes (MMH3),"Rua do Hospício, 563 - Boa Vista - Boa Vista/PE",25313,2021-05-17,2021-05-03,2021-05-03,2021-05-03,2022-08-10T14:12:03,False,legado
15442105000062020,1544210562020,23402009872202068,154421,5,PREGÃO,62020,Publicado,eletronico,Nacional,LUIZ CARLOS PINTO RIBEIRO,Pregoeiro,2.0,,1250.0,,"Pregão Eletrônico Contratação de emp resa produtora especializada para operação dos estúdios audiovisuais da Secretaria de Educação a Distância SEAD e da RTV Caatinga, destinad a a produção de vídeos e podcasts com conteúdos educacionais para veiculação e transmissão ao vivo (streaming) para portal web, em canais da internet, intranet, TVs e rádios Parceiras",Av.jose de Sa Maniçoba S/n Centro-campus Universitário Petrolina - Centro/PE,25216,2021-05-14,2021-05-03,2021-05-03,2021-05-03,2021-05-26T12:21:15,False,legado
16019905000062021,1601990562021,64583001005202161,160199,5,PREGÃO,62021,Publicado,eletronico,Nacional,MARIA SANDRA ANDRADE,Ordenadora de Despesas,8.0,,540.5,A descrição válida dos iten s é a mesma que consta no termo de referência.,"Pregão Eletrônico Aquisição de teste s para identificação de COVID-19 e DÍMERO-D (DD M), visando atender às necessidades do Laborató rio de Análises Clínicas no setor de IMUNOLOGIA /BIOQUÍMICA/COAGULAÇÃO, no enfrentamento da Pan demia, destinadas aos Beneficiários do Fundo de Saúde do Exército (FUSEX) e Órgãos Participant es de acordo com a Portaria nº 001 SEF, de 27 Jan 2014, atendidos pelo Laboratório de Anális es Clínicas do Hospital Militar de Área de Reci fe (HMAR).","Rua do Hospício, 563 - Boa Vista - Boa Vista/PE",25313,2021-05-14,2021-05-04,2021-05-04,2021-05-04,2021-05-31T10:48:36,False,legado
12063205000222021,12063205222021,67230006121202084,120632,5,PREGÃO,222021,Publicado,eletronico,Nacional,ALEXANDRE SILVA DOS SANTOS,Ordenador de Despesas Delegado,237.0,,60435.11,,Pregão Eletrônico Aquisição de Mater ial de Informática.,Av Centenário Alberto Santos Dumont - Boa Viagem/PE,25313,2021-05-18,2021-05-04,2021-05-04,2021-05-04,2021-07-06T09:59:27,False,legado
16019905000112021,16019905112021,64583003710202101,160199,5,PREGÃO,112021,Publicado,eletronico,Nacional,MARIA SANDRA ANDRADE,Ordenadora de Despesas,8.0,,3403.94,A descrição válida dos iten s é a mesma que consta no termo de referência.,"Pregão Eletrônico Registro de preços para eventual e futura aquisição de Marmitas D escartáveis, para atender as necessidades do se rviço de Nutrição do Hospital Militar de Área d e Recife.","Rua do Hospício, 563 - Boa Vista - Boa Vista/PE",25313,2021-05-14,2021-05-04,2021-05-04,2021-05-04,2021-05-20T16:05:12,False,legado
13501205000042021,1350120542021,21198000588202144,135012,5,PREGÃO,42021,Publicado,eletronico,Nacional,PEDRO CARLOS GAMA DA SILVA,Chefe Geral,386.0,880.0,267185.99,,Pregão Eletrônico Reagentes de Labor atorio,Br 428 Km 152 S/n Zona Rural Caixa Postal 023 - Zona Rural/PE,25216,2021-05-14,2021-05-04,2021-05-04,2021-05-04,2021-09-14T18:43:31,False,legado
17005805000042021,1700580542021,19615.720006/2021,170058,5,PREGÃO,42021,Publicado,eletronico,Nacional,SARA PIRES RIOS,Chefe da Dipol04,4.0,3465429.06,4035313.96,,"Pregão Eletrônico Contratação de pes soa jurídica especializada, no ramo de engenhar ia, para prestação de serviços continuados de operação, de manutenção predial preventiva e c orretiva, com fornecimento de materiais, insumo s e mão de obra, bem como para realização de s erviços eventuais diversos (equipe de apoio), nos sistemas, equipamentos e instalações predia is para a Superintendência Regional da Receita Federal do Brasil na 4ª Região FiscalSRRF04 .","Av. Alfredo Lisboa, 1152, 2º Andar, Bairro do Recife Antigo - /PE",25313,2021-05-17,2021-05-04,2021-05-04,2021-05-04,2021-06-08T14:14:43,False,legado
16022505000152021,16022505152021,64193001167202193,160225,5,PREGÃO,152021,Publicado,eletronico,Nacional,MARCOS WAGNER RODRIGUES MONTEIRO,Ordenador de Despesas,7.0,,86308.33,Informações: Email: licitac ao@baadmcurado.eb.mil.br; Fone: 81-2129-6635,"Pregão Eletrônico Contratação do Ser viço de instalação de conexão dedicada ponto a ponto em camada 2 (metro Ethernet) para transpo rte de quaisquer tipos de dados, entre 5º CTA ( Recife-PE) e 51º CT",Avenida Professor Luiz Freire N° 198 - Várzea/PE,25313,2021-05-17,2021-05-05,2021-05-05,2021-05-05,2021-05-17T15:56:33,False,legado
16017705000022021,1601770522021,64107000954202140,160177,5,PREGÃO,22021,Publicado,eletronico,Nacional,ULISSES DA SILVA BARALDO,Ordenador de Despesas,1.0,1098.0,12159.0,,"Pregão Eletrônico Contratação de Ser viços de Telefonia Móvel Pessoal (SMPServiço Móvel Pessoal), Internet 4G/3G, local e Longa D istância Nacional LDN, na modalidade plano co rporativo, habilitados no plano pós-pago, com t arifas intra grupo zero nacional com fornecim ento de SIM CARDs, para atender às necessidad es da Operação Carro-pipa do 71° BATALHÃO DE IN FANTARIA MOTORIZADO","Rod Br 423, Km 94 - Heliópolis/PE",24198,2021-05-17,2021-05-05,2021-05-05,2021-05-05,2021-05-19T11:25:50,False,legado
16019402000142021,16019402142021,64318003466202117,160194,2,TOMADA DE PREÇOS,142021,Publicado,presencial,Nacional,JAILSON GOMES DA SILVA,Ordenador de Despesas,1.0,,1035755.77,,É a escolha da proposta mais vantajosa para a contratação de empresa especializada na Execução de Muro de Contenção e Drenagem para E stabilização de Talude no Parque Histórico Naci onal dos Guararapes (PHNG).,"Av. Visconde de Sao Leopoldo, 198 - Várzea/PE",25313,,2021-05-05,2021-05-20,2021-05-05,2021-05-05T14:10:38,False,legado
34400205000372020,34400205372020,558/2020-67      ,344002,5,PREGÃO,372020,Publicado,eletronico,Nacional,ALLAN JONES FARIAS DE ARAUJO,Diretor de Planejamento e Administração,171.0,120.0,18445.0429,,"Pregão Eletrônico O objeto da presen te licitação é a escolha da proposta mais vanta josa para aquisição eventual de materiais de el étrica a serem utilizados nos Campi da Fundação Joaquim Nabuco, conforme condições, quantidade s e exigências estabelecidas neste Edital e seu s anexos.","Av. 17 de Agosto, 2187 - Casa_forte - /PE",25313,2021-05-18,2021-05-05,2021-05-05,2021-05-05,2021-08-23T10:00:20,False,legado
16022505000082021,1602250582021,64361001371202125,160225,5,PREGÃO,82021,Publicado,eletronico,Nacional,MARCOS WAGNER RODRIGUES MONTEIRO,Ordenador de Despesas,78.0,34452.0,4091.64,,"Pregão Eletrônico Aquisição de mater ial de EPI e EPC, visando atender às necessidad es da Base Administrativa do curado e das Organ izações Militares vinculadas.",Avenida Professor Luiz Freire N° 198 - Bairro Curado - /PE,25313,2021-05-17,2021-05-05,2021-05-05,2021-05-05,2022-06-01T15:34:28,False,legado
7001005000162021,7001005162021,0028227-24.2020  ,70010,5,PREGÃO,162021,Publicado,eletronico,Nacional,JOANA D ARC SIMOES DE BARROS,Pregoeira,1.0,11105.61,11105.61,,"Pregão Eletrônico Aquisição de Mater ial Bibliográfico para atualização do acervo da Biblioteca, Secretarias e Membros do Tribunal Regional Eleitoral de Pernambuco TRE/PE, de a cordo com as especificações técnicas e as condi ções constantes do Termo de Referência (ANEXO I ) do Edital.","Av. Gov. Agamenon Magalhaes, 1.160 - 4º Andar, Sala 408 - Graças/PE",25313,2021-05-18,2021-05-05,2021-05-05,2021-05-05,2021-05-20T13:32:30,False,legado
20020705000052021,2002070552021,1.05.0214/2020-04,200207,5,PREGÃO,52021,Publicado,eletronico,Nacional,RACHEL RODRIGUES WANDERLEY,Pregoeira,4.0,,19338.75,,"Pregão Eletrônico Manutenção prevent iva e corretiva nos sistemas de prevenção e com bate a incêndio, no prédio da Procuradoria Regi onal da República da 5ª Região.","Rua Frei Matias Teves, Nº 65 - Ilha do Leite/PE",25313,2021-05-17,2021-05-05,2021-05-05,2021-05-05,2021-05-24T10:41:44,False,legado
16002305000022021,1600230522021,64408006355202145,160023,5,PREGÃO,22021,Publicado,eletronico,Nacional,JOAO SOUZA DE SA FILHO,Ordenador de Despesas,69.0,25866.4,5247.99,,Pregão Eletrônico Aquisição de peças e contratação de serviços para manutenção das viaturas da 10ª Companhia de Engenharia de Comb ate.,"Rod. Pe 180, Km 5 - São Bento do Una - Pe - Distrito Industrial/PE",25593,2021-05-17,2021-05-05,2021-05-05,2021-05-05,2021-09-02T13:03:10,False,legado
15502205000722021,15502205722021,23536006907202172,155022,5,PREGÃO,722021,Publicado,eletronico,Nacional,JOAO LUIZ CAVALCANTI MARANHAO DE ALBUQUERQUE,Chefe do Setor de Administração Hc Ufpe Ebserh,14.0,,13.27,Mais informações: (81) 2126 -3939.,"Pregão Eletrônico Registro de preços visando a eventual aquisição de Materiais para Coleta de Sangue, com e sem cessão de equipame nto compatível, para atender ao Hospital das Cl ínicas de Pernambuco",Av. Professor Moraes Rego S/n - Cidade Universitária/PE,25313,2021-05-19,2021-05-06,2021-05-06,2021-05-06,2021-06-08T18:31:15,False,legado
16019402000012021,1601940212021,64318003466202117,160194,2,TOMADA DE PREÇOS,12021,Publicado,presencial,Nacional,JAILSON GOMES DA SILVA,Ordenador de Despesas,1.0,754014.56,1035755.77,,Escolha da proposta mais vantajosa para a contratação de empresa especializada na Exec ução de Muro de Contenção e Drenagem para Estab ilização de Talude no Parque Histórico Nacional dos Guararapes (PHNG).,"Av. Visconde de Sao Leopoldo, 198 - Várzea/PE",25313,,2021-05-06,2021-05-24,2021-05-06,2022-01-17T11:31:38,False,legado
51067705000132021,51067705132021,35014.132264/2021,510677,5,PREGÃO,132021,Publicado,eletronico,Nacional,MARCIA DOS SANTOS PIRES,Analista do Seguro Social,1.0,10875.0,10875.0,,"Pregão Eletrônico Aquisição de água mineral em garrafões de 20 litros (somente o li quido), com entrega parcelada e sucessiva, para a Gerência Executiva do INSS em Santo Antônio de Jesus/BA, conforme condições, quantidades e exigências estabelecidas neste Edital e seus an exos.","Av. Dantas Barreto, Nº 300 , Sala 101 - Santo Antônio/PE",25313,2021-06-15,2021-06-01,2021-06-01,2021-06-01,2021-06-17T09:23:14,False,legado
17005805000062021,1700580562021,19615.720501/2021,170058,5,PREGÃO,62021,Publicado,eletronico,Nacional,DREYFUS DIOGENES DE LIMA,Chefe da Selic04,2.0,223554.89,223554.89,,"Pregão Eletrônico A contratação de p essoa jurídica especializada, no ramo de engenh aria, para prestação de serviços continuados, sob demanda, de manutenção predial com forneci mento de materiais e mão de obra, na forma est abelecida nas planilhas de serviços e insumos d iversos descritos no Sistema Nacional de Pesqu isa de Custos e Índices da Construção Civil SINAPI, para as agências jurisdicionadas da Del egacia da Receita Federal do Brasil de João Pe ssoa-PB (DRF/JPA)","Av. Alfredo Lisboa, 1152, 2º Andar, Bairro do Recife Antigo - /PE",25313,2021-06-15,2021-06-01,2021-06-01,2021-06-01,2021-06-25T14:39:25,False,legado
15308005000102021,15308005102021,23076006879202089,153080,5,PREGÃO,102021,Publicado,eletronico,Nacional,RODRIGO DANNIEL DA SILVA ALEXANDRE,Coordenador de Licitações,165.0,4484.8,5107.58,Para mais informações: (81) 2126.8065,"Pregão Eletrônico REGISTRAR PREÇOS p ara eventual aquisição de MATERIAL HIDRÁULICO D E PVC, para atender as necessidades da Universi dade Federal de Pernambuco UFPE, conforme con dições, quantidades e exigências estabelecidas neste edital .","Avenida da Arquitetura, S/n - Cidade Universitária/PE",25313,2021-06-15,2021-06-01,2021-06-01,2021-06-01,2021-09-27T15:41:47,False,legado
24013705000012021,2401370512021,01202000031202190,240137,5,PREGÃO,12021,Publicado,eletronico,Nacional,EDUARDO EUGENIO FERREIRA CAMPOS,Pregoeiro,20.0,105138.12,1297047.72,,"Pregão Eletrônico Contratação de emp resa especializada para prestação de serviços d e apoio administrativo,apoio laboratorial, cons ervação, limpeza e manutenção","Av. Prof. Luis Freire, 1 - Cidade Universitaria - Cidade Universitária/PE",25313,2021-06-15,2021-06-02,2021-06-02,2021-06-02,2021-07-08T11:14:01,False,legado
15502205000862021,15502205862021,23536015874202071,155022,5,PREGÃO,862021,Publicado,eletronico,Nacional,JOAO LUIZ CAVALCANTI MARANHAO DE ALBUQUERQUE,Chefe do Setor de Administração Hc Ufpe Ebserh,19.0,,84464.53,Mais informações: (81) 2126 -3939.,Pregão Eletrônico Registro de preços visando a eventual aquisição de Equipamentos d e Videoconferência e Multimídia para o Hospital das Clínicas de Pernambuco,Av. Professor Moraes Rego S/n - Cidade Universitária/PE,25313,2021-06-16,2021-06-02,2021-06-02,2021-06-02,2021-08-03T12:23:51,False,legado
92617105000162021,92617105162021,25800.002356/2020,926171,5,PREGÃO,162021,Publicado,eletronico,Nacional,MIRELLA MUZZI DE LIMA,Pregoeira,11.0,40544.97,122700.89,"Demais informações constam no Termo de Referência, anexo I do edital. Em c aso de divergência entre as especificações do o bjeto contidas no Edital (e anexos) e as contid as no comprasnet (CATMAT e CATSERV), para fins de cadastramento da licitação, prevalecerão as especificações do instrumento convocatório da H emobrás.","Pregão Eletrônico Aquisição de mobil iário em aço inox e objetos de apoio (itens ace ssórios), com fornecimento, montagem e instalaç ão, incluindo aplicadores de propé, estante em aço carbono pintado, arara para roupas e banco sapateira para o Bloco B06.","Rua Professor Aloísio Pessoa de Araújo, 75, Empresarial Bvc, 8º e 9º Andares. - Boa Viagem/PE",25313,2021-06-15,2021-06-02,2021-06-02,2021-06-02,2021-06-29T14:05:08,False,legado
17005805000072021,1700580572021,19615720007202184,170058,5,PREGÃO,72021,Publicado,eletronico,Nacional,DREYFUS DIOGENES DE LIMA,Chefe Selic/srrf04,14.0,517638.82,577231.05,,"Pregão Eletrônico Contratação de emp resa para prestação de serviços continuados de limpeza e conservação predial com dedicação de mão de obra, conforme condições, quantidades e exigências estabelecidas no Edital e seus anexo s.","Av. Alfredo Lisboa, 1152, 2º Andar, Bairro do Recife Antigo - /PE",25313,2021-06-15,2021-06-02,2021-06-02,2021-06-02,2021-06-18T15:37:03,False,legado
15518005000272021,15518005272021,23542004390202106,155180,5,PREGÃO,272021,Publicado,eletronico,Nacional,GILBERIO ITALO DE ARAUJO SANTOS,Agente de Licitação,38.0,18600.0,5884888.0868,,Pregão Eletrônico Aquisição de BENS PERMANENTES: EQUIPAMENTOS MÉDICO-HOSPITALARES e LABORATORIAIS para atender às demandas do Hosp ital de Ensino Doutor Washington Antônio de Bar ros.,Av Jose de Sá Maniçoba S/n Centro - Centro/PE,25216,2021-06-15,2021-06-02,2021-06-02,2021-06-02,2022-05-20T11:46:51,False,legado
16018105000032021,1601810532021,64544002730202113,160181,5,PREGÃO,32021,Publicado,eletronico,Nacional,HENRIQUE CESAR THEOPHILO GASPAR DE OLIVEIRA,Ordenador de Despesas,118.0,119.3,11916.08,,Pregão Eletrônico Aquisição de Mater ial para Manutenção de Bens Imóveis,"Av. Doutor Joaquim Nabuco, 1957 - 7º Gac, Regimento Olinda - Ouro Preto/PE",24910,2021-06-15,2021-06-02,2021-06-02,2021-06-02,2021-07-22T15:04:26,False,legado
34300505000052021,3430050552021,01498000987202032,343005,5,PREGÃO,52021,Publicado,eletronico,Nacional,CAROLINE DE BRANCO RODRIGUES PESSOA,Pregoeira,2.0,448428.48,546226.68,,"Pregão Eletrônico Contratação de emp resa especializada para prestação dos serviços de execução indireta de vigilância armada, nas dependências e instalações da Superintendência do Iphan em Pernambuco e nas suas unidades, com preendendo o fornecimento de mão-de-obra, de un iformes e de equipamentos adequados à execução dos trabalhos, para suprir as necessidades dest a Superintendência, conforme Termo de referênci a.","Rua Oliveira Lima,824 - Boa Vista/PE",25313,2021-06-18,2021-06-02,2021-06-02,2021-06-02,2021-08-25T10:41:12,False,legado
16002305000052021,1600230552021,644080071232021  ,160023,5,PREGÃO,52021,Publicado,eletronico,Nacional,JOAO SOUZA DE SA FILHO,Ordenador de Despesas,6.0,15000.0,475.84,,Pregão Eletrônico Aquisição de peças e contratação de serviços para manutenção dos equipamentos de engenharia da 10ª Companhia de Engenharia de Combate.,"Rod. Pe 180, Km 5 - São Bento do Una - Pe - /PE",25593,2021-06-17,2021-06-04,2021-06-04,2021-06-04,2021-07-19T15:06:48,False,legado
16018305000082021,1601830582021,64108015260202105,160183,5,PREGÃO,82021,Publicado,eletronico,Nacional,ERICSON ANTONIO SILVEIRA MACIEL,Ordenador de Dispesas,27.0,1743.0,3089.61,,Pregão Eletrônico Eventual aquisição de material operacional para o centro de instr ução e operação na caatinga.,"Av. Cardoso de Sa, S/n - Vila Eduardo - /PE",25216,2021-06-17,2021-06-07,2021-06-07,2021-06-07,2021-07-01T09:26:28,False,legado
17005805000082021,1700580582021,19615720067202105,170058,5,PREGÃO,82021,Publicado,eletronico,Nacional,JOSE DE ASSIS FERRAZ NETO,Superintendente da 4ª Rf,19.0,,160.31,,Pregão Eletrônico Itens de materiais de consumo.,"Av. Alfredo Lisboa, 1152, 2º Andar, Bairro do Recife Antigo - /PE",25313,2021-06-17,2021-06-07,2021-06-07,2021-06-07,2021-07-08T20:35:35,False,legado
16019905000542020,16019905542020,64583020680202017,160199,5,PREGÃO,542020,Publicado,eletronico,Nacional,MARIA SANDRA ANDRADE,Ordenadora de Despesas,84.0,,261.92,A descrição valida dos iten s é a mesma que consta no termo de referencia.,"Pregão Eletrônico Aquisição de insum os laboratoriais com disponibilização de equipa mento de automação através de comodato, visando atender às necessidades do Laboratório de Anál ises Clínicas no setor de Bioquímica destinados aos Benefícios do Fundo de Saúde do Exército ( Fusex) e Órgãos Participantes de acordo com a P ortaria nº 001 SEF, de 27 Jan 2014, atendidos pelo Laboratório de Análises Clínicas do Hospi tal Militar de Área de Recife (HMAR).","Rua do Hospício, 563 - Boa Vista - Boa Vista/PE",25313,2021-06-17,2021-06-07,2021-06-07,2021-06-07,2021-07-01T08:51:47,False,legado
24013705000042021,2401370542021,01202000123202170,240137,5,PREGÃO,42021,Publicado,eletronico,Nacional,EDUARDO EUGENIO FERREIRA CAMPOS,Pregoeiro,69.0,1160.25,2983.52,,Pregão Eletrônico Aquisição de Mater ial de Limpeza e Conservação,"Av. Prof. Luis Freire, 1 - Cidade Universitaria - Cidade Universitária/PE",25313,2021-06-21,2021-06-07,2021-06-07,2021-06-07,2021-07-08T11:13:37,False,legado
25704705000192021,25704705192021,25059000104202111,257047,5,PREGÃO,192021,Publicado,eletronico,Nacional,ANTONIO DE CARVALHO SA,Agente de Saúde Pública,9.0,,52412.46,,"Pregão Eletrônico Aquisição de água mineral, sem gás, engarrafadas em galões de 20 litros; café, coadores permanentes, colher para cafe, açúcar, copos descartáveis biodegradávei s, que visam atender às necessidades do DSEI-PE (Sede, Polos Administrativos e Polos Base.",Av. Norte Miguel Arraes de Alencar - Macaxeira/PE,25313,2021-09-14,2021-09-01,2021-09-01,2021-09-01,2021-09-15T10:00:44,False,legado
16019905000242021,16019905242021,64583009128202141,160199,5,PREGÃO,242021,Publicado,eletronico,Nacional,MARIA SANDRA ANDRADE,Ordenadora de Despesas,12.0,82500.0,717.86,"Ocorrendo possíveis divergê ncias entre a descrição do item contido neste T ermo e a descrição vinculada ao código do mater ial no sistema Comprasnet(CATMAT), prevalecerá a descrição contida no Termo de Referência.",Pregão Eletrônico Aquisição de insum os para exames de BACTERIOLOGIA com disponibili zação de equipamento através de comodato para o Hospital Militar de Área de Recife.,"Rua do Hospício, 563 - Boa Vista - Boa Vista/PE",25313,2021-09-14,2021-09-01,2021-09-01,2021-09-01,2021-11-11T13:58:34,False,legado
12063205000922021,12063205922021,67223001516202080,120632,5,PREGÃO,922021,Publicado,eletronico,Nacional,ALEXANDRE SILVA DOS SANTOS,Ordenador de Despesas Delegado,95.0,8301.0,106951.72,,Pregão Eletrônico Servic os comuns d e engenharia (rede lo gica) visando atender às necessidades da GUARNAE-RF,Av Centenário Alberto Santos Dumont - /PE,25313,2021-09-16,2021-09-01,2021-09-01,2021-09-01,2022-09-15T09:11:35,False,legado
53301405000022021,5330140522021,59336000874/02151,533014,5,PREGÃO,22021,Publicado,eletronico,Nacional,MARIZA FONTAINE COSTA,Coordenadora de Licitações e Contratos,2.0,123802.0,161258.26,,Pregão Eletrônico Prestação de servi ço continuado de apoio administrativo de recepc ionista e de garçom para atender às necessidade s da Sudene,"Avenida Domingos Ferreira, 1967 - Boa Viagem - Boa Viagem/PE",25313,2021-09-14,2021-09-01,2021-09-01,2021-09-01,2021-11-03T12:07:54,False,legado
16019905000272021,16019905272021,64583007942202121,160199,5,PREGÃO,272021,Publicado,eletronico,Nacional,MARIA SANDRA ANDRADE,Ordenadora de Despesas,16.0,,3252.76,,"Pregão Eletrônico Aquisição de insum os laboratoriais com disponibilização de equipa mento de automação através de comodato, visando atender às necessidades do Laboratório de Anál ises Clínicas no setor de Biologia Molecular.","Rua do Hospício, 563 - Boa Vista - Boa Vista/PE",25313,2021-09-15,2021-09-01,2021-09-01,2021-09-01,2021-09-27T15:22:23,False,legado
25442105000102021,25442105102021,25382000264202180,254421,5,PREGÃO,102021,Publicado,eletronico,Nacional,ANA CRISTINA NOVAES MAIA CHAGAS,Pregoeira,92.0,22.8,2207.55,O edital e anexos estao dis poniveis nos sites www.cpqam.fiocruz.br e www.p ef.fiocruz.br,"Pregão Eletrônico Aquisição de mater ial de expediente, copa e cozinha, material de TI, acondicionamento e embalagem e elétrico e e letrônico para atendimento da demanda do Instit uto Aggeu MagalhãesIAM, unidade da Fundação Oswaldo CruzFIOCRUZ, em Pernambuco, conforme condições, quantidades e exigências estabeleci das no edital e seus anexos",Av. Prof. Moraes Rego S/n - Cidade Universitaria - Campus da Ufpe - Cidade Universitaria/PE,25313,2021-09-15,2021-09-01,2021-09-01,2021-09-01,2021-09-29T10:55:04,False,legado
7001005000272021,7001005272021,0002175-11.2021.6,70010,5,PREGÃO,272021,Publicado,eletronico,Nacional,ANA KAROLINA DE FARIAS FREITAS,Pregoeira,1.0,195883.54,201591.0,De acordo com as especifica ções dos Anexos do Edital,"Pregão Eletrônico Prestação de servi ços continuados de supervisão da manutenção pre dial nas unidades do TRE no estado de Pernambuc o, de acordo com as especificações constantes d o Termo de Referência (ANEXO I) do Edital.","Av. Gov. Agamenon Magalhaes, 1.160 - 4ºandar, Sala 408 - Graças/PE",25313,2021-09-14,2021-09-01,2021-09-01,2021-09-01,2021-09-30T13:00:32,False,legado
12063205000952021,12063205952021,67223001516202080,120632,5,PREGÃO,952021,Publicado,eletronico,Nacional,ALEXANDRE SILVA DOS SANTOS,Ordenador de Despesas Delegado,227.0,2651.48,352844.99,,Pregão Eletrônico Contratac a o de e mpresa para realizac a o de servic os comuns de engenharia (ele trico) visando atender a GUARN AE-RF.,Av Centenário Alberto Santos Dumont - Jordão/PE,25313,2021-09-17,2021-09-01,2021-09-01,2021-09-01,2022-11-11T11:16:28,False,legado
92617105000262021,92617105262021,25800.000445/2021,926171,5,PREGÃO,262021,Publicado,eletronico,Nacional,MIRELLA MUZZI DE LIMA,Pregoeira,1.0,2151400.2,2791047.52,"Demais informações constam no Termo de Referência, anexo I do edital.","Pregão Eletrônico Contratação de ser viços continuados de vigilância armada e desarm ada para as dependências do Parque Fabril da He mobrás sito no Município de Goiana, que compree nderá, além da mão de obra, o fornecimento de t odos os equipamentos e ferramentas necessários à execução dos serviços.","Rua Professor Aloísio Pessoa de Araújo, 75, Empresarial Bvc, 8º e 9º Andares. - Boa Viagem/PE",25313,2021-09-16,2021-09-01,2021-09-01,2021-09-01,2022-02-21T16:04:26,False,legado
15814905000072021,1581490572021,23302000407202171,158149,5,PREGÃO,72021,Publicado,eletronico,Nacional,GERSON DE ALENCAR LIMA,Divulgador,3.0,390953.28,201.6,,Pregão Eletrônico Aquisição de KIT B ÁSICO DE ALIMENTOS para atender os campi do IFS ertãoPE.,"Rua Aristarco Lopes,nº 240- Centro - /PE",25216,2021-09-14,2021-09-01,2021-09-01,2021-09-01,2021-09-29T10:43:39,False,legado
16019405000092021,1601940592021,64318011093202140,160194,5,PREGÃO,92021,Publicado,eletronico,Nacional,APOLLO CRISTI POLIESTI NOGUEIRA,Ordenador de Despesas,194.0,21000.0,378266.0,,"Pregão Eletrônico Aquisição de Dispo sitivos Médicos Implantáveis (DMI), para Trauma tologia II e joelho, destinado a suprir necessi dades das Organizações Militares de Saúde vincu ladas à 7ª Região Militar.","Av. Visconde de Sao Leopoldo, 198 - Várzea/PE",25313,2021-09-14,2021-09-01,2021-09-01,2021-09-01,2021-10-14T10:55:51,False,legado
15518005000472021,15518005472021,23542002396202131,155180,5,PREGÃO,472021,Publicado,eletronico,Nacional,ERICK SOARES RIBEIRO PATRIOTA,Agente de Licitação,19.0,3736.0,40562.25,,Pregão Eletrônico Aquisição de Instr umentais Cirúrgicos,Av Jose de Sá Maniçoba S/n Centro - Centro/PE,25216,2021-09-14,2021-09-01,2021-09-01,2021-09-01,2021-10-21T15:23:06,False,legado
13501205000122021,13501205122021,21198001122202166,135012,5,PREGÃO,122021,Publicado,eletronico,Nacional,PEDRO CARLOS GAMA DA SILVA,Chefe Geral,31.0,1368.04,126586.18,,Pregão Eletrônico Formação de Regist ro de Preços para a eventual aquisição de Equip amentos de Informática para a Embrapa Semiárido,Br 428 Km 152 S/n Zona Rural Caixa Postal 023 - /PE,25216,2021-09-15,2021-09-02,2021-09-02,2021-09-02,2021-09-28T14:49:43,False,legado
9003105000202021,9003105202021,9440-92.2020.4.05,90031,5,PREGÃO,202021,Publicado,eletronico,Nacional,FRANCISCO REIS NOGUEIRA SOBRINHO,Pregoeiro,10.0,115359.98,154519.79,"Não será permitida a subcon tratação, no todo ou em parte, do objeto deste certame licitatório.Em caso de divergência entr e as especificações técnicas do objeto descrita s no Sistema SIASG do portal Comprasgovernament ais e as descritas neste Edital, prevalecerão e stas.","Pregão Eletrônico Contratação de emp resa especializada em refrigeração para o forne cimento e instalação de 22 (vinte e dois) equip amentos de refrigeração do tipo Split, com tecn ologia Inverter condensação a ar, serpentina de cobre, no Edf. Sede do Tribunal Regional Feder al da 5ª Região","Av. Cais do Apolo, S/n Ed. Min. Djaci Falcão - Bairro do Recife/PE",25313,2021-09-15,2021-09-02,2021-09-02,2021-09-02,2022-02-02T13:28:15,False,legado
15502205001292021,155022051292021,23536013017202117,155022,5,PREGÃO,1292021,Publicado,eletronico,Nacional,JOAO LUIZ CAVALCANTI MARANHAO DE ALBUQUERQUE,Chefe do Setor de Administração Hc Ufpe Ebserh,14.0,14310.0,5218.01,Mais informações: (81) 2126 -3939.,"Pregão Eletrônico Registro de preços visando a eventual aquisição de Material Médic o HospitalarBolsas Ostomias, Curativos e Out ros para atender demanda do Hospital das Clínic as de Pernambuco Filial Ebserh.",Av. Professor Moraes Rego S/n - Cidade Universitária/PE,25313,2021-09-17,2021-09-03,2021-09-03,2021-09-03,2021-11-17T14:51:13,False,legado
9003105000222021,9003105222021,3771-24.2021.4.05,90031,5,PREGÃO,222021,Publicado,eletronico,Nacional,FRANCISCO REIS NOGUEIRA SOBRINHO,Pregoeiro,1.0,168334.22,307072.5,"Será permitida a subcontrat ação do objeto deste certame licitatório, nos t ermos do subitem 10.3 do Anexo ITermo de Ref erência deste Edital.Em caso de divergência ent re as especificações técnicas do objeto descrit as no Sistema SIASG do portal Comprasgovernamen tais e as descritas neste Edital, prevalecerão estas.","Pregão Eletrônico Fornecimento e ins talação de cortinas tipo Rolô, para os gabinete s e demais unidades administrativas do Edifício Sede do Tribunal Regional Federal da 5ª Região .",Av. Cais do Apolo S/n - Edf. Min. Djaci Falcão - Bairro do Recife/PE,25313,2021-09-16,2021-09-03,2021-09-03,2021-09-03,2022-02-02T13:28:54,False,legado
8000605000212021,8000605212021,10.750/2021      ,80006,5,PREGÃO,212021,Publicado,eletronico,Nacional,FABIANO ANTONIO MARQUES GUEDES DA CRUZ FILHO,Pregoeiro,3.0,3300.0,47.5,,"Pregão Eletrônico REGISTRO DE PREÇOS serviços de cópias reprográficas/fotocópias (tipo Xérox), em preto e branco e coloridas, e plotagem.","Cais do Apolo Nº 739, Bairro do Recife, Recife/pe. - /PE",25313,2021-09-16,2021-09-03,2021-09-03,2021-09-03,2021-10-11T14:01:42,False,legado
16020105000012021,1602010512021,64329000768202104,160201,5,PREGÃO,12021,Publicado,eletronico,Nacional,BRUNO BEZERRA DE MELO,Ordenador de Despesas,1.0,,1955979.37,,"Pregão Eletrônico Contratação de emp resa especializada para execução do serviço de manutenção da fachada dos blocos A, B, C e Emer gência do HMAR.","Av Norte, 245 - Santo Amaro/PE",25313,2021-09-16,2021-09-03,2021-09-03,2021-09-03,2021-09-28T15:10:51,False,legado
11009605000102021,11009605102021,00587000218202153,110096,5,PREGÃO,102021,Publicado,eletronico,Nacional,SARAH LEANDRO VALENCA,Pregoeira,6.0,1217439.9,1468000.5,"O edital e seus anexos enco ntram-se disponíveis no Portal de Compras do Go verno Federal, no endereço eletrônico: https:/ /www.gov.br/compras/pt-br","Pregão Eletrônico Contratação de emp resa para a prestação de serviços continuados d e auxiliar administrativo, recepcionista, copei ra (com fornecimento de material e utensílios s ob demanda) e porteiro, para as unidades da AGU no estado do Piauí","Avenida Herculano Bandeira, 716 - Pina - /PE",25313,2021-11-16,2021-11-03,2021-11-03,2021-11-03,2021-12-02T19:29:13,False,legado
15814999000012021,1581499912021,23302000615202170,158149,99,RDC,12021,Publicado,eletronico,Nacional,GERSON DE ALENCAR LIMA,Divulgador,1.0,953055.41,1237734.3,,"Contratação de Empresa de engenharia re sponsável pela execução da reforma de Implantaç ão de Acessibilidade nos Blocos Administrativos , laboratório e salas de aula do Campus Petroli na Zona Rural do IFSertãoPE.","Rua Aristarco Lopes,nº 240- Centro - /PE",25216,2021-11-25,2021-11-03,2021-11-03,2021-11-03,2021-11-30T15:53:44,False,legado
15442105000052021,1544210552021,1230             ,154421,5,PREGÃO,52021,Publicado,eletronico,Nacional,LUIZ CARLOS PINTO RIBEIRO,Pregoeiro,115.0,738.25,9543.09,,"Pregão Eletrônico Objetiva-se a comp ra de Vidrarias e Afins, visando suprir demanda s dos Setores Administrativos e Acadêmicos da U nivasf.",Av.jose de Sa Maniçoba S/n Centro-campus Universitário Petrolina - Centro/PE,25216,2021-11-19,2021-11-03,2021-11-03,2021-11-03,2021-12-07T08:50:14,False,legado
78370205000122021,78370205122021,63066002409202159,783702,5,PREGÃO,122021,Publicado,eletronico,Nacional,ROBERTO MENEZES DE ALBERTIN,Ordenador de Despesas Substituto,147.0,51894.0,42086.19,,Pregão Eletrônico Manutenção predial HNRe.,"Avenida Cruz Cabuga, 1.200 - Santo Amaro/PE",25313,2021-11-17,2021-11-03,2021-11-03,2021-11-03,2022-02-14T11:20:27,False,legado
13001605000112021,13001605112021,210020011542021  ,130016,5,PREGÃO,112021,Publicado,eletronico,Nacional,ADRIANA SOARES LEITE,Coordenadora,1.0,408500.0,1123386.79,,"Pregão Eletrônico O objeto da presen te licitação é a escolha da proposta mais vanta josa para a aquisiçãode materiais permanente s, conforme condições, quantidades e exigências estabelecidas noEdital e seus anexos.",Rua Dom Manoel de Medeiros S/n - Dois Irmaos - Dois Irmãos/PE,25313,2021-11-17,2021-11-03,2021-11-03,2021-11-03,2021-11-18T15:58:54,False,legado
20020705000102021,20020705102021,1.05.0114/2021-51,200207,5,PREGÃO,102021,Publicado,eletronico,Nacional,RACHEL RODRIGUES WANDERLEY,Pregoeira,1.0,,777423.57,,"Pregão Eletrônico Contratação de emp resa especializada para realização de reforma d e adaptação do edifício-sede da Procuradoria Re gional da República da 5ª Região (PRR5), à aces sibilidade, conforme NBR 9050/2020.","Rua Frei Matias Teves, Nº 65 - Ilha do Leite/PE",25313,2021-11-16,2021-11-03,2021-11-03,2021-11-03,2021-12-14T18:05:03,False,legado
15502205001542021,155022051542021,23536009078202180,155022,5,PREGÃO,1542021,Publicado,eletronico,Nacional,JOAO LUIZ CAVALCANTI MARANHAO DE ALBUQUERQUE,Chefe do Setor de Administração Hc Ufpe Ebserh,51.0,19520.0,53498.22,Mais informações: (81) 2126 -3939.,Pregão Eletrônico Registro de preços visando a eventual aquisição de Materiais para o Serviço de Endoscopia atendendo demanda do H ospital das Clínicas de Pernambuco Filial Ebs erh.,Av. Professor Moraes Rego S/n - Cidade Universitária/PE,25313,2021-11-16,2021-11-03,2021-11-03,2021-11-03,2022-02-14T09:54:22,False,legado
24013705000082021,2401370582021,01202000236202175,240137,5,PREGÃO,82021,Publicado,eletronico,Nacional,EDUARDO EUGENIO FERREIRA CAMPOS,Pregoeiro,479.0,,47525.62,,"Pregão Eletrônico Aquisição de Mater iais para Manutenção Predial ( Hidráulico, Elét rico, Pintura e Cívil), conforme condições, qua ntidades e exigências estabelecidas no Edital e seus anexos","Av. Prof. Luis Freire, 1 - Cidade Universitaria - Cidade Universitária/PE",25313,2021-11-22,2021-11-03,2021-11-03,2021-11-03,2021-12-03T16:45:52,False,legado
13501205000162021,13501205162021,21198001799202102,135012,5,PREGÃO,162021,Publicado,eletronico,Nacional,MARIA AUXILIADORA COELHO DE LIMA,Chefe Geral,6.0,40863.67,118800.78,,Pregão Eletrônico Aquisição de equip amentos acessórios para resfriamento e ventilaç ão de estufa agrícola,Br 428 Km 152 S/n Zona Rural Caixa Postal 023 - /PE,25216,2021-11-16,2021-11-03,2021-11-03,2021-11-03,2021-11-17T18:03:15,False,legado
15442105000242021,15442105242021,23402028426202133,154421,5,PREGÃO,242021,Publicado,eletronico,Nacional,LUIZ CARLOS PINTO RIBEIRO,Pregoeiro,18.0,,10491.56,,"Pregão Eletrônico Objetiva-se a comp ra de Cilindros e Gases Especiais, visando supr ir demandas dos Setores Administrativos e Acadê micos da Univasf.",Av.jose de Sa Maniçoba S/n Centro-campus Universitário Petrolina - Centro/PE,25216,2021-11-16,2021-11-03,2021-11-03,2021-11-03,2021-12-09T14:05:39,False,legado
78370205000242021,78370205242021,63066003872202118,783702,5,PREGÃO,242021,Publicado,eletronico,Nacional,ROBERTO MENEZES DE ALBERTIN,Ordenador de Despesas Substituto,1.0,210000.0,215700.0,,"Pregão Eletrônico Contratação de emp resa para prestação de serviços contínuos, sem dedicação exclusiva de mão de obra, de processa mento de roupas e tecidos hospitalares em geral , nas dependências da própria CONTRATADA, conte mplando todas as suas etapas como: coleta, sepa ração, lavagem (peróxido de hidrogênio), centri fugação, secagem e hi-gienização, desinfecção, passagem a ferro, embalagem, transporte e entre ga, em condições higiênico-sanitárias adequadas , para atender às necessidade","Avenida Cruz Cabuga, 1.200 - Santo Amaro/PE",25313,2021-11-17,2021-11-03,2021-11-03,2021-11-03,2021-12-02T12:37:19,False,legado
12063205001112021,120632051112021,67223003115202145,120632,5,PREGÃO,1112021,Publicado,eletronico,Nacional,ALEXANDRE SILVA DOS SANTOS,Ordenador de Despesas Delegado,1.0,,21377.16,,"Pregão Eletrônico Contratação de emp resa especializada para prestação do serviço de armazenamento em container frigorífico, inclui ndo transporte, instalação e desinstalação, par a atender as demandas da SEÇÃO DE SUBSISTÊNCIA DA BASE AÉREA DE RECIFE (SSUB-BARF).",Av Centenário Alberto Santos Dumont - Jordão/PE,25313,2021-11-17,2021-11-04,2021-11-04,2021-11-04,2021-11-17T09:00:09,False,legado
13501205000172021,13501205172021,21198001834202185,135012,5,PREGÃO,172021,Publicado,eletronico,Nacional,MARIA AUXILIADORA COELHO DE LIMA,Chefe Geral,11.0,,22673.0,,Pregão Eletrônico Formação de Regist ro de Preços para o eventual fornecimento de el etrodomésticos para a Embrapa Semiárido,Br 428 Km 152 S/n Zona Rural Caixa Postal 023 - /PE,25216,2021-11-17,2021-11-04,2021-11-04,2021-11-04,2021-11-19T19:32:08,False,legado
13501205000182021,13501205182021,21198001842202121,135012,5,PREGÃO,182021,Publicado,eletronico,Nacional,MARIA AUXILIADORA COELHO DE LIMA,Chefe Geral,12.0,193785.3,218198.0,,Pregão Eletrônico Aquisição de insum os agropecuários,Br 428 Km 152 S/n Zona Rural Caixa Postal 023 - /PE,25216,2021-11-17,2021-11-04,2021-11-04,2021-11-04,2021-11-22T15:45:30,False,legado
15502205001552021,155022051552021,23536008034202132,155022,5,PREGÃO,1552021,Publicado,eletronico,Nacional,JOAO LUIZ CAVALCANTI MARANHAO DE ALBUQUERQUE,Chefe do Setor de Administração Hc Ufpe Ebserh,63.0,,111162.25,Mais informações: (81) 2126 -3939.,Pregão Eletrônico Registro de preços visando a eventual aquisição de Materiais para Cardiologia com Cessão de Equipamentos para at ender demanda do Hospital das Clínicas de Perna mbuco Filial Ebserh.,Av. Professor Moraes Rego S/n - Cidade Universitária/PE,25313,2021-11-22,2021-11-04,2021-11-04,2021-11-04,2021-11-08T18:10:21,False,legado
15442105000152021,15442105152021,23402018493202140,154421,5,PREGÃO,152021,Publicado,eletronico,Nacional,LEONARDO PEREIRA DUARTE,Pregoeiro,5.0,2375.0,1733.0,,"Pregão Eletrônico Contratação de emp resa especializada na prestação de serviços de emissão de certificados digitais. Esses serviço s são: a renovação e emissão de certificados di gitais do tipo A3, e-CPF, padrão ICP-Brasil, co m validade de 36 meses e sem fornecimento do To ken Criptográfico; emissão de certificados digi tais do tipo A3, e-CPF, padrão ICP-Brasil, com fornecimento de Token criptográfico, com valida de de 36 meses.",Av.jose de Sa Maniçoba S/n Centro-campus Universitário Petrolina - Centro/PE,25216,2021-12-13,2021-12-01,2021-12-01,2021-12-01,2021-12-17T09:42:31,False,legado
25704705000272021,25704705272021,25059002759202115,257047,5,PREGÃO,272021,Publicado,eletronico,Nacional,ANTONIO DE CARVALHO SA,Agente de Saúde Pública,21.0,,8196.95,,"Pregão Eletrônico Aquisição de Equip amentos Médico-Hospitalares e Eletrônicos para atender às necessidades do Distrito Sanitário E special Indígena Pernambuco (DSEI-PE),",Av. Norte Miguel Arraes de Alencar - Macaxeira/PE,25313,2021-12-17,2021-12-01,2021-12-01,2021-12-01,2022-04-18T09:51:26,False,legado
16019305000032021,1601930532021,64304003879202142,160193,5,PREGÃO,32021,Publicado,eletronico,Nacional,WELLINGTON FERREIRA GOMES,Ordenador de Despesas da 10ª Brigada de Infantaria Motorizada,267.0,5189.62,40777.17,,"Pregão Eletrônico É a escolha da pro posta mais vantajosa para a eventual contrataçã o de serviços comuns de engenharia, de forma nã o continuada, com fornecimento de peças, equipa mentos, materiais e mão de obra, para atender a s necessidades da 10ª Brigada de Infantaria Mot orizada, com serviços de conservação, reparação e manutenção de Próprios Nacionais Residenciai s, conforme condições, quantidades e exigências estabelecidas no Edital e nos seus Anexos.","Av Getulio Vargas Sn Br 232 Km 06, Curado. - Curado/PE",25313,2021-12-13,2021-12-01,2021-12-01,2021-12-01,2022-03-10T13:54:44,False,legado
24013705000112021,24013705112021,01202000236202175,240137,5,PREGÃO,112021,Publicado,eletronico,Nacional,EDUARDO EUGENIO FERREIRA CAMPOS,Pregoeiro,120.0,1352.7,28613.36,,"Pregão Eletrônico Aquisição de Mater iais de Manutenção Predial, conforme condições, quantidades e exigências estabelecidas neste E dital e seus anexos.","Av. Prof. Luis Freire, 1 - Cidade Universitaria - Cidade Universitária/PE",25313,2021-12-16,2021-12-01,2021-12-01,2021-12-01,2022-02-10T11:41:24,False,legado
27505705000812021,27505705812021,092              ,275057,5,PREGÃO,812021,Publicado,eletronico,Nacional,JULIANA TAVARES CORDEIRO GALVAO,Analista de Gestao - Administrador,19.0,,2363.94,,"Pregão Eletrônico Eventual aquisição de MATERIAIS DE MARCENARIA EM GERAL, conforme as especificações, quantidades e condições esta belecidas no instrumento convocatório e seus an exos.","Rua José Natário,478 - Areias - Recife - Pe. - /PE",25313,2021-12-13,2021-12-01,2021-12-01,2021-12-01,2022-01-04T09:51:22,False,legado
78370205000272021,78370205272021,63066000802202116,783702,5,PREGÃO,272021,Publicado,eletronico,Nacional,ROBERTO MENEZES DE ALBERTIN,Ordenador de Despesas Substituto,2.0,,17638.33,,"Pregão Eletrônico Republicação do Pr egão 05/2021 Contratação de empresa especiali zada, de natureza continuada, sem dedicação exc lusiva de mão de obra, para realização de servi ços de coleta e análises físico quiímicas e mic robiológicas em amostras de água do Hospital Na val de Recife.","Avenida Cruz Cabuga, 1.200 - Santo Amaro/PE",25313,2021-12-14,2021-12-01,2021-12-01,2021-12-01,2021-12-17T09:59:59,False,legado
51067705000392021,51067705392021,35014205609202131,510677,5,PREGÃO,392021,Publicado,eletronico,Nacional,MAGNO DE MESQUITA SILVA,Pregoeiro,1.0,1790997.84,2094535.92,,"Pregão Eletrônico O objeto da presen te licitação é a escolha da proposta mais vanta josa para a contratação de serviços de vigilânc ia, através de vigilância desarmada para a Gerê ncia Executiva do INSS em Imperatriz/MA e demai s Unidades de sua abrangência, conforme condiçõ es, quantidades e exigências estabelecidas, nes te Edital e seus anexos.","Av. Simplício Moreira, 1026 - Centro/MA",25313,2021-12-13,2021-12-01,2021-12-01,2021-12-01,2022-02-03T11:51:42,False,legado
13001605000132021,13001605132021,21002001076202145,130016,5,PREGÃO,132021,Publicado,eletronico,Nacional,ADRIANA SOARES LEITE,Coordenadora,16.0,,4532.17,,"Pregão Eletrônico Aquisição de Gases Especiais e Chicotes, conforme condições, quan tidades e exigências estabelecidas no Edital e seus anexos.",Rua Dom Manoel de Medeiros S/n - Dois Irmaos - Dois Irmãos/PE,25313,2021-12-15,2021-12-01,2021-12-01,2021-12-01,2022-03-21T11:36:53,False,legado
19500205000272021,19500205272021,59530001815202101,195002,5,PREGÃO,272021,Publicado,eletronico,Nacional,AURIVALTER CORDEIRO PEREIRA DA SILVA,Superintendente Regional   3a Sr,9.0,845000.0,3046.89,Os interessados ficam desde já notificados da necessidade de acessarem os sítios www.codevasf.gov.br e www.gov.br/compras /pt-br para ciência das eventuais alterações e esclarecimentos.,"Pregão Eletrônico Constituição de Si stema de Registro de PreçosSRP para o fornec imento, carga, transporte e descarga de Tubos e m PVC para aplicação em sistemas de abastecimen to de água em diversas localidades, no âmbito d a 3ª Superintendência Regional da CODEVASF, no estado de Pernambuco.","Rua Presidente Dutra, 160 - Centro/PE",25216,2021-12-13,2021-12-01,2021-12-01,2021-12-01,2021-12-29T10:14:40,False,legado
12063205001362021,120632051362021,67437014955202047,120632,5,PREGÃO,1362021,Publicado,eletronico,Nacional,ALEXANDRE SILVA DOS SANTOS,Ordenador de Despesas Delegado,35.0,,3974.38,,"Pregão Eletrônico Registro de prec o s para aquisic a o de CURATIVOS, PARA ATENDER A S NECESSIDADES DO HOSPITAL DE AERONA UTICA DE R ECIFE.",Av Centenário Alberto Santos Dumont - Jordão/PE,25313,2021-12-13,2021-12-01,2021-12-01,2021-12-01,2022-08-17T10:33:38,False,legado
19500205000282021,19500205282021,59530000345202070,195002,5,PREGÃO,282021,Publicado,eletronico,Nacional,AURIVALTER CORDEIRO PEREIRA DA SILVA,Superintendente Regional   3a Sr,11.0,3528.0,33935.57,Os interessados ficam desde já notificados da necessidade de acessarem os sítios www.codevasf.gov.br e www.gov.br/compras /pt-br para ciência das eventuais alterações e esclarecimentos.,"Pregão Eletrônico Fornecimento, carg a, transporte e descarga de equipamentos, desti nados à fabricação de pães e estruturação de pa darias, de forma comunitária, por parte de asso ciações inseridas na área de atuação da 3ª Supe rintendência Regional da Codevasf, no estado de Pernambuco.","Rua Presidente Dutra, 160 - Centro/PE",25216,2021-12-13,2021-12-01,2021-12-01,2021-12-01,2021-12-31T13:52:58,False,legado
16008405000092021,1600840592021,64257004788202137,160084,5,PREGÃO,92021,Publicado,eletronico,Nacional,CARLOS FREDERICO DE AZEVEDO PIRES,Ordenador de Despesas,2.0,65899.2,65899.2,,"Pregão Eletrônico Contratação de emp resa especializada na prestação de serviço de c oleta, armazenamento, transporte, transborno e destinação final, de resíduos sólidos não perig osos.","Av.visconde de Sao Leopoldo , 198, Engenho do Meio - Recife - Pe - /PE",25313,2021-12-15,2021-12-02,2021-12-02,2021-12-01,2021-12-17T08:48:30,False,legado
13001605000142021,13001605142021,21002000435202147,130016,5,PREGÃO,142021,Publicado,eletronico,Nacional,VERA LUCIA RODRIGUES CHAVES,Pregoeira Titular,26.0,,9397.46,,Pregão Eletrônico Aquisição de insum os biológico e químicos com finalidade de abast ecimento para uso continuado.,Rua Dom Manoel de Medeiros S/n - Dois Irmaos - Dois Irmãos/PE,25313,2021-12-17,2021-12-01,2021-12-01,2021-12-01,2021-12-29T11:59:47,False,legado
9003105000452021,9003105452021,5382-12.2021.4.05,90031,5,PREGÃO,452021,Publicado,eletronico,Nacional,FRANCISCO REIS NOGUEIRA SOBRINHO,Pregoeiro,3.0,120811.5,1161.2,"Não será permitida a subcon tratação, no todo ou em parte, do objeto deste certame licitatório.Em caso de divergência entr e as especificações deste objeto descritas no C omprasgovernamentais e as especificações técnic as constantes deste Edital, prevalecerão as últ imas.","Pregão Eletrônico Registro de Preços para contratação de empresa para o forneciment o e instalação, sob demanda, de forro mineral e m placas, paredes de gesso acartonado tipo Dryw all e portas de madeira, para ambientes do Edf. Sede e Ampliação do Tribunal Regional Federal da 5ª Região.","Av. Cais do Apolo, S/n - Ed. Min. Djaci Falcão - Bairro do Recife/PE",25313,2021-12-15,2021-12-02,2021-12-02,2021-12-02,2022-10-13T12:59:28,False,legado
19500205000292021,19500205292021,59530001819202181,195002,5,PREGÃO,292021,Publicado,eletronico,Nacional,AURIVALTER CORDEIRO PEREIRA DA SILVA,Superintendente Regional   3a Sr,1.0,25999999.84,34968407.38,Os interessados ficam desde já notificados da necessidade de acessarem os sítios www.codevasf.gov.br e www.gov.br/compras /pt-br para ciência das eventuais alterações e esclarecimentos.,Pregão Eletrônico Contratação de Ser viço de apoio à fiscalização por empresa especi alizada para prestação dos serviços de supervis ão na elaboração de projetos básico e executivo e da execução das obras de pavimentação na áre a de atuação da 3ª Superintendência Regional da Codevasf.,"Rua Presidente Dutra, 160 - Centro/PE",25216,2021-12-14,2021-12-02,2021-12-02,2021-12-02,2021-12-31T14:05:44,False,legado
9003105000482021,9003105482021,7781-14.2021.4.05,90031,5,PREGÃO,482021,Publicado,eletronico,Nacional,FRANCISCO REIS NOGUEIRA SOBRINHO,Pregoeiro,1.0,343830.0,1433.48,"Não será permitida a subcon tratação, no todo ou em parte, do objeto deste certame licitatório. Em caso de divergência ent re as especificações técnicas do objeto descrit as no Sistema SIASG do portal Comprasgovernamen tais e as descritas neste Edital, prevalecerão estas.","Pregão Eletrônico Registro de Preços , com validade de 12 (doze) meses, para eventua l aquisição de 300 (trezentas) cadeiras giratór ias, com espaldar médio e braços reguláveis, pa ra o Tribunal Regional Federal da 5ª. Região (Ó rgão Gerenciador).","Av. Cais do Apolo, S/n - Ed. Min. Djaci Falcão - Bairro do Recife/PE",25313,2021-12-16,2021-12-02,2021-12-02,2021-12-02,2022-05-19T15:26:30,False,legado
8000605000352021,8000605352021,18.381/2021      ,80006,5,PREGÃO,352021,Publicado,eletronico,Nacional,AURELAIDE DE SOUZA NASCIMENTO MENEZES,Pregoeiro,1.0,7.0,100.0,,"Pregão Eletrônico REGISTRO DE PREÇOS Serviços eventuais de manutenção predial (co rretiva, de reparação e de modernização), com f ornecimento de materiais, peças e mão de obra p ara o POLO 02 do TRT6.","Cais do Apolo Nº 739, Bairro do Recife, Recife/pe. - /PE",25313,2021-12-15,2021-12-02,2021-12-02,2021-12-02,2022-03-14T09:51:16,False,legado
16020005000152021,16020005152021,64621008859202175,160200,5,PREGÃO,152021,Publicado,eletronico,Nacional,ANTONIO DOUGLAS NEVES SANTOS,Ordenador de Despesas,45.0,35650.0,39619.23,,Pregão Eletrônico Aquisição de Pneus Automotivos,Av. 17 de Agosto 784 - Casa Forte - Casa Forte/PE,25313,2021-12-14,2021-12-02,2021-12-02,2021-12-02,2021-12-29T11:32:24,False,legado
13528505000052021,1352850552021,21203000031201891,135285,5,PREGÃO,52021,Publicado,eletronico,Nacional,DAYVSON CASSIANO LIMA DOS SANTOS,Pregoeiro,1.0,76900.0,148946.0,,"Pregão Eletrônico Prestação de servi ços técnicos especializados em Engenharia de Se gurança do Trabalho, de modo a elaborar, atuali zar, coordenar e executar os programas de segur ança do trabalho e outros serviços, de acordo c om as Normas Regulamentadoras do Ministério do Trabalho e Emprego (MTE) e legislações pertinen tes,conforme condições e exigências estabelecid as no Termo de Referência.","Estrada do Barbalho,960 Iputinga - /PE",25313,2021-12-14,2021-12-02,2021-12-02,2021-12-02,2022-01-18T09:58:21,False,legado
13501205000282021,13501205282021,21198002108202180,135012,5,PREGÃO,282021,Publicado,eletronico,Nacional,MARIA AUXILIADORA COELHO DE LIMA,Chefe Geral,28.0,,31066.12,,Pregão Eletrônico Formação de Regist ro de Preços para o eventual fornecimento de Re agentes e Materiais de Laboratórios para a Embr apa Semiárido,Br 428 Km 152 S/n Zona Rural Caixa Postal 023 - /PE,25216,2021-12-14,2021-12-02,2021-12-02,2021-12-02,2021-12-15T10:38:16,False,legado
38922205000042021,3892220542021,75/2021          ,389222,5,PREGÃO,42021,Publicado,eletronico,Nacional,NAIRTON SEVERIANO DA SILVA,Pregoeiro,1.0,179000.0,179101.42,,"Pregão Eletrônico Proposta mais vant ajosa para contratação de serviços continuados de computação segura em nuvem, compreendendo in fraestrutura de Data Center, serviços de alta d isponibilidade, hospedagem de sistemas de infor mação, softwares, backup, recursos de comunicaç ão, operação, monitoração e suporte técnico, co m a finalidade de provisionar os serviços compu tacionais necessários ao pleno funcionamento do Conselho Regional de Nutricionistas11ª.","Rua Bulhoes Marques, 19          Salas 801/802/803 - Boa Vista - /PE",25313,2021-12-14,2021-12-02,2021-12-02,2021-12-02,2021-12-14T16:30:08,False,legado
15316505000142021,15316505142021,23082024240202175,153165,5,PREGÃO,142021,Publicado,eletronico,Nacional,ALEX SILVA DE SALES,Pregoeiro,121.0,85527.41,167568.02,,"Pregão Eletrônico Aquisição de mater iais de consumo, para a atender as necessidades da Clínica de Bovinos de Garanhuns da Universi dade Federal Rural de Pernambuco (UFRPE), confo rme condições, quantidades e exigências estabel ecidas neste Edital e seus anexos.",Rua Dom Manoel de Medeiros S/n - Dois Irmaos - /PE,25313,2021-12-14,2021-12-02,2021-12-02,2021-12-02,2021-12-16T11:07:11,False,legado
11009605000142021,11009605142021,00587000308202144,110096,5,PREGÃO,142021,Publicado,eletronico,Nacional,FAYE SHIRLEY GONCALVES FIDELIS DE CARVALHO ALVES,Pregoeira,1.0,895208.66,895208.66,Edital disponível em: www.c ompras.gov.br,"Pregão Eletrônico Contratação de emp resa especializada para prestação de serviços d e engenharia de reparação e conservação de part e do Edifício Carlos Pereira Filho, localizado na Praça CairúCentroIlhéus/BA","Avenida Herculano Bandeira, 716 - Pina/PE",25313,2021-12-14,2021-12-02,2021-12-02,2021-12-02,2021-12-15T12:23:37,False,legado
15502205001642021,155022051642021,23536015060202117,155022,5,PREGÃO,1642021,Publicado,eletronico,Nacional,JOAO LUIZ CAVALCANTI MARANHAO DE ALBUQUERQUE,Chefe do Setor de Administração,2.0,67617.78,120412.99,Mais informações: (81) 2126 -3939.,"Pregão Eletrônico Contratação de emp resa especializada para execução da substituiçã o da rede de dutos de distribuição de GLP (Gás Liquefeito de Petróleo) e para fornecimento e i nstalação de tanque de óleo diesel , conforme c ondições, quantidades e exigências estabelecida s neste Edital e seus Anexos.",Av. Professor Moraes Rego S/n - Cidade Universitária/PE,25313,2021-12-27,2021-12-02,2021-12-02,2021-12-02,2022-02-01T12:11:28,False,legado
25501705000022021,2550170522021,25225001073202148,255017,5,PREGÃO,22021,Publicado,eletronico,Nacional,MARCELO CAVALCANTI DE MENDONCA E SILVA,Pregoeiro,1.0,70000.0,83527.24,,"Pregão Eletrônico Contratação de emp resa para o fornecimento de hastes perfuração de poços tubulares, conforme condições, quantid ades e exigências estabelecidas no Edital.","Av.conselheiro Rosa e Silva Nr 1489, Bairro Aflitos - /PE",25313,2021-12-14,2021-12-02,2021-12-02,2021-12-02,2021-12-16T11:25:57,False,legado
11009605000112021,11009605112021,00587000813202199,110096,5,PREGÃO,112021,Publicado,eletronico,Nacional,ROSICLEIDE ALEXANDRE DA SILVA,Pregoeira,1.0,61629.12,69796.08,"O Edital está disponibiliza do, na íntegra, no endereço eletrônico https:// www.gov.br/compras/pt-br/ e https://antigo.agu. gov.br/servico/licitacao.","Pregão Eletrônico Contratação de emp resa para a prestação de serviços continuados d e Portaria 12X36, para as unidades da AGU no es tado de Sergipe.","Avenida Herculano Bandeira, 716 - Pina/PE",25313,2021-12-14,2021-12-02,2021-12-02,2021-12-02,2021-12-20T14:27:58,False,legado
9003105000582021,9003105582021,8340-68.2021.4.05,90031,5,PREGÃO,582021,Publicado,eletronico,Nacional,FRANCISCO REIS NOGUEIRA SOBRINHO,Pregoeiro,2.0,44000.0,88687.32,"Não será permitida a subcon tratação, no todo ou em parte, do objeto deste certame licitatório.Em caso de divergência entr e as especificações técnicas do objeto descrita s no Sistema SIASG do portal Comprasgovernament ais e as descritas neste Edital, prevalecerão e stas.",Pregão Eletrônico Aquisição de 01 (u ma) Impressora Laser Colorida A3 para o Tribuna l Regional Federal da 5ª Região.,"Av. Cais do Apolo, S/n - Ed. Min. Djaci Falcão - Bairro do Recife/PE",25313,2021-12-17,2021-12-02,2021-12-02,2021-12-02,2022-05-19T15:29:13,False,legado
13001605000152021,13001605152021,21002001272202110,130016,5,PREGÃO,152021,Publicado,eletronico,Nacional,ENNIO JEFTE ARISTIDES DA SILVA,Servidor Designado,121.0,781.5,100542.35,,"Pregão Eletrônico Aquisição de insum os químicos e material biológico para suprir as necessidades das Unidades Analíticas Fertiliza ntes Corretivos e Substratos (FCS), DIA/EET, IQ A/BEV, IQA/POA, UST/LEM, para suprir as necessi dades do Laboratório de Defesa Agropecuária em Recife (LFDA-PE).",Rua Dom Manoel de Medeiros S/n - Dois Irmaos - Dois Irmãos/PE,25313,2021-12-14,2021-12-02,2021-12-02,2021-12-02,2022-02-03T16:01:02,False,legado
12063205001382021,120632051382021,67437005972202093,120632,5,PREGÃO,1382021,Publicado,eletronico,Nacional,ALEXANDRE SILVA DOS SANTOS,Ordenador de Despesas Delegado,44.0,,48166.29,,"Pregão Eletrônico Registro de precos para aquisicao de materiais hospitalares, para atender as necessidades do Hospital de Aeronau tica de Recife.",Av Centenário Alberto Santos Dumont - Jordão/PE,25313,2021-12-15,2021-12-03,2021-12-03,2021-12-03,2022-03-08T12:43:23,False,legado
8000605000332021,8000605332021,16.681/21        ,80006,5,PREGÃO,332021,Publicado,eletronico,Nacional,AURELAIDE DE SOUZA NASCIMENTO MENEZES,Pregoeira,2.0,349449.54,523585.6,,"Pregão Eletrônico Serviços continuad os de limpeza, conservação, higienização, e gar çom, com dedicação exclusiva de mão de obra, e com fornecimento de todos os materiais e equipa mentos necessários, a serem executados nas inst alações das Unidades do TRT6.","Cais do Apolo Nº 739, Bairro do Recife, Recife/pe. - /PE",25313,2021-12-17,2021-12-03,2021-12-03,2021-12-03,2022-05-27T18:35:56,False,legado
11321105000062021,1132110562021,01351000170202118,113211,5,PREGÃO,62021,Publicado,eletronico,Nacional,DIEGO REMERSON MARTINS DA SILVA,Pregoeiro,8.0,757448.14,812031.96,,"Pregão Eletrônico Contratação de emp resa especializada para prestação de serviços c ontinuados de manutenção predial, preventiva e corretiva, com dedicação exclusiva da mão de ob ra, nas dependências do Centro Regional de Ciên cias Nucleares do Nordeste CRCN-NE.","Av. Luis Freire, 200 - Cidade Universitária - Várzea/PE",25313,2021-12-15,2021-12-03,2021-12-03,2021-12-03,2021-12-23T11:15:19,False,legado
15502205001652021,155022051652021,23536015958202195,155022,5,PREGÃO,1652021,Publicado,eletronico,Nacional,JOAO LUIZ CAVALCANTI MARANHAO DE ALBUQUERQUE,Chefe do Setor de Administração do Hc/ufpe - Ebserh,17.0,43500.0,53436.49,Mais informações: (81) 2126 -3939.,"Pregão Eletrônico Registro de preços visando a eventual aquisição de Materiais para Cardiologia, com cessão de Acessórios e Equipa mentos em regime de comodato, para o Hospital d as Clínicas de Pernambuco",Av. Professor Moraes Rego S/n - Cidade Universitária/PE,25313,2021-12-16,2021-12-03,2021-12-03,2021-12-03,2022-01-28T10:14:59,False,legado
15847805000032021,1584780532021,23359019688201965,158478,5,PREGÃO,32021,Publicado,eletronico,Nacional,MARCOS ANTONIO GERMANO DO NASCIMENTO,Diretor Geral,19.0,207260.64,115130.49,,"Pregão Eletrônico Contratação de ser viço continuado, com dedicação de mão de obra e xclusiva, de condução de veículos (Motorista).",Av Sebastiao Rodrigues da Costa S/n Bairro Sao Pedro - /PE,23337,2022-01-18,2022-01-03,2022-01-03,2022-01-03,2022-05-10T12:18:18,False,legado
51067705000342021,51067705342021,35014213033202186,510677,5,PREGÃO,342021,Publicado,eletronico,Nacional,JOSE ROOSEVELT ARAUJO CORREA,Chefe da Divofl,4.0,551215.88,2294363.4,,"Pregão Eletrônico Contratação de emp resas especializadas para prestação de Serviço de Telefonia Fixo ComutadoSTFC nas modalidad es LOCAL, LONGA DISTÂNCIA NACIONAL E INTERNACIO NAL para atender as unidades administrativas e operacionais vinculadas à Superintendência Regi onal Nordeste do Instituto Nacional do Seguro S ocial., conforme condições, quantidades e exigê ncias estabelecidas neste Edital e seus anexos.","Av. Dantas Barreto, Nº 300 , Sala 101, - Santo Antônio/PE",25313,2022-01-26,2022-01-03,2022-01-03,2022-01-03,2022-02-14T15:22:35,False,legado
15518005000732021,15518005732021,23542012100202190,155180,5,PREGÃO,732021,Publicado,eletronico,Nacional,GILBERIO ITALO DE ARAUJO SANTOS,Agente de Licitação,78.0,23200.0,5272.2506,,Pregão Eletrônico Aquisição de medic amentos.,Av Jose de Sá Maniçoba S/n Centro - Centro/PE,25216,2022-01-13,2022-01-03,2022-01-03,2022-01-03,2022-05-11T14:17:07,False,legado
16002305000092021,1600230592021,64408010701202190,160023,5,PREGÃO,92021,Publicado,eletronico,Nacional,PEDRO AFONSO DOS SANTOS JUNIOR,Ordenador de Despesas,12.0,1259.94,1193.85,,Pregão Eletrônico Aquisição de mater ial de Intendência,"Rod. Pe 180, Km 5 - São Bento do Una - Pe - /PE",25593,2022-01-13,2022-01-03,2022-01-03,2022-01-03,2022-08-30T14:47:33,False,legado
16020005000112021,16020005112021,64621007712202168,160200,5,PREGÃO,112021,Publicado,eletronico,Nacional,MARCEL PASSOS ZYLBERBERG,Ordenador de Despesas,90.0,,14325.96,"Observar o Subitem 6.1.4.1. Devido à nova catalogação de material/serviço do Siasgnet, esclarecemos que não existem algun s códigos apropriados à necessidade desta unida de conforme estabelecido no Termo de Referência . Sendo assim, haverá divergência entre a descr ição detalhada disponibilizada no Comprasnet e a do Edital. Nesse sentido, os senhores licitan tes, ao cadastrarem suas propostas no sistema e letrônico deverão considerar as descrições deta lhadas do Termo de Referência.","Pregão Eletrônico Aquisição de insum os de pintura, insumos do processo de fosfatiza ção, anodização e equipamentos de proteção indi vidual (EPI)",Av. 17 de Agosto 784 - Casa Forte - Casa Forte/PE,25313,2022-01-17,2022-01-04,2022-01-04,2022-01-04,2022-05-09T11:01:38,False,legado
15814905000012022,1581490512022,23302000696202116,158149,5,PREGÃO,12022,Publicado,eletronico,Nacional,GERSON DE ALENCAR LIMA,Divulgador,234.0,6000.0,365066.84,,Pregão Eletrônico Contratação de emp resa especializada para prestação de serviços d e manutenção preventiva e corretiva de equipame ntos de refrigeração e climatização e também in stalação e desinstalação de equipamentos de arcondicionado para a Reitoria e os campi do IFSe rtão-PE.,"Rua Aristarco Lopes,nº 240- Centro - /PE",25216,2022-01-17,2022-01-04,2022-01-04,2022-01-04,2022-03-09T14:39:11,False,legado
12063205000012022,1206320512022,67445000992202150,120632,5,PREGÃO,12022,Publicado,eletronico,Nacional,ALEXANDRE SILVA DOS SANTOS,Ordenador de Despesas Delegado,38.0,6548.0,4673.68,,"Pregão Eletrônico Aquisic a o de Mat eriais Odontolo gicos de Uso Geral (MUG), para atender a s necessidades da ODONTOCLI NICA DE A ERONA UTICA DE RECIFE e dos DESTACAMENTOS DE CO NTROLE DO ESPAC O AE REO DE PORTO SEGURO, FERNA NDO DE NORONHA, ARACAJU E MACEIO .",Av Centenário Alberto Santos Dumont - Jordão/PE,25313,2022-01-17,2022-01-05,2022-01-05,2022-01-05,2022-02-21T09:34:03,False,legado
25442105000252021,25442105252021,25382000292202105,254421,5,PREGÃO,252021,Publicado,eletronico,Nacional,ANA CRISTINA NOVAES MAIA CHAGAS,Pregoeira,1.0,909897.01,946730.05,O edital e seus anexos estã o disponiveis para consulta e retirada atraves dos sites www.cpqam.fiocruz.br e www.pef.fiocru z.br,"Pregão Eletrônico Contratação de emp resa especializada para prestação de serviços c ontínuos de manutenção de equipamentos médico h ospitalar e laboratoriais, rede e aparelhos tel efônicos e CFTV, com postos de trabalhos, plano de serviços de engenharia em manutenção de equ ipamentos, com manutenções preventivas, manuten ções corretivas, calibrações, certificações e t estes de segurança elétrica desses equipamentos , conforme condições, quantidades e exigências estabelecidas neste instrumento",Av. Prof. Moraes Rego S/n - Cidade Universitaria - Campus da Ufpe - Cidade Universitaria/PE,25313,2022-01-17,2022-01-05,2022-01-05,2022-01-05,2022-03-18T12:04:18,False,legado
27505705000792021,27505705792021,090.2021         ,275057,5,PREGÃO,792021,Publicado,eletronico,Nacional,NATALIA CRISTINA SOARES DOS SANTOS PIRES,Gerente Operacional de Licitação e Compras,12.0,9108.0,1002.71,,"Pregão Eletrônico Eventual aquisição de lubrificantes em geral à demanda da CBTU-ST U/REC, de acordo com as condições constantes em EDITAL e seus ANEXOS.","Rua José Natário,478 - Areias - Recife - Pe. - /PE",25313,2022-01-17,2022-01-05,2022-01-05,2022-01-05,2022-02-09T14:36:57,False,legado
92617105000012022,9261710512022,25800.003375/2021,926171,5,PREGÃO,12022,Publicado,eletronico,Nacional,SAULO BANDEIRA DURVAL,Pregoeiro,1.0,140000.0,186000.0,"Em caso de divergência entr e as informações constantes do comprasnet e os do Termo de referência, prevalecerão as desse.","Pregão Eletrônico Contratação de emp resa seguradora, com experiência comprovada no mercado nacional, para emissão de Apólice de Se guro de Responsabilidade Civil para os Conselhe iros, Diretores e Ordenador de Despesas da EMPR ESA BRASILEIRA DE HEMODERIVADOS E BIOTECNOLOGIA HEMOBRÁS D&O (Directors & Officers), confo rme condições, quantidades e exigências estabel ecidas no edital e seus anexos.","Rua Professor Eloísio Pessoa de Araújo, 75, Sala 809 - Boa Viagem/PE",25313,2022-01-17,2022-01-05,2022-01-05,2022-01-05,2022-01-26T10:39:31,False,legado
15502205000012022,1550220512022,23536018280202101,155022,5,PREGÃO,12022,Publicado,eletronico,Nacional,JOAO LUIZ CAVALCANTI MARANHAO DE ALBUQUERQUE,Chefe do Setor de Administração do Hc/ufpe - Ebserh,5.0,1468.0,19.25,Mais informações: (81) 2126 -3939,"Pregão Eletrônico Registro de preços visando a eventual aquisição de Filmes Radioló gicos, incluída a cessão de equipamentos em reg ime de comodato, para o Hospital das Clínicas d e Pernambuco",Av. Professor Moraes Rego S/n - Cidade Universitária/PE,25313,2022-01-17,2022-01-05,2022-01-05,2022-01-05,2022-02-04T11:39:42,False,legado
15502205000022022,1550220522022,23536015512202161,155022,5,PREGÃO,22022,Publicado,eletronico,Nacional,JOAO LUIZ CAVALCANTI MARANHAO DE ALBUQUERQUE,Chefe do Setor de Administração do Hc/ufpe - Ebserh,44.0,,12509.68,Mais informações: (81) 2126 -3939.,Pregão Eletrônico Registro de preços visando a eventual aquisição de Material Médic o Hospitalar IX para atender demanda do Hospita l das Clínicas da UFPE.,Av. Professor Moraes Rego S/n - Cidade Universitária/PE,25313,2022-01-18,2022-01-05,2022-01-05,2022-01-05,2022-04-28T13:41:59,False,legado
12063205000022022,1206320522022,67437.013950/2021,120632,5,PREGÃO,22022,Publicado,eletronico,Nacional,ALEXANDRE SILVA DOS SANTOS,Ordenador de Despesas Delegado,4.0,,722825.28,,"Pregão Eletrônico Contratação de emp resa especializada na prestação, de forma contí nua, de serviços de recepcionista, a serem exec utados nas dependências do Hospital de Aeronáut ica de Recife (HARF) e da Odontoclínica de Aero náutica de Recife (OARF.",Av Centenário Alberto Santos Dumont - Jordão/PE,25313,2022-01-18,2022-01-06,2022-01-06,2022-01-06,2022-01-17T10:11:13,False,legado
7001005000822021,7001005822021,0006646-70.2021.6,70010,5,PREGÃO,822021,Publicado,eletronico,Nacional,ANA KAROLINA DE FARIAS FREITAS,Pregoeira,1.0,19200.0,25014.96,Observar as especificações constantes no ANEXO I do Edital.,"Pregão Eletrônico Contratação de emp resa para prestação de serviços de manutenção p reventiva e corretiva dos grupos geradores dies el do edifício-sede do TRE-PE, incluindo serviç os de plantão e emergência, com fornecimento de materiais, combustível e equipamentos necessár ios à prestação dos serviços, de acordo com as especificações constantes do Termo de Referênci a (ANEXO I) do Edital.","Av. Gov. Agamenon Magalhaes, 1.160 - 4º Andar, Sala 408 - Graças/PE",25313,2022-01-21,2022-01-07,2022-01-07,2022-01-07,2022-03-04T09:39:01,False,legado
25704702000052022,2570470252022,25059000152202109,257047,2,TOMADA DE PREÇOS,52022,Publicado,presencial,Nacional,JONAS DE VASCONCELOS AGUIAR,Guarda de Endemia,1.0,,188521.95,,"Contratação de empresa de engenharia pa ra realizar Implantação do Sistema de Abastecim ento D Água da Aldeia Riacho Fundo, localizada no município de Cabrobó no estado de Pernambuco PE",Av. Norte Miguel Arraes de Alencar - Macaxeira/PE,25313,,2022-01-07,2022-02-03,2022-01-07,2022-01-20T14:57:50,False,legado
16017705000012022,1601770512022,64107005263202132,160177,5,PREGÃO,12022,Publicado,eletronico,Nacional,LUCIANO GUIMARAES DE SANTANA,Ordenandor de Despesas,1.0,14.0,21.0,,"Pregão Eletrônico Contratação de ces são de uso a título oneroso, para exercício de atividade de apoio de BARBEARIA no 71º Batalhão de Infantaria Motorizado, localizado na BR 423 , KM 94, S/N, Heliópolis, CEP 55.297-130, com p restação pecuniária mensal equivalente ao maior lance dado pela área de 22,95m² (vinte e dois metros quadrados e noventa e cinco centésimos), conforme condições, quantidades e exigências e stabelecidas neste Edital e seus anexos.","Rod Br 423, Km 94 - Heliópolis - /PE",24198,2022-01-20,2022-01-10,2022-01-10,2022-01-10,2022-01-20T14:43:05,False,legado
7001005000842021,7001005842021,0013196-81.2021.6,70010,5,PREGÃO,842021,Publicado,eletronico,Nacional,ANA KAROLINA DE FARIAS FREITAS,Pregoeira,19.0,5300.0,117.72,Observar as especificações constantes no Termo de Referência do Edital.,"Pregão Eletrônico Registro de Preços para eventual aquisição de materiais gráficos e material para diplomação, de acordo com as es pecificações constantes do Termo de Referência (ANEXO I) do Edital.","Av. Gov. Agamenon Magalhaes, 1.160 - 4º Andar, Sala 408 - Graças/PE",25313,2022-01-21,2022-01-10,2022-01-10,2022-01-10,2022-03-16T13:46:02,False,legado
17005505000022022,1700550522022,10480.100055/2022,170055,5,PREGÃO,22022,Publicado,eletronico,Nacional,MAURO OLIVEIRA DA SILVA,Pregoeiro Sra-pe,1.0,57148.78,57148.8,,Pregão Eletrônico Contratação de emp resa especializada para a prestação de serviços continuados e com dedicação exclusiva de mão d e obra de manutenção de instalações elétricas p ara atender as necessidades da Superintendência Regional de Administração do Ministério da Eco nomia em Pernambuco SRA/PE,"Av. Alfredo Lisboa, 1168 - Bairro do Recife Antigo - Recife - Pe - Bairro do Recife Antigo/PE",25313,2022-02-14,2022-02-02,2022-02-02,2022-02-02,2022-02-21T15:06:33,False,legado
15308005000022022,1530800522022,23076066179202168,153080,5,PREGÃO,22022,Publicado,eletronico,Nacional,RODRIGO DANNIEL DA SILVA ALEXANDRE,Coordenador de Licitações,5.0,321340.0,358331.16,Mais informações: (81)21268034,"Pregão Eletrônico Aquisição de TRANS FORMADORES (fornecimento, entrega e descarregam ento) necessários para a manutenção da rede de distribuição primária e secundária de energia e létrica da Universidade Federal de Pernambuco, conforme condições, quantidades e exigências es tabelecidas no Edital e seus anexos.","Av.prof.moraes Rego,1235 - Cidade Universitaria - Recife - /PE",25313,2022-02-15,2022-02-02,2022-02-02,2022-02-02,2022-03-03T11:34:27,False,legado
15502205000132022,15502205132022,23536013313202190,155022,5,PREGÃO,132022,Publicado,eletronico,Nacional,JOAO LUIZ CAVALCANTI MARANHAO DE ALBUQUERQUE,Chefe do Setor de Administração,80.0,6725.0,117503.34,,"Pregão Eletrônico Registro de preços visando a eventual aquisição de Anticorpos, Ma teriais diversos para o Serviço de Anatomia Pat ológica e Reagentes para Imunohematologia I ate ndendo demanda do Hospital das Clinicas de Pern ambuco -Filial Ebserh.",Av. Professor Moraes Rego S/n - Cidade Universitária/PE,25313,2022-02-15,2022-02-02,2022-02-02,2022-02-02,2022-04-28T08:08:26,False,legado
25442105000232021,25442105232021,25382000507202180,254421,5,PREGÃO,232021,Publicado,eletronico,Nacional,ANA CRISTINA NOVAES MAIA CHAGAS,Pregoeira,1.0,28200.0,20.07,O edital e anexos estao dis ponives nos sites www.cpqam.fiocruz.br e www.pe f.fiocruz.br,"Pregão Eletrônico Aquisição de dióxi do de carbono sólido (gelo seco) destinado aos laboratórios do Instituto Aggeu Magalhães IAM /Fiocruz, conforme condições, quantidades, exig ências e estimativas, estabelecidas no Termo de Referência.",Av. Prof. Moraes Rego S/n - Cidade Universitaria - Campus da Ufpe - Cidade Universitaria/PE,25313,2022-02-14,2022-02-02,2022-02-02,2022-02-02,2022-02-16T08:34:02,False,legado
8000605000032022,800060532022,623/2022         ,80006,5,PREGÃO,32022,Publicado,eletronico,Nacional,FABIANO ANTONIO MARQUES GUEDES DA CRUZ FILHO,Pregoeiro,1.0,79440.0,83559.0,,"Pregão Eletrônico Aquisição de 06 (s eis) licenças do tipo subscrição, por 36 (trint a e seis) meses, da suíte Adobe Creative Cloud for Teams All Apps, para o Tribunal do Trabalho da Sexta Região.","Cais do Apolo Nº 739, Bairro do Recife, Recife/pe. - /PE",25313,2022-02-14,2022-02-02,2022-02-02,2022-02-02,2022-03-02T19:34:49,False,legado
12063205000062022,1206320562022,67437011280202165,120632,5,PREGÃO,62022,Publicado,eletronico,Nacional,ALEXANDRE SILVA DOS SANTOS,Ordenador de Despesas Delegado,181.0,,474122.15,,"Pregão Eletrônico Registro de prec o s para materiais para cirurgias ortope dicas, p ara atender a s necessidades do HOSPITAL DE AER ONA UTICA DE RECIFE.",Av Centenário Alberto Santos Dumont - Jordão/PE,25313,2022-02-14,2022-02-02,2022-02-02,2022-02-02,2022-04-05T12:40:30,False,legado
8000605000022022,800060522022,21.152/2021      ,80006,5,PREGÃO,22022,Publicado,eletronico,Nacional,FABIANO ANTONIO MARQUES GUEDES DA CRUZ FILHO,Pregoeiro,1.0,15295.0,55.25,,"Pregão Eletrônico REGISTRO DE PREÇOS Aquisição de camisas personalizadas, com pro teção solar 50+, em tecido 90% poliéster e 10% elastano, nas cores azul, verde e branca, manga longa, gola do tipo careca, modelo unissex, pa ra as campanhas institucionais e eventos do TRT 6.","Cais do Apolo Nº 739, Bairro do Recife, Recife/pe. - /PE",25313,2022-02-15,2022-02-02,2022-02-02,2022-02-02,2022-03-22T12:27:25,False,legado
11380105000012022,1138010512022,59403000863202120,113801,5,PREGÃO,12022,Publicado,eletronico,Nacional,DECIO PETRONIO CAMPOS FLORENTINO,Coordenador Estadual,7.0,,1866759.68,,"Pregão Eletrônico O objeto da presen te licitação é a contratação de empresa especia lizada na prestação de Serviços de Apoio Admini strativo, com dedicação de mão de obra exclusiv a, com execução mediante regime de empreitada p or preço Global, para atender as necessidades d a CEST_PE Coordenadoria Estadual do DNOCS em Pernambuco.","Rua Conego Barata, 999 - Tamarineira/PE",25313,2022-02-15,2022-02-03,2022-02-03,2022-02-03,2022-02-11T15:34:33,False,legado
11461405000042022,1146140542022, 20874.43/2021-15,114614,5,PREGÃO,42022,Publicado,eletronico,Nacional,THIAGO DE MELO CORDEIRO,Téc. em Inf. Geo. e Estat.,36.0,10389.6,23376.6,,Pregão Eletrônico Contratação de Int ernet para 18 Postos do Censo Demográfico 2022,"Av. Eng. Domingos Ferreira, 1097, 1º ao 6º Andar - Boa Viagem/PE",25313,2022-02-15,2022-02-03,2022-02-03,2022-02-03,2022-02-15T11:26:42,False,legado
27505705000772021,27505705772021,088.2021         ,275057,5,PREGÃO,772021,Publicado,eletronico,Nacional,NATALIA CRISTINA SOARES DOS SANTOS PIRES,Gerente Operacional de Licitação e Compras,1.0,5294998.42,5339132.42,,"Pregão Eletrônico Contratação de pre stação de serviços de manutenção e conservação da infraestrutura da via permanente da CBTU-STU /REC, o que inclui os serviços de roço e capina da vegetação existente às margens da via férre a; remoção, carga manual e transporte de resídu os gerados por essas atividades, além de serviç os de escavação e reaterro manual ao longo da v ia e contenção de taludes em situação de risco de acordo com as condições constantes em EDITAL e ANEXOS.","Rua José Natário,478 - Areias - Recife - Pe. - /PE",25313,2022-02-25,2022-02-03,2022-02-03,2022-02-03,2022-03-10T09:14:25,False,legado
16019905000062022,1601990562022,64583019635202192,160199,5,PREGÃO,62022,Publicado,eletronico,Nacional,MARIA SANDRA ANDRADE,Ordenadora de Despesas,80.0,,366667.54,"Ocorrendo possíveis divergê ncias entre a descrição do item contido neste T ermo e a descrição vinculada ao código do mater ial no sistema Comprasnet(CATMAT), prevalecerá a descrição contida no Anexo I do Edital -Termo de Referência.","Pregão Eletrônico Registro de preços para aquisição de Órteses, Próteses e Materiai s Especiais (OPME) Urologia, incluindo comoda to de equipamentos, conforme condições, quantid ades, exigências e estimativas, inclusive as en caminhadas pelos órgãos e entidades participant es (quando for o caso), para atender necessidad es do Hospital Militar de Área de Recife.","Rua do Hospício, 563 - Boa Vista - Boa Vista/PE",25313,2022-02-21,2022-02-03,2022-02-03,2022-02-03,2022-09-21T15:18:14,False,legado
11009605000012022,1100960512022,00587000352202154,110096,5,PREGÃO,12022,Publicado,eletronico,Nacional,ROSICLEIDE ALEXANDRE DA SILVA,Pregoeira,9.0,369096.6,371490.12,"O Edital está disponibiliza do, na íntegra, no endereço eletrônico www.comp ras.gov.br.","Pregão Eletrônico Contratação de emp resa para prestação de serviços de manutenção p redial preventiva e corretiva, contínuo com ded icação exclusiva de mão de obra, bem como servi ços eventuais sob demanda nos sistemas, redes e instalações elétricas, telefônicas, lógicas,hi drossanitárias e de combate e prevenção a incên dios, nos sistemas de proteção de descargas atm osféricas (SPDA) e na reconstituição das partes civis afetadas para atender as necessidades da s unidades da AGU na Bahia.","Avenida Herculano Bandeira, 716 - Pina/PE",25313,2022-02-15,2022-02-03,2022-02-03,2022-02-03,2022-03-24T12:49:00,False,legado
15502205000142022,15502205142022,23536019966202119,155022,5,PREGÃO,142022,Publicado,eletronico,Nacional,JOAO LUIZ CAVALCANTI MARANHAO DE ALBUQUERQUE,Chefe do Setor de Administração do Hc/ufpe - Ebserh,8.0,4000.0,6133.58,Mais informações: (81) 2126 -3939.,Pregão Eletrônico Registro de preços visando a eventual contratação de empresa espe cializada para realização de biópsias renais pa ra o Serviço de Nefrologia do Hospital das Clín icas de Pernambuco.,Av. Professor Moraes Rego S/n - Cidade Universitária/PE,25313,2022-02-16,2022-02-04,2022-02-04,2022-02-04,2022-03-14T11:33:17,False,legado
7001005000012022,700100512022,0017486-42.2021.6,70010,5,PREGÃO,12022,Publicado,eletronico,Nacional,ANA KAROLINA DE FARIAS FREITAS,Pregoeira,5.0,19640.0,34475.71,Observar as especificações constantes no Termo de Referência (ANEXO I) do Edital,"Pregão Eletrônico Aquisição de mater iais permanentes odontológicos, de acordo com a s especificações técnicas e as condições consta ntes do Termo de Referência (ANEXO ÚNICO) do Ed ital.","Av. Gov. Agamenon Magalhaes, 1.160 - 4º Andar, Sala 408 - Graças/PE",25313,2022-02-18,2022-02-04,2022-02-04,2022-02-04,2022-03-04T09:36:14,False,legado
15502205000152022,15502205152022,23536022772202192,155022,5,PREGÃO,152022,Publicado,eletronico,Nacional,JOAO LUIZ CAVALCANTI MARANHAO DE ALBUQUERQUE,Chefe do Setor de Administração do Hc/ufpe - Ebserh,6.0,193800.0,94.42,Mais informações: (81) 2126 -3939.,"Pregão Eletrônico Registro de preços visando a eventual aquisição de Insumos para L aboratório VSH, Gasometria e Hemostasia com cessão de equipamentos em comodato, para o Hos pital das Clínicas de Pernambuco",Av. Professor Moraes Rego S/n - Cidade Universitária/PE,25313,2022-02-17,2022-02-04,2022-02-04,2022-02-04,2022-04-01T13:36:11,False,legado
16019405000172021,16019405172021,64318033785202149,160194,5,PREGÃO,172021,Publicado,eletronico,Nacional,APOLLO CRISTI POLIESTI NOGUEIRA,Ordenador de Despesas,224.0,109200.0,850860.0,,"Pregão Eletrônico Eventual aquisição Dispositivos Médicos Implantáveis (DMI), para joelho, quadril, fêmur e fixadores externos, ob jetivando atender as necessidades dos hospitais militares no âmbito Comando da 7ª Região Milit ar","Av. Visconde de Sao Leopoldo, 198 - Várzea/PE",25313,2022-02-16,2022-02-04,2022-02-04,2022-02-04,2022-04-13T11:46:15,False,legado
7001005000862021,7001005862021,0014224-84.2021  ,70010,5,PREGÃO,862021,Publicado,eletronico,Nacional,ELIANE RODRIGUES DE CARVALHO SILVA,Pregoeira,8.0,146437.4,262588.18,,"Pregão Eletrônico Contratação de emp resa para prestação de serviços de manutenção p reventiva e corretiva em aparelhos de ar-condic ionado tipo janela (ACJ), tipo SPLIT, tipo PORT ÁTIL e de seus controles remotos, de diversos m odelos, marcas e capacidades, incluindo o forne cimento de peças originais e novas, de acordo c om as especificações constantes do Termo de Ref erência (ANEXO I) do edital.","Av. Gov. Agamenon Magalhaes, 1.160 - 4º Andar - Sala 408 - Graças/PE",25313,2022-02-17,2022-02-04,2022-02-04,2022-02-04,2022-05-20T11:27:34,False,legado
16019805000132022,16019805132022,64453008792202158,160198,5,PREGÃO,132022,Publicado,eletronico,Nacional,VINICIUS DE MORAES CUNHA,Ordenador de Despesas,147.0,16188.0,571873.11,,"Pregão Eletrônico Eventual aquisição de material permanente (PASA), visando atender as necessidades do 7ºDSup e Unidades Gestores Participantes;",Rua General Estilac Leal Nº 439 - Cabanga - Recife - Cabanga/PE,25313,2022-02-21,2022-02-07,2022-02-07,2022-02-07,2023-03-29T11:51:12,False,legado
7001005000802021,7001005802021,0004303-04.2021.6,70010,5,PREGÃO,802021,Publicado,eletronico,Nacional,ANA KAROLINA DE FARIAS FREITAS,Pregoeira,5.0,65856.0,69612.24,Observar as especificações do Termo de Referência (Anexo I) do Edital.,"Pregão Eletrônico Prestação de servi ços, com fornecimento de peças, de manutenção d e sistemas de ventilação mecânica e acesso ao Q G de Urnas do Bongi do Tribunal Regional Eleito ral de Pernambuco, de acordo com as especificaç ões constantes do Termo de Referência (ANEXO I) e demais condições estabelecidas no Edital e s eus anexos.","Av. Gov. Agamenon Magalhaes, 1.160 - 4º Andar, Sala 408 - Graças/PE",25313,2022-02-21,2022-02-07,2022-02-07,2022-02-07,2022-03-18T14:22:06,False,legado
8000605000312021,8000605312021,15.570/2021      ,80006,5,PREGÃO,312021,Publicado,eletronico,Nacional,AURELAIDE DE SOUZA NASCIMENTO MENEZES,Pregoeira,3.0,238197.53,328592.02,,"Pregão Eletrônico Serviços de vigia CBO 5174-20, mediante execução indireta, com alocação de mão de obra, conforme condições, qu antidades e exigências estabelecidas no Edital e seus anexos.","Cais do Apolo Nº 739, Bairro do Recife, Recife/pe. - /PE",25313,2022-02-18,2022-02-07,2022-02-07,2022-02-07,2022-06-14T18:03:39,False,legado
51067705000192022,51067705192022,35014080307202063,510677,5,PREGÃO,192022,Publicado,eletronico,Nacional,JOSE ROOSEVELT ARAUJO CORREA,"Chefe da Divisão de Orçamento, Finanças e Logística",1.0,1147982.76,1317320.8,,"Pregão Eletrônico Contratação de emp resa especializada para executar serviços de ma nutenção predial de caráter preventivo e corret ivo, abrangendo as áreas internas e externas, c om cobertura de risco, bem como a execução de s erviços eventuais de pequena monta, nos prédios das Unidades Operacionais do INSS administrada s pela Gerência Executiva de Maceió/AL","Engenheiro Roberto Gonçalves de Menezes, Nº 149 - Centro/AL",25313,2022-03-14,2022-03-02,2022-03-02,2022-03-02,2022-04-12T11:44:12,False,legado
34400205000012022,3440020512022,694/2021-38      ,344002,5,PREGÃO,12022,Publicado,eletronico,Nacional,ALLAN JONES FARIAS DE ARAUJO,Diretor de Planejamento e Administração,7.0,6439.5,352.1075,,"Pregão Eletrônico O objeto da presen te licitação é a escolha da proposta mais vanta josa para aquisição eventual de materiais e gên eros alimentícios para copa, mediante procedime nto licitatório de Sistema de Registro de Preço sSRP, para a Fundação Joaquim Nabuco Fundaj , pelo prazo de 12 (doze) meses, conforme condi ções, quantidades e exigências estabelecidas ne ste Edital e seus anexos","Av. 17 de Agosto, 2187 - Casa_forte - /PE",25313,2022-03-14,2022-03-02,2022-03-02,2022-03-02,2022-05-06T12:10:24,False,legado
15846405000012022,1584640512022,23295006718202181,158464,5,PREGÃO,12022,Publicado,eletronico,Nacional,JOSE LEONE DE OLIVEIRA JUNIOR,Pregoeiro,16.0,5912.57,388770.0,,"Pregão Eletrônico Contratação de emp resa especializada para ofertar seguro total pa ra os veículos da frota oficial do IFPE com cob ertura anual contra acidentes em geral, danos c ausados pela natureza e assistência 24h (vinte e quatro horas).",Av Prof. Luiz Freire 500 Bloco A- Leste - Cidade Universitária/PE,25313,2022-03-14,2022-03-02,2022-03-02,2022-03-02,2022-03-23T14:15:48,False,legado
25704705000082022,2570470582022,25059003708202119,257047,5,PREGÃO,82022,Publicado,eletronico,Nacional,ANTONIO DE CARVALHO SA,Agente de Saúde Pública,1.0,718080.0,902400.0,,"Pregão Eletrônico Contratação de emp resa para prestação de serviços continuados de locação de veículos, inclusos combustível, manu tenção e motorista, situado em área estratégica na comunidade, para atender às necessidades do Distrito Sanitário Especial Indígena em Pernam buco, no atendimento as áreas da etnia ATIKUM, municípios de Carnaubeira da Penha e Salgueiro",Av. Norte Miguel Arraes de Alencar - Macaxeira/PE,25313,2022-03-14,2022-03-02,2022-03-02,2022-03-02,2022-03-24T15:42:33,False,legado
15502205000202022,15502205202022,23536018227202100,155022,5,PREGÃO,202022,Publicado,eletronico,Nacional,JOAO LUIZ CAVALCANTI MARANHAO DE ALBUQUERQUE,Chefe do Setor de Administração do Hc/ufpe - Ebserh,10.0,,3482.43,Mais informações: (81) 2126 -3939.,"Pregão Eletrônico Registro de preços visando a Contratação de empresa especializada para prestação de serviços de logística docume ntal, organização, armazenagem, digitalização e gerenciamento de imagens para a guarda de arq uivos clínicos e administrativos do Hospital da Clínicas de Pernambuco Filial EBSERH.",Av. Professor Moraes Rego S/n - Cidade Universitária/PE,25313,2022-03-28,2022-03-03,2022-03-03,2022-03-03,2022-03-21T16:40:01,False,legado
7001005000092022,700100592022,0025002-16.2021  ,70010,5,PREGÃO,92022,Publicado,eletronico,Nacional,LILIAN RAFAELI DUTRA SILVEIRA,Pregoeira,3.0,249944.0,151.96,,"Pregão Eletrônico Registro de Preços para eventual aquisição de materiais de consum o (coletes e camisas), de acordo com as especif icações constantes do Termo de Referência (ANEX O I do Edital).","Av. Gov. Agamenon Magalhaes, 1.160, 4º Andar, Sala 408 - Graças/PE",25313,2022-03-16,2022-03-03,2022-03-03,2022-03-03,2022-04-19T13:49:46,False,legado
15814905000052022,1581490552022,23302000025202228,158149,5,PREGÃO,52022,Publicado,eletronico,Nacional,JOAO DERYSON FIGUEIREDO SAMPAIO,Equipe de Apoio ao Pregoeiro,12.0,,2746.42,,Pregão Eletrônico Aquisição parcelad a de Gás Liquefeito de Petróleo (GLP) para o IF Sertão Pernambucano,"Rua Aristarco Lopes,nº 240- Centro - Centro/PE",25216,2022-03-15,2022-03-03,2022-03-03,2022-03-03,2022-03-14T09:42:01,False,legado
15308005000012022,1530800512022,23076057448202195,153080,5,PREGÃO,12022,Publicado,eletronico,Nacional,RODRIGO DANNIEL DA SILVA ALEXANDRE,Coordenador de Licitações,65.0,5168.0,5051.52,,"Pregão Eletrônico Aquisição de mater iais elétricos necessários para manutenção das instalações elétricas da UFPE (baixa tensão e m édia tensão), com fornecimento e entrega, para atender às demandas da Diretoria de Manutenção e Conservação da Superintendência de Infraestru tura da Universidade Federal de Pernambuco em R ecife, conforme especificações e quantitativos em anexo.","Av.prof.moraes Rego,1235 - Cidade Universitaria - Recife - /PE",25313,2022-03-15,2022-03-03,2022-03-03,2022-03-03,2022-10-24T11:25:22,False,legado
51067705000092022,5106770592022,35014345447202173,510677,5,PREGÃO,92022,Publicado,eletronico,Nacional,JOSE JEFFERSON CAMPOS DE SANTANA,Pregoeiro,1.0,448999.8,450763.68,,"Pregão Eletrônico Contratação de ser viços comuns de locação de veículos, incluindo motoristas, com a finalidade de suprir as neces sidades da Gerência Executiva em Juazeiro do No rte/CE, vinculada à Superintendência Regional N ordeste do Instituto Nacional do Seguro Social INSS, conforme condições, quantidades e exigê ncias estabelecidas neste Edital e seus anexos.","Rua São Paulo, 1883-d - Santa Tereza/CE",25313,2022-03-16,2022-03-03,2022-03-03,2022-03-03,2022-04-12T11:47:48,False,legado
11380105000022022,1138010522022,59403000863202120,113801,5,PREGÃO,22022,Publicado,eletronico,Nacional,DECIO PETRONIO CAMPOS FLORENTINO,Coordenador Estadual em Pernambuco,7.0,,1866642.6,,"Pregão Eletrônico Contratação de Emp resa Especializada para prestação de Serviços Continuados de Apoio Administrativo, na prest ação de serviço contínuo com dedicação de mão d e obra exclusiva , com execução mediante o regi me de empreitada por Preço Global, para atender às necessidades da CEST-PECoordenadoria Est adual do DNOCS em Pernambuco e do Escritório de Representação do Ministério do Desenvolvimento Regional, no Nordeste, instalado no 4º Andar, do Bloco A da Sede desta C","Rua Conego Barata, 999 Tamarineira - Tamarineira/PE",25313,2022-03-15,2022-03-03,2022-03-03,2022-03-03,2022-03-29T14:25:00,False,legado
7001005000142022,7001005142022,0015288-32.2021  ,70010,5,PREGÃO,142022,Publicado,eletronico,Nacional,JOANA D ARC SIMOES DE BARROS,Pregoeira,2.0,5023.55,6735.61,,"Pregão Eletrônico Aquisição de mater iais, de acordo com as especificações técnicas e as condições constantes do Termo de Referênci a (ANEXO ÚNICO) do Edital.","Av. Gov. Agamenon Magalhaes, 1.160 - Sala 408 - Graças/PE",25313,2022-03-16,2022-03-03,2022-03-03,2022-03-03,2022-03-25T09:53:37,False,legado
92666503000012022,9266650312022,10/2022          ,926665,3,CONCORRÊNCIA,12022,Publicado,presencial,Nacional,MARIA EDUARDA VILAR GONDIM DE ARAUJO PEREIRA,Presidente da Comissão de Licitação,1.0,,1460388.84,,"Contratação de empresa de construção ci vil, para execução da obra de reforma a ser rea lizada no edifício de propriedade do Core PE, localizado na Estrada dos Remédios, n° 2140 Madalena Recife/PE, CEP 50.720-715, conforme condições, quantidades e exigências estabelecid as no Edital e seus anexos.","Av. Conselheiro Rosa e Silva, 2175, Jaqueira - /PE",25313,,2022-03-03,2022-04-04,2022-03-03,2022-08-15T16:53:25,False,legado
16022505000072022,1602250572022,64151009322202114,160225,5,PREGÃO,72022,Publicado,eletronico,Nacional,FRANCISCO JOSE DE MOURA,Ordenador de Despesas,1.0,2440.0,2440.0,E-mail: licitacao.basecurad o@gmail.com ou por contato telefônico: 81 21296638,"Pregão Eletrônico Cessão de uso a tí tulo oneroso, para exercício de atividade de ap oio de cantina do 4º Batalhão de Polícia do Exé rcito (4ºBPE)",Avenida Professor Luiz Freire N° 198 - Varzea/PE,25313,2022-03-16,2022-03-04,2022-03-04,2022-03-04,2022-03-21T11:35:26,False,legado
27505705000052022,2750570552022,007.2022         ,275057,5,PREGÃO,52022,Publicado,eletronico,Nacional,NATALIA CRISTINA SOARES DOS SANTOS PIRES,Gerente Operacional de Licitação e Compras,1.0,2429853.87,2740734.9,,"Pregão Eletrônico Contratação de emp resa especializada para a prestação de serviço de limpeza, conservação e copeiragem, incluindo copeiro(a), garçom/garçonete, auxiliar de serv iços gerais, carregadores, e encarregado geral para coordenar a equipe, em regime de dedicaçã o exclusiva de mão de obra, com pessoal próprio e qualificado,fornecimento de todos os materia is, equipamentos, utensílios e ferramentas nece ssárias à execução do serviço, para atender às necessidades da CBTU-AC.","Rua José Natário,478 - Areias - Recife - Pe. - /PE",25313,2022-03-25,2022-03-04,2022-03-04,2022-03-04,2022-04-04T14:44:52,False,legado
27505705000042022,2750570542022,005.2021         ,275057,5,PREGÃO,42022,Publicado,eletronico,Nacional,NATALIA CRISTINA SOARES DOS SANTOS PIRES,Gerente Operacional de Licitação e Compras,1.0,,311.14,,"Pregão Eletrônico Registro de preços para eventual contratação de empresa para forn ecimento de estantes de aço, incluída sua monta gem, de acordo com as especificações, exigência s e condições constantes do presente Termo de R eferência e seus anexos.","Rua José Natário,478 - Areias - Recife - Pe. - /PE",25313,2022-03-16,2022-03-04,2022-03-04,2022-03-04,2022-03-28T13:20:31,False,legado
78360205000042021,7836020542021,63133001763202115,783602,5,PREGÃO,42021,Publicado,eletronico,Nacional,ROGERIO ALVES RIBEIRO,Ordenador de Despesas,1.0,143270.4,9.84,,Pregão Eletrônico Contratação de emp resa especializada para prestação de serviço co ntinuado de fornecimento de gás tipo GLP .,"Av. Olinda Dom Helder Camara, S/n - Salgadinho/PE",24910,2022-03-16,2022-03-04,2022-03-04,2022-03-04,2022-04-18T16:23:22,False,legado
11461405000052022,1146140552022, 20874.43/2021-15,114614,5,PREGÃO,52022,Publicado,eletronico,Nacional,THIAGO DE MELO CORDEIRO,Téc. em Inf. Geo. e Estat.,16.0,3896.1,10390.6,,Pregão Eletrônico Contratação de Int ernet Banda Larga para 8 Postos de Coleta/Subár eas do CENSO DEMOGRÁFICO 2022 no âmbito do IBGE de Pernambuco,"Av. Eng. Domingos Ferreira, 1097, 4º And. - Boa Viagem/PE",25313,2022-03-16,2022-03-04,2022-03-04,2022-03-04,2022-03-17T13:51:47,False,legado
51067705000152022,51067705152022,35014335481202130,510677,5,PREGÃO,152022,Publicado,eletronico,Nacional,JOSE ROOSEVELT ARAUJO CORREA,Chefe da Divofl,1.0,9000.0,23915.67,,"Pregão Eletrônico Contratação de emp resa especializada para a prestação de serviços de confecção de prótese ortopédica não implant ável, incluindo a pré e pós protetização, desti nada à segurado da Previdência Social, no âmbi to da Superintendência Regional IV do Instituto Nacional do Seguro Social","Av. Dantas Barreto, Nº 300 , Sala 101, Santo Antonio - /PE",25313,2022-03-21,2022-03-04,2022-03-04,2022-03-04,2022-04-28T14:32:28,False,legado
11380105000032022,1138010532022,59403000045202216,113801,5,PREGÃO,32022,Publicado,eletronico,Nacional,DECIO PETRONIO CAMPOS FLORENTINO,Coordenador Estadual em Pernambuco,4.0,,827021.64,,"Pregão Eletrônico Contratação de Emp resa Especializada para prestação de Serviços Continuados de Limpeza, Conservação e Higieniza ção das instalações de seus bens móveis, de cop eiragem e jardinagem, incluindo mão de obra par a fornecimento de materiais, (Material de Limpe zaMaterial de Copeiragem e Material de Jardi nagem), para atender às necessidades da Coorden adoria Estadual do DNOCS em Pernambuco","Rua Conego Barata, 999 Tamarineira - Tamarineira/PE",25313,2022-03-16,2022-03-04,2022-03-04,2022-03-04,2022-03-29T14:29:09,False,legado
27505705000762022,27505705762022,087/2021         ,275057,5,PREGÃO,762022,Publicado,eletronico,Nacional,JULIANA TAVARES CORDEIRO GALVAO,Analista de Gestao - Administrador,8.0,,6279.92,,"Pregão Eletrônico Eventual aquisição de FERRAMENTAS ELÉTRICAS EM GERAL, conforme as especificações, quantidades e condições estabe lecidas no instrumento convocatório e seus anex os.","Rua José Natário,478 - Areias - Recife - Pe. - /PE",25313,2022-03-16,2022-03-04,2022-03-04,2022-03-04,2022-04-04T10:34:59,False,legado
7001005000122022,7001005122022,0016746-84.2021  ,70010,5,PREGÃO,122022,Publicado,eletronico,Nacional,WILLAMS DE LUCENA ALVES,Pregoeiro,52.0,2472.0,565.09,,"Pregão Eletrônico Eventual aquisição de materiais de expediente, de acordo com as e specificações constantes do Termo de Referência (ANEXO I) do Edital.","Av. Gov. Agamenon Magalhaes, 1.160, 4º Andar, Sala 408 - Graças/PE",25313,2022-03-18,2022-03-07,2022-03-07,2022-03-07,2022-05-10T09:46:03,False,legado
15502205000222022,15502205222022,23536014273202121,155022,5,PREGÃO,222022,Publicado,eletronico,Nacional,JOAO LUIZ CAVALCANTI MARANHAO DE ALBUQUERQUE,Chefe do Setor de Administração do Hc/ufpe - Ebserh,2.0,206400.0,59.49,Mais informações: (81) 2126 -3939,Pregão Eletrônico Registro de preços visando a eventual contratação de empresa(s) e specializada(s) para prestação de serviço de es terilização à alta temperatura de materiais ter morresistentes em autoclave a vapor e de serviç o de esterilização à baixa temperatura pela tec nologia de peróxido de hidrogênio dos materiais termossensíveis e delicados atendendo demanda do Hospital das Clínicas da UFPEfilial EBSER H.,Av. Professor Moraes Rego S/n - Cidade Universitária/PE,25313,2022-03-31,2022-03-07,2022-03-07,2022-03-07,2022-08-16T15:33:13,False,legado
12063205000152022,12063205152022,67437001549202103,120632,5,PREGÃO,152022,Publicado,eletronico,Nacional,PAULO HENRIQUE ALVES CAVALCANTI,Ordenador de Despesas,89.0,251400.0,144809.78,,"Pregão Eletrônico Registro de prec o s para aquisic a o de medicamentos quimiotera p icos, para atender a s necessidades do HOSPITAL DE AERONA UTICA DE RECIFE (HARF).",Av Centenário Alberto Santos Dumont - Jordão/PE,25313,2022-03-18,2022-03-08,2022-03-08,2022-03-08,2022-05-10T14:29:00,False,legado
15502205000302022,15502205302022,23536021531202126,155022,5,PREGÃO,302022,Publicado,eletronico,Nacional,JOAO LUIZ CAVALCANTI MARANHAO DE ALBUQUERQUE,Chefe do Setor de Administração do Hc/ufpe - Ebserh,29.0,,1495.52,Mais informações: (81) 2126 -3939.,Pregão Eletrônico Registro de preços visando a eventual aquisição de Materiais de A condicionamento e Descartáveis para o Hospital das Clínicas de Pernambuco,Av. Professor Moraes Rego S/n - Cidade Universitária/PE,25313,2022-04-18,2022-04-01,2022-04-01,2022-04-01,2022-07-01T14:36:39,False,legado
20009005000062022,2000900562022,126000957/2022-16,200090,5,PREGÃO,62022,Publicado,eletronico,Nacional,CINTHIA DE CARVALHO FEITOSA MENDONCA,Pregoeira,2.0,449880.0,596806.2,,"Pregão Eletrônico Contratação de emp resa especializada para instalação de sistema d e geração de energia elétrica conectado à rede (on-grid) com módulos fotovoltaicos no edifício -sede da Procuradoria da República no Município de Petrolina, situado na Avenida Presidente Ta ncredo Neves, 101, Centro, Petrolina/PE e no edifício-sede da Procuradoria da República no Município de Serra Talhada, situado n a Rua Enock de Carvalho, 160, AABB, Serra Talh ada/PE, conf. o Edital e ANEXOS.","Av Governador Agamenon Magalhães, 1800 - Espinheiro - Espinheiro/PE",25313,2022-04-19,2022-04-01,2022-04-01,2022-04-01,2022-04-29T14:22:07,False,legado
16019405000162021,16019405162021,64318021861202173,160194,5,PREGÃO,162021,Publicado,eletronico,Nacional,APOLLO CRISTI POLIESTI NOGUEIRA,Ordenador de Despesas,1.0,,54000.0,,"Pregão Eletrônico Arrendamento de ár ea do Museu Militar do Forte do Brum, destinada a exploração comercial de restaurante.","Av. Visconde de Sao Leopoldo, 198 - Engenho do Meio - Várzea/PE",25313,2022-04-14,2022-04-01,2022-04-01,2022-04-01,2022-12-07T10:23:10,False,legado
11461405000062022,1146140562022,20874000026202283,114614,5,PREGÃO,62022,Publicado,eletronico,Nacional,PAULO ANDRE GOMES DA SILVA,Técnico em Informações Geográficas e Estatísticas,6.0,14849.56,23112.43,,"Pregão Eletrônico Contratação de ser viços de empresa especializada na prestação de serviços de manutenção preventiva e corretiva d e aparelhos de ar condicionado, sob forma conti nuada e sem dedicação de mão de obra exclusiva, com fornecimento e reposição de peças, materia is, componentes e acessórios e recarga de gás r efrigerante, instalação e desinstalação de equi pamentos, para atender as demandas da Sede da U nidade do IBGE em Pernambuco(UE/PE) e das Agênc ias localizadas na RMR.","Av. Eng. Domingos Ferreira, 1097, 4º And., - Boa Viagem/PE",25313,2022-04-13,2022-04-01,2022-04-01,2022-04-01,2022-05-20T18:59:53,False,legado
15502205000312022,15502205312022,23536022725202068,155022,5,PREGÃO,312022,Publicado,eletronico,Nacional,JOAO LUIZ CAVALCANTI MARANHAO DE ALBUQUERQUE,Chefe do Setor de Administração do Hc/ufpe - Ebserh,3.0,10500.0,2166.13,Mais informações: (81) 2126 -3939.,Pregão Eletrônico Registro de preços visando a eventual aquisição de Equipamentos d e Telefonia VoIP para o Hospital das Clínicas d e Pernambuco,Av. Professor Moraes Rego S/n - Cidade Universitária/PE,25313,2022-04-19,2022-04-01,2022-04-01,2022-04-01,2022-05-13T14:56:35,False,legado
39302905000952022,39302905952022,50604000525/22-38,393029,5,PREGÃO,952022,Publicado,eletronico,Nacional,CACILDO DE MEDEIROS BRITO CAVALCANTE,Superintendente,1.0,17996346.77,21230599.33,,"Pregão Eletrônico Contratação de emp resa para execução de serviços de Manutenção e Conservação na Rodovia BR-423/PE com vistas à e xecução de Plano de Trabalho e OrçamentoP.A. T.O, Trecho: Entr. BR-423/232 (A) (Caruaru) D iv. PE/AL, Subtrecho: Entr. BR-423/232(A) (Caru aru) Entr. BR-424/PE (Garanhuns), Segmento Ro doviário: km 98,40 ao km 196,20 Extensão: 97,80 km,, sob a coordenação da Superintendência Reg ional DNIT/PE, segundo as condições previstas n o Termo de Referência, Anexo I.","Av.antonio de Gois, 820 Bairro Pina - Recife - /PE",25313,2022-04-13,2022-04-01,2022-04-01,2022-04-01,2022-04-20T17:31:28,False,legado
11380105000042022,1138010542022,59403000045202216,113801,5,PREGÃO,42022,Publicado,eletronico,Nacional,DECIO PETRONIO CAMPOS FLORENTINO,Coordenador Estadual em Pernambuco,4.0,682400.0,827021.64,,"Pregão Eletrônico Contratação de Emp resa Especializada para prestação de Serviços Continuados de Limpeza, Conservação e Higieniza ção das instalações de seus bens móveis, de cop eiragem e jardinagem, incluindo mão de obra par a fornecimento de materiais, (Material de Limpe zaMaterial de Copeiragem e Material de Jardi nagem, para atender às necessidades da Coordena doria Estadual do DNOCS em Pernambuco.","Rua Conego Barata, 999 - Tamarineira/PE",25313,2022-04-14,2022-04-04,2022-04-04,2022-04-04,2022-06-07T12:24:40,False,legado
11009605000062022,1100960562022,00587001165202198,110096,5,PREGÃO,62022,Publicado,eletronico,Nacional,ROSICLEIDE ALEXANDRE DA SILVA,Pregoeira,9.0,269800.0,656615.4,"O Edital está disponibiliza do, na íntegra, no endereço eletrônico www.comp ras.gov.br.","Pregão Eletrônico Contratação de emp resa especializada para prestação de serviços d e manutenção em elevadores (preventiva, correti va e preditiva), com cobertura total de peças e materiais, nos equipamentos das unidades da Ad vocacia-Geral da União situadas nos Estados do Rio Grande do Norte, Maranhão, Piauí, Sergipe e Pernambuco, que compreenderá o fornecimento de peças originais, materiais de reposição e equi pamentos necessários e adequados à execução dos serviços.","Avenida Herculano Bandeira, 716 - Pina - Recife/pe - Pina/PE",25313,2022-04-18,2022-04-04,2022-04-04,2022-04-04,2022-05-13T12:54:53,False,legado
27505705000102022,27505705102022,016              ,275057,5,PREGÃO,102022,Publicado,eletronico,Nacional,SAVYO DOS SANTOS SOUZA,Analista de Gestão,1.0,644910.3,645231.08,,"Pregão Eletrônico Contratação de emp resa para a execução de serviços de coleta, seg regação, transporte, tratamento, armazenamento e destinação final de resíduos Classe I, II-A e II-B (segundo a NBR 10.004) e Resíduos de Serv iços de Saúde gerados de maneira contínua pela Companhia Brasileira de Trens Urbanos do Recife conforme termo de referência","Rua José Natário,478 - Areias - Recife - Pe. - /PE",25313,2022-04-14,2022-04-04,2022-04-04,2022-04-04,2022-04-27T13:55:28,False,legado
9000905000082022,900090582022,2924120224057500 ,90009,5,PREGÃO,82022,Publicado,eletronico,Nacional,MARCOS ANTONIO CABRAL DA SILVA,Pregoeiro,4.0,675720.0,1190511.0,,"Pregão Eletrônico SERVIÇO DE TELEFON IA MÓVEL PESSOAL (SMP) e ACESSO DE DADOS para u so em serviço da Justiça Federal em Pernambuco, no sistema pós-pago, abrangendo as ligações lo cais (VC1), ligações de longa distância (VC-2 e VC-3) e de roaming nacional e internacional, w hatsapp, serviços de mensagens de texto e pacot e de dados para acesso à internet por meio das unidades móveis, com disponibilização das estaç ões móveis (smartphones) em sistema de comodato","Av. Recife, 6250. Jiquiá . Recife Pe - Jiquiá/PE",25313,2022-04-14,2022-04-04,2022-04-04,2022-04-04,2022-05-02T17:11:56,False,legado
15518005000092022,1551800592022,23542.000308/2022,155180,5,PREGÃO,92022,Publicado,eletronico,Nacional,LUCIANA FERREIRA DOS SANTOS,Agente de Licitação,32.0,144000.0,2110.81,,Pregão Eletrônico Eventual aquisição de ITENS DE ENXOVAL HOSPITALAR visando atender as demandas dos serviços de saúde realizados n o Hospital de Ensino Doutor Washington Antônio de Barros / HU-Univasf no âmbito do Sistema Úni co de Saúde,Av Jose de Sá Maniçoba S/n Centro - Centro/PE,25216,2022-04-18,2022-04-05,2022-04-05,2022-04-05,2023-01-30T18:51:29,False,legado
51067705000312022,51067705312022,35014472290202158,510677,5,PREGÃO,312022,Publicado,eletronico,Nacional,JOSE ROOSEVELT ARAUJO CORREA,"Chefe da Divisão de Orçamento, Finanças e Logística",1.0,26733.0,39900.0,,"Pregão Eletrônico Aquisição de água mineral em garrafões de 20 litros (somente o lí quido), com entrega parcelada e sucessiva, para as unidades vinculadas à Gerência Executiva em Teresina, conforme condições, quantidades e ex igências estabelecidas no Termo de Referência.","Av. Dantas Barreto, Nº 300 , Sala 101, Santo Antonio - Centro/PE",25313,2022-04-20,2022-04-05,2022-04-05,2022-04-05,2022-05-05T18:07:34,False,legado
16022505000022022,1602250522022,64361010901202126,160225,5,PREGÃO,22022,Publicado,eletronico,Nacional,FRANCISCO JOSE DE MOURA,Ordenador de Despesas,100.0,26526.52,18578.76,,"Pregão Eletrônico Aquisição de mater ial elétrico, visando atender às necessidades d a Base Administrativa do curado e das Organizaç ões Militares vinculadas.",Avenida Professor Luiz Freire N° 198 - Varzea/PE,25313,2022-04-18,2022-04-05,2022-04-05,2022-04-05,2023-03-29T11:47:02,False,legado
15442105000072022,1544210572022,23402030755202144,154421,5,PREGÃO,72022,Publicado,eletronico,Nacional,KATIA CRISTINA SANTIAGO DA SILVA DUARTE,Pregoeira,1.0,,46632.91,,Pregão Eletrônico Aquisição e Instal ação de Plataformas elevatórias,Av.jose de Sa Maniçoba S/n Centro-campus Universitário Petrolina - /PE,25216,2022-04-19,2022-04-05,2022-04-05,2022-04-05,2022-04-19T09:00:02,False,legado
78360205000012022,7836020512022,63133000333202267,783602,5,PREGÃO,12022,Publicado,eletronico,Nacional,ROGERIO ALVES RIBEIRO,Ordenador de Despesas,224.0,105243.75,3549.87,,"Pregão Eletrônico Aquisição de gêner os alimentícios, visando atender às necessidade s da Escola de Aprendizes-Marinheiros de Pernam buco (EAMPE), sediada na cidade de Olinda PE","Av. Olinda Dom Helder Camara, S/n , Complexo Salgadinho - Olinda - /PE",24910,2022-04-18,2022-04-05,2022-04-05,2022-04-05,2023-03-27T16:04:52,False,legado
15814905000082022,1581490582022,23302000130202267,158149,5,PREGÃO,82022,Publicado,eletronico,Nacional,JOAO DERYSON FIGUEIREDO SAMPAIO,Equipe de Apoio ao Pregoeiro,509.0,13398.6,8907.03,,Pregão Eletrônico Aquisição de Gêner os Alimentícios para atender aos campi e Reitor ia do IFSertãoPE.,"Rua Aristarco Lopes,nº 240- Centro - Centro/PE",25216,2022-04-19,2022-04-06,2022-04-06,2022-04-06,2022-06-08T09:17:34,False,legado
7001005000852021,7001005852021,0020116-08.2020  ,70010,5,PREGÃO,852021,Publicado,eletronico,Nacional,JOANA D ARC SIMOES DE BARROS,Pregoeira,1.0,921.0,921.15,,"Pregão Eletrônico Aquisição de trans formadores, de acordo com as especificações téc nicas e as condições constantes do Termo de Ref erência (ANEXO ÚNICO) do Edital.","Av. Gov. Agamenon Magalhaes, 1.160 - Sala 408 - Graças/PE",25313,2022-04-25,2022-04-06,2022-04-06,2022-04-06,2022-04-27T10:34:52,False,legado
15442105000022022,1544210522022,23402005246202264,154421,5,PREGÃO,22022,Publicado,eletronico,Nacional,GIVANILDO DOS SANTOS,Pregoeiro,2.0,208000.0,227581.25,,"Pregão Eletrônico Objetiva-se a even tual compra de Aparelho Raios X Portátil e Sist ema para Aquisição de Imagem Digital Direta sem fio (sistema DR Wireless), visando complementa r o Setor de Diagnóstico por Imagem do Hospital Veterinário Universitário da Universidade Fede ral do Vale do São Francisco, localizado no Cen tro de Ciências Agrárias, em Petrolina-PE.",Av.jose de Sa Maniçoba S/n Centro-campus Universitário Petrolina - Centro/PE,25216,2022-04-26,2022-04-06,2022-04-06,2022-04-06,2022-12-01T18:03:04,False,legado
13001605000042022,1300160542022,21002001002202117,130016,5,PREGÃO,42022,Publicado,eletronico,Nacional,VERA LUCIA RODRIGUES CHAVES,Pregoeira Mor,12.0,,19966.74,,"Pregão Eletrônico Aquisição de insum os para suprir as necessidades das Unidades Ana líticas (DIA,DIA/EET, IQA/BEV, IQA/POA, UST/LEM , SBIO, RCA-RCO) do Laboratório de Defesa Agrop ecuária em Recife (LFDA-PE) conforme condições, quantidades e exigênciasestabelecidas no Ed ital e seus anexos.",Rua Dom Manoel de Medeiros S/n - Dois Irmaos - Dois |irmãos/PE,25313,2022-04-19,2022-04-06,2022-04-06,2022-04-06,2022-05-27T10:58:31,False,legado
9003105000052022,900310552022,9788-76.2021.4.05,90031,5,PREGÃO,52022,Publicado,eletronico,Nacional,FRANCISCO REIS NOGUEIRA SOBRINHO,Pregoeiro,1.0,695535.69,818399.02,"Não será permitida a subcon tratação, no todo ou em parte, do objeto deste certame licitatório.Em caso de divergência entr e as especificações deste objeto descritas no C omprasgovernamentais e as especificações técnic as constantes deste Edital, prevalecerão as últ imas.","Pregão Eletrônico Contratação de emp resa para execução de reforma de acessibilidade nas baterias de banheiros masculinos e feminin os dos andares 3º, 4º, 6º e 8º, e feminino do 5 º andar do Edifício Sede do Tribunal Regional F ederal da 5ª Região.","Av. Cais do Apolo, S/n - Edf. Ministro Djaci Falcão - Bairro do Recife/PE",25313,2022-04-25,2022-04-06,2022-04-06,2022-04-06,2022-05-19T15:16:32,False,legado
12063205000212022,12063205212022,67223004519202156,120632,5,PREGÃO,212022,Publicado,eletronico,Nacional,PAULO HENRIQUE ALVES CAVALCANTI,Ordenador de Despesas,45.0,4000.0,98500.24,,"Pregão Eletrônico Registro de prec o s para aquisic a o de material permanente ele t rico/eletro nico em geral (motor ele trico, ser ra de esquadria, serra de ma rmore, lixadeira a ngular, furadeira industrial, dentre outros, co nforme termo de refere ncia em anexo), para ate nder a s demandas da GUARNIC A O DE AERONA UTIC A DE RECIFE (GUARNAE-RF).",Av Centenário Alberto Santos Dumont - Jordão/PE,25313,2022-04-19,2022-04-06,2022-04-06,2022-04-06,2023-05-11T14:59:38,False,legado
24013705000012022,2401370512022,01202000005202242,240137,5,PREGÃO,12022,Publicado,eletronico,Nacional,EDUARDO EUGENIO FERREIRA CAMPOS,Pregoeiro,40.0,,1252.11,,"Pregão Eletrônico O objeto da presen te licitação é a escolha da proposta mais vanta josa para a aquisição de Materiais Gráficos e d e Divulgação, conforme condições, quantidades e exigências estabelecidas neste Edital e seus a nexos.","Av. Prof. Luis Freire, 1 - Cidade Universitaria - Cidade Universitária/PE",25313,2022-04-26,2022-04-06,2022-04-06,2022-04-06,2022-04-28T07:11:23,False,legado
12063205000222022,12063205222022,67445000981202099,120632,5,PREGÃO,222022,Publicado,eletronico,Nacional,PAULO HENRIQUE ALVES CAVALCANTI,Ordenador de Despesas,252.0,,9832.96,,"Pregão Eletrônico Registro de prec o s para aquisic a o de medicamentos, para atende r as necessidades do Hospital de Aerona utica d e Recife (HARF) .",Av Centenário Alberto Santos Dumont - Jordão/PE,25313,2022-05-12,2022-05-02,2022-05-02,2022-05-02,2022-05-23T13:16:10,False,legado
27505705000132022,27505705132022,022              ,275057,5,PREGÃO,132022,Publicado,eletronico,Nacional,SAVYO DOS SANTOS SOUZA,Analista de Gestão,1.0,500000.0,924854.36,,Pregão Eletrônico Contratação empres a especializada na prestação de serviço contínu o de guarda e gestão de documentos conforme ter mo de referência,"Rua José Natário,478 - Areias - Recife - Pe. - /PE",25313,2022-05-12,2022-05-02,2022-05-02,2022-05-02,2022-05-18T12:19:40,False,legado
15518005000112022,15518005112022,23542002475202222,155180,5,PREGÃO,112022,Publicado,eletronico,Nacional,LUCIANA FERREIRA DOS SANTOS,Agente de Licitação,121.0,39088.0,2805.54,,Pregão Eletrônico Registro de preços para eventual aquisição de medicamentos,Av Jose de Sá Maniçoba S/n Centro - Centro/PE,25216,2022-05-12,2022-05-02,2022-05-02,2022-05-02,2022-09-02T10:28:01,False,legado
20020705000022022,2002070522022,1.05.0085/2022-16,200207,5,PREGÃO,22022,Publicado,eletronico,Nacional,RACHEL RODRIGUES WANDERLEY,Pregoeira,6.0,41923.5,59509.39,,Pregão Eletrônico Aquisição de equip amentos de informática para a Procuradoria Regi onal da República da 5ª Região (PRR5),"Rua Frei Matias Teves, Nº 65 - Ilha do Leite/PE",25313,2022-05-12,2022-05-02,2022-05-02,2022-05-02,2022-06-03T14:06:17,False,legado
16018305000012022,1601830512022,64108026547202233,160183,5,PREGÃO,12022,Publicado,eletronico,Nacional,ERICSON ANTONIO SILVEIRA MACIEL,Ordenador de Despesas,421.0,3956.0,31574.44,,Pregão Eletrônico Registro de preços para eventual aquisição de material para manut enção de bens imóveis.,"Av. Cardoso de Sa, S/n - Vila Eduardo - /PE",25216,2022-05-12,2022-05-02,2022-05-02,2022-05-02,2022-06-29T09:27:04,False,legado
24013705000022022,2401370522022,01202000005202242,240137,5,PREGÃO,22022,Publicado,eletronico,Nacional,EDUARDO EUGENIO FERREIRA CAMPOS,Pregoeiro,40.0,37000.0,1252.11,,"Pregão Eletrônico O objeto da presen te licitação é a escolha da proposta mais vanta josa para a aquisição de Materiais Gráficos e d e Divulgação, conforme condições, quantidades e exigências estabelecidas neste Edital e seus a nexos.","Av. Prof. Luis Freire, 1 - Cidade Universitaria - Cidade Universitária/PE",25313,2022-05-16,2022-05-02,2022-05-02,2022-05-02,2022-09-20T11:40:52,False,legado
7001005000252022,7001005252022,0016798-80.2021  ,70010,5,PREGÃO,252022,Publicado,eletronico,Nacional,LILIAN RAFAELI DUTRA SILVEIRA,Pregoeira,49.0,,1276.57,,"Pregão Eletrônico Registro de Preços para eventual aquisição de materiais de consum o, de acordo com as especificações constantes d o Termo de Referência (ANEXO I).","Av. Gov. Agamenon Magalhaes, 1.160, 4º Andar, Sala 408, - Graças/PE",25313,2022-05-12,2022-05-02,2022-05-02,2022-05-02,2022-07-08T14:28:51,False,legado
15316505000112022,15316505112022,23082008716202210,153165,5,PREGÃO,112022,Publicado,eletronico,Nacional,MARCUS ANDRES MARTINEZ ACCIOLY,Pregoeiro,1.0,,173728.2,,Pregão Eletrônico Aquisição de proje tores multimídia para os novos cursos de gradua ção da Universidade Federal Rural de Pernambuco (UFRPE).,"Rua Dom Manoel de Medeiros, S/n - Dois Irmaos/PE",25313,2022-05-16,2022-05-02,2022-05-02,2022-05-02,2022-05-25T08:23:02,False,legado
15502205000402022,15502205402022,23536000883202229,155022,5,PREGÃO,402022,Publicado,eletronico,Nacional,JOAO LUIZ CAVALCANTI MARANHAO DE ALBUQUERQUE,Chefe do Setor de Administração Hc/ufpe/ebserh,62.0,1750.0,1037.34,Mais informações: (81) 2126 -3939.,"Pregão Eletrônico Registro de preços visando a eventual aquisição de Material de Ex pediente II, Pilhas e Copos Descartáveis para o Serviço de Sondário e uso geral do Hospital da s Clínicas de Pernambuco",Av. Professor Moraes Rego S/n - Cidade Universitária/PE,25313,2022-05-16,2022-05-02,2022-05-02,2022-05-02,2022-08-16T15:30:54,False,legado
20009005000092022,2000900592022,126001309/2022-79,200090,5,PREGÃO,92022,Publicado,eletronico,Nacional,SARA DANIELA SANTOS MAMEDE,Pregoeira,2.0,23169.0,28147.5,,"Pregão Eletrônico Contratação de emp resa especializada para fornecimento de diverso s equipamentos de informática a fim de atender às necessidades da Procuradoria da República em Pernambuco, conforme especificações (ANEXO I) e consoante as demais condições estatuídas no e dital e seus anexos.","Av Governador Agamenon Magalhães, 1800 - Espinheiro - Espinheiro/PE",25313,2022-05-16,2022-05-03,2022-05-03,2022-05-03,2022-05-20T15:09:28,False,legado
12063205000292022,12063205292022,67223.000540/2022,120632,5,PREGÃO,292022,Publicado,eletronico,Nacional,PAULO HENRIQUE ALVES CAVALCANTI,Ordenador de Despesas,3.0,1718343.85,1718343.85,,"Pregão Eletrônico Contratação de ser viços de gestão de frotas para controle de manu tenção e conservação de veículos automotores, c om tecnologia de cartão magnético, direcionada à manutenção preventiva, corretiva e conservaçã o, incluindo o fornecimento de peças às viatura s da Base Aérea de Recife (BARF) e Organizações Militares Apoiadas, bem como mão de obra espec ializada.",Av Centenário Alberto Santos Dumont - Jordão/PE,25313,2022-05-16,2022-05-04,2022-05-04,2022-05-04,2022-05-31T19:58:36,False,legado
16017905000012022,1601790512022, 6449100002120224,160179,5,PREGÃO,12022,Publicado,eletronico,Nacional,RODRIGO WANDERLEY DE CERQUEIRA,Ordenador de Despesas,1.0,6720.0,6720.0,,"Pregão Eletrônico Cessão de uso a tí tulo oneroso, para exercício de atividade de ap oio de um BAZAR, conforme condições, quantidade s e exigências estabelecidas neste Edital e seu s anexos.",Av. Joaquim Nabuco 1687 - Guadalupe - /PE,24910,2022-05-16,2022-05-04,2022-05-04,2022-05-04,2022-05-16T16:08:41,False,legado
20009105000062022,2000910562022,000334202206900/5,200091,5,PREGÃO,62022,Publicado,eletronico,Nacional,ANA CAROLINA LIMA VIEIRA RIBEMBOIM,Procuradora-chefe,3.0,,17338.29,,"Pregão Eletrônico Confecção e instal ação de painel de introdução (em aço inox escov ado), de mesa expositora (tipo vitrine) e de bi ombo de madeira, executados sob medida, para o Memorial Institucional da Procuradoria Regional do Trabalho da 6ª Região.","Rua Conselheiro Portela, 531 - Aflitos/PE",25313,2022-05-16,2022-05-04,2022-05-04,2022-05-04,2022-05-20T09:00:03,False,legado
53301405000012022,5330140512022, 593360005122022 ,533014,5,PREGÃO,12022,Publicado,eletronico,Nacional,MARIZA FONTAINE COSTA,Coordenadora de Licitações e Contratos,1.0,2573847.6,2588690.0,,"Pregão Eletrônico Serviços de assist ência médico-hospitalar, laboratorial, exames c omplementares e serviços auxiliares de diagnóst icos, terapia e internações, na modalidade Cole tivo, cobertura nacional.","Avenida Domingos Ferreira, 1967 - Boa Viagem - Boa Viagem/PE",25313,2022-05-16,2022-05-04,2022-05-04,2022-05-04,2022-05-18T11:05:30,False,legado
16018505000012022,1601850512022,64132000401202261,160185,5,PREGÃO,12022,Publicado,eletronico,Nacional,FRANCISCO ANTONIO PERES DA SILVA,Ordenador de Despesas,76.0,73324.8,2177.04,,Pregão Eletrônico Aquisição de mater ial hidráulico para atender as necessidades das Organizações Militares integrantes do GCALC/Re cife (licitação complemetar).,"Rua São Miguel, Nr 898 - Afogados/PE",25313,2022-05-16,2022-05-04,2022-05-04,2022-05-04,2022-06-21T10:50:20,False,legado
9000905000152022,9000905152022,19284220224057500,90009,5,PREGÃO,152022,Publicado,eletronico,Nacional,MARCOS ANTONIO CABRAL DA SILVA,Pregoeiro,7.0,9809.4,33996.82,,Pregão Eletrônico Registro de preços de condicionadores de ar,"Av. Recife, 6250. Jiquiá . Recife Pe - Jiquiá/PE",25313,2022-06-14,2022-06-01,2022-06-01,2022-06-01,2022-10-03T13:58:25,False,legado
34400205000122022,34400205122022,063/2022-08      ,344002,5,PREGÃO,122022,Publicado,eletronico,Nacional,ALLAN JONES FARIAS DE ARAUJO,Diretor de Planejamento e Administração,3.0,,313781.34,,"Pregão Eletrônico O objeto da presen te licitação é a escolha da proposta mais vanta josa para a Contratação de empresa especializad a para a prestação de serviços continuados com dedicação exclusiva de mão de obra para as funç ões de Operador de Câmera, Editor de Vídeo e Op erador de Som, para atuar na Coordenação de Con teúdos e Publicações, visando atender as necess idades da Fundaj, pelo prazo de 12 meses, confo rme condições, quantidades e exigências estabel ecida neste Edital e seus anexos.","Av. 17 de Agosto, 2187 - Casa_forte - /PE",25313,2022-06-20,2022-06-01,2022-06-01,2022-06-01,2022-06-08T11:29:44,False,legado
11461405000102022,11461405102022,20874.00041/20-72,114614,5,PREGÃO,102022,Publicado,eletronico,Nacional,THIAGO DE MELO CORDEIRO,Téc. em Inf. Geo. e Estat.,1.0,32091.0,117.26,,"Pregão Eletrônico Eventual aquisição de ventiladores de mesa, 30cm, 220v, 3 velocid ade, Etiqueta Nacional de Eficiência Energética (ENCE) A.","Av. Eng. Domingos Ferreira, 1097, 4º And - Boa Viagem/PE",25313,2022-06-13,2022-06-01,2022-06-01,2022-06-01,2022-06-28T11:53:21,False,legado
12063205000372022,12063205372022,67614007532202244,120632,5,PREGÃO,372022,Publicado,eletronico,Nacional,PAULO HENRIQUE ALVES CAVALCANTI,Ordenador de Despesas,2.0,600000.0,612000.0,,"Pregão Eletrônico Contratação de ser viço de gerenciamento de combustíveis para os v eículos do SERIPA II, bem como de gerenciamento de combustíveis e lubrificantes para os veícul os, equipamentos e para as Casas de Força do CI NDACTA III e de suas Organizações Subordinadas, ambos com a utilização de cartão magnético.",Av Centenário Alberto Santos Dumont - Jordão/PE,25313,2022-06-13,2022-06-01,2022-06-01,2022-06-01,2022-06-21T13:11:54,False,legado
11461405000112022,11461405112022,20874000194202209,114614,5,PREGÃO,112022,Publicado,eletronico,Nacional,PAULO ANDRE GOMES DA SILVA,Técnico em Informações Geográficas e Estatísticas,4.0,114321.17,476018.72,,Pregão Eletrônico Contratação de pre stação de serviço de guarda e vigilância ostens iva armada para atender às necessidades da sede do IBGE-UE/PE.,"Av. Eng. Domingos Ferreira, 1097, 4º And., Bairro Boa Viagem - /PE",25313,2022-06-13,2022-06-01,2022-06-01,2022-06-01,2022-09-16T15:52:47,False,legado
15502205000492022,15502205492022,23536026204202161,155022,5,PREGÃO,492022,Publicado,eletronico,Nacional,JOAO LUIZ CAVALCANTI MARANHAO DE ALBUQUERQUE,Chefe do Setor de Administração Hc/ufpe/ebserh,1.0,790723.2,823.67,Mais informações: (81) 2126 -3939.,Pregão Eletrônico Registro de preços visando a eventual aquisição de Material Radi ofármacoRADIOISÓTOPO nome 18F-FDG (2-desox i-2-(18F)fluoro-D-glicose para atender demanda do Hospital das Clínicas de Pernambuco.,Av. Professor Moraes Rego S/n - Cidade Universitária/PE,25313,2022-06-15,2022-06-02,2022-06-02,2022-06-02,2022-07-04T09:03:49,False,legado
15442105000062022,1544210562022,23402007492202251,154421,5,PREGÃO,62022,Publicado,eletronico,Nacional,LEANDRO ALEXANDRINO PEREIRA CAMPOS,Pregoeiro,10.0,,181149.48,,"Pregão Eletrônico Eventual aquisição de implementos agrícolas e equipamentos para c ampo visando atender as demandas do Programa Am biental de Gestão Sustentável e Títulos e Domín ios das Famílias Reassentadas, vinculado ao Pro jeto de Integração do Rio São Francisco com Bac ias Hidrográficas do Nordeste SetentrionalPI SF.",Av. José de Sá Maniçoba S/nº Centro - Campus Universitário Petrolina - Centro/PE,25216,2022-06-21,2022-06-02,2022-06-02,2022-06-02,2022-09-20T08:47:28,False,legado
15518005000202022,15518005202022,23542003113202259,155180,5,PREGÃO,202022,Publicado,eletronico,Nacional,LUCIANA FERREIRA DOS SANTOS,Agente de Licitação,2.0,3245.6,1369.02,,"Pregão Eletrônico Aquisição de embal agens para comprimidos e película gráfica, visa ndo suprir demandas do Hospital de Ensino Dr. W ashington Antônio de Barros HU/UNIVASF.",Av Jose de Sá Maniçoba S/n Centro - Centro/PE,25216,2022-06-14,2022-06-02,2022-06-02,2022-06-02,2022-07-20T09:58:54,False,legado
15442105000082022,1544210582022,23402010120202210,154421,5,PREGÃO,82022,Publicado,eletronico,Nacional,LUIZ CARLOS PINTO RIBEIRO,Pregoeiro,98.0,8954.0,258473.3,,"Pregão Eletrônico Objetiva-se a comp ra de itens de veterinário e agrícola, visando suprir demandas dos Colegiados Acadêmicos e Set ores Administrativos, desta Universidade.",Av.jose de Sa Maniçoba S/n Centro-campus Universitário Petrolina - Centro/PE,25216,2022-06-15,2022-06-02,2022-06-02,2022-06-02,2022-08-31T17:31:55,False,legado
39302905001732022,393029051732022,50604001381/22-37,393029,5,PREGÃO,1732022,Publicado,eletronico,Nacional,CACILDO DE MEDEIROS BRITO CAVALCANTE,Superintendente,1.0,63804171.36,80769467.19,,"Pregão Eletrônico Contratação de emp resa para execução de serviços de Manutenção e Conservação na Rodovia BR-101/PE com vistas à e xecução de Plano de Trabalho e OrçamentoP.A. T.O, Trecho: DIV. PB/PEDIV. PE/AL (PONTE SOB RE O RIO JACUÍPE), Subtrecho: ENTR PE-073 (P/GA MELEIRA) DIV. PE/AL (PONTE SOBRE O RIO JACUÍP E), Segmento: do km 157,20 ao km 213,90, com 56 ,70 km de extensão, sob a Coordenação da Superi ntendência Regional DNIT/PE, segundo o Termo de Referência, Anexo I.","Av.antonio de Gois, 820 Bairro Pina - Recife - /PE",25313,2022-06-14,2022-06-02,2022-06-02,2022-06-02,2022-06-21T15:28:27,False,legado
17005805000062022,1700580562022,19615720138202242,170058,5,PREGÃO,62022,Publicado,eletronico,Nacional,CARLA RAFAELA DO AMARAL PINHEIRO OLIVEIRA,Chefe da Dipol04,3.0,,15282.0,,Pregão Eletrônico Contratação de emp resa para executar o serviço fornecimento e ins talação de acabamento em inox dos portais dos e levadores do Edifício-sede da Receita Federal d o Brasil no Recife.,"Av. Alfredo Lisboa, 1152, 2º Andar, Bairro do Recife Antigo - /PE",25313,2022-06-15,2022-06-02,2022-06-02,2022-06-02,2022-06-15T09:00:04,False,legado
15846405000032022,1584640532022,23295012619202223,158464,5,PREGÃO,32022,Publicado,eletronico,Nacional,MARCIO MATEUS FERREIRA DE AQUINO,Pregoeiro Oficial,3.0,110447.84,150566.1,,"Pregão Eletrônico Aquisição de telev isores e suporte para os televisores, para aten der às necessidades do Campus Recife do IFPE.",Av Prof. Luiz Freire 500 Bloco A- Leste - Cidade Universitária/PE,25313,2022-06-14,2022-06-02,2022-06-02,2022-06-02,2022-07-04T13:21:50,False,legado
15518005000222022,15518005222022,23542001274202216,155180,5,PREGÃO,222022,Publicado,eletronico,Nacional,ERICK SOARES RIBEIRO PATRIOTA,Agente de Licitação,72.0,22460.0,62674.085,,"Pregão Eletrônico Objetiva-se a real ização de Pregão Eletrônico para Registro de pr eços visando possível aquisição de Acessórios p ara Equipamentos Médico-Assistenciais, no inten to de suprir demandas do Hospital de Ensino Dr. Washington Antônio de BarrosHU/UNIVASF.",Av Jose de Sá Maniçoba S/n Centro - Centro/PE,25216,2022-06-14,2022-06-02,2022-06-02,2022-06-02,2022-09-02T10:13:40,False,legado
15502205000502022,15502205502022,23536003829202154,155022,5,PREGÃO,502022,Publicado,eletronico,Nacional,JOAO LUIZ CAVALCANTI MARANHAO DE ALBUQUERQUE,Chefe do Setor de Administração Hc/ufpe/ebserh,1.0,42266.38,42266.38,Mais informações: (81) 2126 -3939.,"Pregão Eletrônico Registro de preço visando eventual aquisição de Material Radiofár macoRADIOISÓTOPO Fonte Radiativa de German o 68 para PET-CT GE-710, para atender demanda do Hospital da Clínicas de Pernambuco Filial EBSERH.",Av. Professor Moraes Rego S/n - Cidade Universitária/PE,25313,2022-06-14,2022-06-02,2022-06-02,2022-06-02,2022-07-07T11:55:08,False,legado
11009605000122022,11009605122022,00587001165202198,110096,5,PREGÃO,122022,Publicado,eletronico,Nacional,ROSICLEIDE ALEXANDRE DA SILVA,Pregoeira,4.0,234744.6,261812.4,"O Edital está disponibiliza do, na íntegra, no endereço eletrônico www.comp ras.gov.br","Pregão Eletrônico Contratação de emp resa especializada para prestação de serviços d e manutenção em elevadores (preventiva, correti va e preditiva), com cobertura total de peças e materiais, nos equipamentos das unidades da Ad vocacia-Geral da União situadas nos Estados do Maranhão e Sergipe.","Avenida Herculano Bandeira, 716 - Pina - Recife/pe - Pina/PE",25313,2022-06-17,2022-06-03,2022-06-03,2022-06-03,2022-07-18T11:46:00,False,legado
16019805000052022,1601980552022,64453000499202223,160198,5,PREGÃO,52022,Publicado,eletronico,Nacional,VINICIUS DE MORAES CUNHA,Ordenador de Despesas,2.0,,258.07,,Pregão Eletrônico Eventual aquisição de ração e sal equinos para atender as necessi dades do 7º Depósito de Suprimentos.,Rua General Estilac Leal Nº 439 - Cabanga - Recife - /PE,25313,2022-06-15,2022-06-03,2022-06-03,2022-06-03,2023-02-06T11:24:45,False,legado
7001005000372022,7001005372022,0003331-97.2022  ,70010,5,PREGÃO,372022,Publicado,eletronico,Nacional,ELIANE RODRIGUES DE CARVALHO SILVA,Pregoeira,25.0,2200.0,9164.52,,"Pregão Eletrônico Registro de Preços para eventual aquisição de letreiros, placas d e identificação e brasões, destinados à identif icação visual externa ou interna das diversas U nidades Administrativas do Tribunal Regional El eitoral de Pernambuco e Serviços de Instalação, de acordo com as especificações constantes do Termo de Referência (ANEXO I) do edital.","Av. Gov. Agamenon Magalhaes, 1.160 - 4º Andar - Sala 408 - Graças/PE",25313,2022-06-15,2022-06-03,2022-06-03,2022-06-03,2022-07-26T11:31:37,False,legado
15442105000122022,15442105122022,23402017136202245,154421,5,PREGÃO,122022,Publicado,eletronico,Nacional,LUIZ CARLOS PINTO RIBEIRO,Pregoeiro,1.0,12897.0,2149.5,,Pregão Eletrônico O objeto da presen te licitação é a escolha da proposta para event ual contratação de serviços de empresa que forn eça acesso para utilização de ferramenta de pes quisa e comparação de preços praticados pela Ad ministração Pública,Av.jose de Sa Maniçoba S/n Centro-campus Universitário Petrolina - Centro/PE,25216,2022-06-20,2022-06-03,2022-06-03,2022-06-03,2022-07-04T10:22:25,False,legado
20009005000122022,20009005122022,126001609/2022-58,200090,5,PREGÃO,122022,Publicado,eletronico,Nacional,SARA DANIELA SANTOS MAMEDE,Pregoeira,84.0,140337.59,243011.37,,"Pregão Eletrônico Contratação de emp resa especializada para fornecimento de diverso s materiais elétricos para atender demanda da P rocuradoria da República em Pernambuco, conform e especificações (ANEXO I) e consoante as demai s condições estatuídas no edital e seus anexos.","Av Governador Agamenon Magalhães, 1800 - Espinheiro - Madalena/PE",25313,2022-06-17,2022-06-03,2022-06-03,2022-06-03,2022-07-18T15:42:42,False,legado
6000405000022022,600040522022,000195/22-07.76  ,60004,5,PREGÃO,22022,Publicado,eletronico,Nacional,JULIO EMILIO DE VASCONCELOS NETO,Supervisor,1.0,18900.0,634098.3,,"Pregão Eletrônico Contratação de emp resa especializada para execução de serviços co ntínuos de RECEPÇÃO (01 posto) e LIMPEZA E CONS ERTVAÇÃO (04 postos, incluindo materiais de lim peza), por intermédio de empresa terceirizada m ediante locação de mão-de-obra residente, prest ado nas dependências da Auditoria da 7ª CJM, de acordo com o Termo de Referência ANEXO I.",Av Alfredo Lisboa n 173 Bairro Recife - Recife/PE,25313,2022-06-15,2022-06-03,2022-06-03,2022-06-03,2022-06-17T12:17:10,False,legado
20020705000032022,2002070532022,1.05.0080/2022-85,200207,5,PREGÃO,32022,Publicado,eletronico,Nacional,RACHEL RODRIGUES WANDERLEY,Pregoeira,75.0,5396.16,9689.31,,Pregão Eletrônico Aquisição de mater ial odontológico para a Procuradoria Regional d a República da 5ª Região.,"Rua Frei Matias Teves, Nº 65 - Ilha do Leite/PE",25313,2022-06-17,2022-06-06,2022-06-06,2022-06-06,2022-07-01T16:52:34,False,legado
11009605000132022,11009605132022,00587000807202131,110096,5,PREGÃO,132022,Publicado,eletronico,Nacional,SARAH LEANDRO VALENCA,Pregoeira,10.0,978776.16,1350858.84,"O edital e seus anexos enco ntram-se disponíveis no Portal de Compras do G overno Federal e no Portal da AGU, no endereço eletrônico, respectivamente: https://www.gov.b r/compras/pt-br/ e https://antigo.agu.gov.br/s ervico/licitacao","Pregão Eletrônico Contratação de emp resa especializada na prestação de serviços con tinuados de limpeza, asseio e conservação com f ornecimento de material e utensílios, para aten der às necessidades das unidades da AdvocaciaGeral da União nos estados de Pernambuco e Mara nhão","Avenida Herculano Bandeira, 716 - Pina/PE",25313,2022-07-13,2022-07-01,2022-07-01,2022-07-01,2022-08-10T22:44:31,False,legado
7001005000642022,7001005642022,0016746-84.2021  ,70010,5,PREGÃO,642022,Publicado,eletronico,Nacional,ELIANE RODRIGUES DE CARVALHO SILVA,Pregoeira,5.0,1102.5,106.78,,"Pregão Eletrônico Registro de Preços para eventual aquisição de materiais de expedi ente, de acordo com as especificações constante s do Termo de Referência (ANEXO I) do edital.","Av. Gov. Agamenon Magalhaes, 1.160 - 4º Andar - Sala 408 - Graças/PE",25313,2022-07-15,2022-07-01,2022-07-01,2022-07-01,2022-08-04T13:05:47,False,legado
7001005000422022,7001005422022,0015629-58.2021.6,70010,5,PREGÃO,422022,Publicado,eletronico,Nacional,ANA KAROLINA DE FARIAS FREITAS,Pregoeira,11.0,11500.0,14247.64,Observar as especificações constantes no Termo de Referência do Edital.,"Pregão Eletrônico Contratação de emp resa para prestação de serviços de higienização e desinfecção química de cisternas e caixas d´ água, a serem executados nos imóveis da Justiça Eleitoral, incluindo o fornecimento de mão de obra, materiais, produtos de limpeza e equipame ntos necessários, de acordo com as especificaçõ es constantes do Termo de Referência (ANEXO I) do Edital.","Av. Gov. Agamenon Magalhaes, 1.160 - Sala 408 - Graças/PE",25313,2022-07-15,2022-07-01,2022-07-01,2022-07-01,2022-07-20T08:58:28,False,legado
8000605000232022,8000605232022,10.212./22       ,80006,5,PREGÃO,232022,Publicado,eletronico,Nacional,FABIANO ANTONIO MARQUES GUEDES DA CRUZ FILHO,Pregoeiro,3.0,2750.5,2.04,,"Pregão Eletrônico Serviços de contro le de vetores e pragas urbanas (desinsetização, desinfestação, desratização e desalojamento de morcegos e escorpiões).","Cais do Apolo Nº 739, Bairro do Recife, Recife/pe. - /PE",25313,2022-07-14,2022-07-01,2022-07-01,2022-07-01,2022-08-05T02:18:15,False,legado
15502205000562022,15502205562022,23536009363202281,155022,5,PREGÃO,562022,Publicado,eletronico,Nacional,JOAO LUIZ CAVALCANTI MARANHAO DE ALBUQUERQUE,Chefe do Setor de Administração do Hc/ufpe - Ebserh,14.0,34968.0,27906.72,Mais informações: (81) 2126 -3939.,Pregão Eletrônico Registro de preços visando a eventual aquisição de Bens para o Ce ntro de Pesquisa Clínica do Hospital das Clínic as de Pernambuco Filial Ebserh.,Av. Professor Moraes Rego S/n - Cidade Universitária/PE,25313,2022-07-14,2022-07-01,2022-07-01,2022-07-01,2022-09-30T18:10:39,False,legado
15518005000242022,15518005242022,23542004041202267,155180,5,PREGÃO,242022,Publicado,eletronico,Nacional,GILBERIO ITALO DE ARAUJO SANTOS,Agente de Licitação,108.0,56460.0,17458.09,,Pregão Eletrônico Registro de preço para eventual aquisição de Produtos para Saúde.,Av Jose de Sá Maniçoba S/n Centro - Centro/PE,25216,2022-07-13,2022-07-01,2022-07-01,2022-07-01,2022-09-29T11:19:59,False,legado
16020005000112022,16020005112022,64621012034202236,160200,5,PREGÃO,112022,Publicado,eletronico,Nacional,MARCEL PASSOS ZYLBERBERG,Ordenador de Despesas,117.0,81500.0,117.0,,"Pregão Eletrônico Aquisição de peças de viaturas genuínas ou originais que atendam a norma da ABNT 15296 GCALC 7ª RM compreende ndo as Guarnições de Recife, Olinda e Jaboatão dos Guararapes e unidades autorizadas pelo Coma ndo da 7ª RM",Av. 17 de Agosto 784 - Casa Forte - /PE,25313,2022-07-13,2022-07-01,2022-07-01,2022-07-01,2023-06-21T15:44:03,False,legado
24013705000052022,2401370552022,01202000247202155,240137,5,PREGÃO,52022,Publicado,eletronico,Nacional,EDUARDO EUGENIO FERREIRA CAMPOS,Pregoeiro,1.0,70000.0,91368.6,"Controle de acesso, através de reconhecimento biométrico, cartão de proxim idade (RFID) e senha numérica","Pregão Eletrônico Aquisição de Conju nto de controle de acesso para portas, composto por: controlador de acesso biométrico, fechadu ra eletroímã, mola hidráulica aérea, acionador de saída, acionador de emergência rearmável e f onte de alimentação carregadora, para gestão de controle de acesso físico de pessoas aos ambie ntes restritos da instituição,conforme requisit os, especificações e condições estabelecidas no edital e anexos.","Av. Prof. Luis Freire, 1 - Cidade Universitaria - Cidade Universitária/PE",25313,2022-07-22,2022-07-01,2022-07-01,2022-07-01,2022-07-22T16:38:00,False,legado
9003105000262022,9003105262022,1954-85.2022.4.05,90031,5,PREGÃO,262022,Publicado,eletronico,Nacional,FRANCISCO REIS NOGUEIRA SOBRINHO,Pregoeiro,4.0,,6.04,"Não será permitida a subcon tratação, no todo ou em parte, do objeto deste certame licitatório.Em caso de divergência entr e as especificações deste objeto descritas no C omprasgovernamentais e as especificações técnic as constantes deste Edital, prevalecerão as últ imas.","Pregão Eletrônico Registro de preços para contratação de empresa especializada para fornecimento de água mineral, com e sem gás, e m garrafas plásticas com capacidade de 350 a 50 0ml, nos Gabinetes e no Refeitório dos Desembar gadores Federais do Tribunal Regional Federal d a 5ª Região.","Av. Cais do Apolo, S/n - Edf. Ministro Djaci Falcão - Bairro do Recife/PE",25313,2022-07-14,2022-07-01,2022-07-01,2022-07-01,2022-12-13T10:20:02,False,legado
12063205000332022,12063205332022,67223003784202117,120632,5,PREGÃO,332022,Publicado,eletronico,Nacional,PAULO HENRIQUE ALVES CAVALCANTI,Ordenador de Despesas,293.0,826.0,86402.78,,"Pregão Eletrônico Registro de prec o s para aquisic a o de material de consumo para manutenc a o de infraestrutura em geral, para a tender a s demandas da BASE AE REA DE RECIFE (B ARF).",Av Centenário Alberto Santos Dumont - Jordão/PE,25313,2022-07-13,2022-07-01,2022-07-01,2022-07-01,2023-08-02T09:24:26,False,legado
15518005000252022,15518005252022,23542003892202292,155180,5,PREGÃO,252022,Publicado,eletronico,Nacional,ERICK SOARES RIBEIRO PATRIOTA,Agente de Licitação,21.0,,893.4,,"Pregão Eletrônico Eventual aquisição de Dietas Enterais Industrializadas, Suplement os e Módulos Nutricionais no prazo de 12 (doze) meses, conforme condições, quantidades, exigên cias e estimativas constantes no mesmo.",Av Jose de Sá Maniçoba S/n Centro - Centro/PE,25216,2022-07-13,2022-07-01,2022-07-01,2022-07-01,2022-08-08T14:58:33,False,legado
16018305000132022,16018305132022,64108030462202250,160183,5,PREGÃO,132022,Publicado,eletronico,Nacional,REGIS FERNANDO DA SILVA,Ordenador de Despesas,8.0,55350.0,5143.34,,Pregão Eletrônico Eventual locação d e veículos,"Av. Cardoso de Sa, S/n - Vila Eduardo - /PE",25216,2022-07-13,2022-07-01,2022-07-01,2022-07-01,2022-08-11T10:34:34,False,legado
92617105000202022,92617105202022,25800.002845/2022,926171,5,PREGÃO,202022,Publicado,eletronico,Nacional,MIRELLA MUZZI DE LIMA,Pregoeira,1.0,565189.24,647740.26,"Demais informações constam no Termo de Referência, anexo I do edital.","Pregão Eletrônico Serviços comuns de engenharia necessários à impermeabilização e r ecuperação estrutural do reservatório elevado d e água (castelo d´água), situado na planta indu strial da Hemobrás, em Goiana/PE.","Rua Professor Aloísio Pessoa de Araújo, 75, Empresarial Bvc, 8º e 9º Andares. - Boa Viagem/PE",25313,2022-07-14,2022-07-04,2022-07-04,2022-07-04,2022-08-01T13:50:46,False,legado
12063205000412022,12063205412022,67437005972202093,120632,5,PREGÃO,412022,Publicado,eletronico,Nacional,PAULO HENRIQUE ALVES CAVALCANTI,Ordenador de Despesas,17.0,1240.0,12296.88,,"Pregão Eletrônico Registro de prec o s para aquisic a o de Materiais Me dico-Hospita lares, para atender a s necessidades do HOSPITA L DE AERONA UTICA DE RECIFE.",Av Centenário Alberto Santos Dumont - Jordão/PE,25313,2022-07-14,2022-07-04,2022-07-04,2022-07-04,2023-08-04T11:49:53,False,legado
15316505000212022,15316505212022,23082012585202267,153165,5,PREGÃO,212022,Publicado,eletronico,Nacional,MARCUS ANDRES MARTINEZ ACCIOLY,Pregoeiro,86.0,5958.38,13995.16,,"Pregão Eletrônico Aquisição de mater ial de consumo para a realização de atividades práticas, no Laboratório de Sistemas Hidráulico sLSH, para atendimento ao curso de graduação em de Bacharelado em Engenharia Ambiental da U niversidade Federal Rural de Pernambuco (UFRPE) .",Rua Dom Manoel de Medeiros S/n - Dois Irmaos - /PE,25313,2022-07-14,2022-07-04,2022-07-04,2022-07-04,2022-07-28T16:58:48,False,legado
20009005000152022,20009005152022,126001935/2022-65,200090,5,PREGÃO,152022,Publicado,eletronico,Nacional,SARA DANIELA SANTOS MAMEDE,Pregoeira,4.0,15394.74,18782.32,,"Pregão Eletrônico Contratação de emp resa especializada para fornecimento de bens pe rmanentes para atender demanda das unidades de 1ª instância do Ministério Público Federal em P ernambuco PRPE, conforme especificações (ANEX O I) e consoante as demais condições estatuídas no edital e seus anexos.","Av Governador Agamenon Magalhães, 1800 - Espinheiro - Espinheiro/PE",25313,2022-07-15,2022-07-04,2022-07-04,2022-07-04,2022-07-26T11:15:48,False,legado
15502205000592022,15502205592022,23536022521202116,155022,5,PREGÃO,592022,Publicado,eletronico,Nacional,JOAO LUIZ CAVALCANTI MARANHAO DE ALBUQUERQUE,Chefe do Setor de Administração Hc/ufpe/ebserh,73.0,34425.0,17257.35,Mais informações: (81) 2126 -3939.,"Pregão Eletrônico Registro de preços visando a eventual aquisição de Fios de Sutur a, Cola Biológica, Cera para Osso e Hemostático s para o Hospital da Clínicas de Pernambuco",Av. Professor Moraes Rego S/n - Cidade Universitária/PE,25313,2022-07-26,2022-07-04,2022-07-04,2022-07-04,2022-10-05T12:10:09,False,legado
92617105000222022,92617105222022,25800.001206/2022,926171,5,PREGÃO,222022,Publicado,eletronico,Nacional,MIRELLA MUZZI DE LIMA,Pregoeira,1.0,47989.6,63087.2,"Demais informações constam no Termo de Referência, anexo I do edital.",Pregão Eletrônico Aquisição de palet es de plástico.,"Rua Professor Aloísio Pessoa de Araújo, 75, Empresarial Bvc, 8º e 9º Andares. - Boa Viagem/PE",25313,2022-07-18,2022-07-04,2022-07-04,2022-07-04,2022-10-06T13:30:40,False,legado
13501205000082022,1350120582022,21198001662202221,135012,5,PREGÃO,82022,Publicado,eletronico,Nacional,MARIA AUXILIADORA COELHO DE LIMA,Chefe Geral,11.0,6637.14,26809.31,,Pregão Eletrônico Aquisição de Raçõe s e Medicamentos de uso Veterinário.,Br 428 Km 152 S/n Zona Rural Caixa Postal 023 - Zona Rural/PE,25216,2022-07-14,2022-07-04,2022-07-04,2022-07-04,2022-07-22T08:30:06,False,legado
92617105000212022,92617105212022,25800.003061/2021,926171,5,PREGÃO,212022,Publicado,eletronico,Nacional,MIRELLA MUZZI DE LIMA,Pregoeira,1.0,,188907.04,"Demais informações constam no Termo de Referência, anexo I do edital.","Pregão Eletrônico Serviço continuado de lavanderia industrial, envolvendo a limpeza e higienização de Equipamentos de Proteção Ind ividual (EPIs)/vestimentas em todas as suas eta pas, desde sua coleta até seu retorno em condiç ões ideais de reuso e higiênicas sanitárias ade quadas, de acordo com a RDC n° 301/2019 da ANVI SA e atendendo as necessidades da Hemobrás.","Rua Professor Aloísio Pessoa de Araújo, 75, Empresarial Bvc, 8º e 9º Andares. - Boa Viagem/PE",25313,2022-07-14,2022-07-04,2022-07-04,2022-07-04,2022-08-04T15:10:13,False,legado
15308005000092022,1530800592022,23076065344202112,153080,5,PREGÃO,92022,Publicado,eletronico,Nacional,RODRIGO DANNIEL DA SILVA ALEXANDRE,Coordenador de Licitações,13.0,,1941379.22,Mais informações: (81) 2126 -8034,"Pregão Eletrônico Contratação de emp resa especializada para execução de serviços de requalificação das instalações elétricas e cab ines de medição de energia, instalação de circu itos alimentadores, instalação de gerador caren ado e instalação de subestações aérea e abrigad a em edificações da UFPE nos níveis de baixa te nsão e alta tensão, com fornecimento de materia is, equipamentos e mão de obra(sem regime de de dicação exclusiva), conforme condições, quantid ades e exigências do Edital","Av. da Arquitetura, S/n - Cidade Universitária/PE",25313,2022-07-14,2022-07-04,2022-07-04,2022-07-04,2022-09-08T15:18:12,False,legado
15502205000582022,15502205582022,23536007889202227,155022,5,PREGÃO,582022,Publicado,eletronico,Nacional,JOAO LUIZ CAVALCANTI MARANHAO DE ALBUQUERQUE,Chefe do Setor de Administração Hc/ufpe/ebserh,89.0,26391.0,8256.79,Mais informações: (81) 2126 -3939.,Pregão Eletrônico Registro de preços visando a eventual aquisição de Medicamentos G erais II para o Hospital das Clínicas de Pernam buco,Av. Professor Moraes Rego S/n - Cidade Universitária/PE,25313,2022-07-22,2022-07-04,2022-07-04,2022-07-04,2022-09-21T13:36:13,False,legado
34400205000192022,34400205192022,062/2022-55      ,344002,5,PREGÃO,192022,Publicado,eletronico,Nacional,ALLAN JONES FARIAS DE ARAUJO,Diretor de Planejamento e Administração,4.0,,431400.01,,"Pregão Eletrônico O objeto da presen te licitação é a escolha da proposta mais vanta josa para contratação de serviço de locação de grupos geradores montado em contêiner, para tra balho em regime stand by, trifásico, com quadro de comando de transferência automática interna mente ao contêiner, incluindo entrega, instalaç ão, manutenção e retirada dos equipamentos, com fornecimento de combustível, para FUNDAJ, conf orme condições, quantidades e exigências estabe lecidas neste Edital e seus anexos.","Av. 17 de Agosto, 2187 - Casa_forte - /PE",25313,2022-07-14,2022-07-04,2022-07-04,2022-07-04,2022-07-13T11:54:14,False,legado
7001005000512022,7001005512022,0006599-62.2022.6,70010,5,PREGÃO,512022,Publicado,eletronico,Nacional,ANA KAROLINA DE FARIAS FREITAS,Pregoeira,1.0,297362.84,323389.71,Observar os todos os anexos constantes no Edital.,"Pregão Eletrônico Contratação de ser viços de manutenção de instalações elétricas no s locais de votação e demais unidades da Justiç a Eleitoral em Pernambuco, tendo em vista às El eições 2022, de acordo com as especificações co nstantes do Termo de Referência (ANEXO I) do Ed ital.","Av. Gov. Agamenon Magalhaes, 1.160 - Sala 408 - Graças/PE",25313,2022-07-18,2022-07-04,2022-07-04,2022-07-04,2022-08-23T09:09:57,False,legado
8000605000222022,8000605222022,9.655/2022       ,80006,5,PREGÃO,222022,Publicado,eletronico,Nacional,AURELAIDE DE SOUZA NASCIMENTO MENEZES,Pregoeira,4.0,6000.0,21900.0,,Pregão Eletrônico Serviço de cobertu ra audiovisual com transmissão via internet de eventos realizados pelo TRT6.,"Cais do Apolo Nº 739, Bairro do Recife, Recife/pe. - /PE",25313,2022-07-18,2022-07-05,2022-07-05,2022-07-05,2022-08-10T16:24:42,False,legado
41300705000062022,4130070562022,53532000252202219,413007,5,PREGÃO,62022,Publicado,eletronico,Nacional,THIAGO CARDOSO HENRIQUES BOTELHO,Gerente Regional,2.0,165796.79,172872.07,Licitação exclusiva para mi croempresas e empresas de pequeno porte (ME/EPP ),"Pregão Eletrônico Contratação de ser viços de limpeza, conservação e jardinagem, inc luindo o fornecimento de materiais, utensílios e equipamentos, para a Unidade Operacional no E stado da Paraíba UO6.2, conforme condições, q uantidades e exigências estabelecidas no edital e anexos, pelo período inicial de 30 (trinta) meses","Rua Joaquim Bandeira, Nº 492 - Imbiribeira/PE",25313,2022-07-15,2022-07-05,2022-07-05,2022-07-05,2022-07-22T11:10:22,False,legado
9003105000212022,9003105212022,1346-87.2022.4.05,90031,5,PREGÃO,212022,Publicado,eletronico,Nacional,FRANCISCO REIS NOGUEIRA SOBRINHO,Pregoeiro,10.0,1250.0,1719.46,"Não será permitida a subcon tratação, no todo ou em parte, do objeto deste certame licitatório.Em caso de divergência entr e as especificações técnicas do objeto descrita s no Sistema SIASG do portal Comprasgovernament ais e as descritas neste Edital, prevalecerão e stas.","Pregão Eletrônico Registro de Preços , com validade de 1(um) ano, para aquisição de serviço de emissão de certificados digitais, vi sitas técnicas e fornecimento de mídia criptogr áfica (tokens) para o TRF5 e Seções Judiciarias participantes.","Av. Cais do Apolo, S/n - Edf. Ministro Djaci Falcão - Bairro do Recife/PE",25313,2022-07-19,2022-07-05,2022-07-05,2022-07-05,2022-08-25T11:02:07,False,legado
15502205000572022,15502205572022,23536010219202298,155022,5,PREGÃO,572022,Publicado,eletronico,Nacional,JOAO LUIZ CAVALCANTI MARANHAO DE ALBUQUERQUE,Chefe do Setor de Administração do Hc/ufpe - Ebserh,92.0,2820.0,9801.54,Mais informações: (81) 2126 -3939.,Pregão Eletrônico Registro de preços visando a eventual aquisição de Medicamentos A ntimicrobianos para atender demanda do Hospital das Clínicas de Pernambuco Filial Ebserh.,Av. Professor Moraes Rego S/n - Cidade Universitária/PE,25313,2022-07-20,2022-07-05,2022-07-05,2022-07-05,2022-09-06T14:25:13,False,legado
15442105000142022,15442105142022,23402018040202202,154421,5,PREGÃO,142022,Publicado,eletronico,Nacional,LUIZ CARLOS PINTO RIBEIRO,Pregoeiro,1.0,,320477.5,,"Pregão Eletrônico Objetiva-se a comp ra de Projetores Multimídia, visando suprir dem andas dos Colegiados acadêmicos desta Universi dade.",Av.jose de Sa Maniçoba S/n Centro-campus Universitário Petrolina - Centro/PE,25216,2022-07-15,2022-07-05,2022-07-05,2022-07-05,2022-08-24T15:55:47,False,legado
15442105000172022,15442105172022,23402036096202150,154421,5,PREGÃO,172022,Publicado,eletronico,Nacional,GIVANILDO DOS SANTOS,Pregoeiro,111.0,2709.0,1564943.08,,"Pregão Eletrônico Eventual compra de Equipamentos e Materiais de Laboratório, visan do suprir demandas dos Colegiados acadêmicos de sta Universidade.",Av.jose de Sa Maniçoba S/n Centro-campus Universitário Petrolina - Centro/PE,25216,2022-07-26,2022-07-05,2022-07-05,2022-07-05,2022-12-29T15:23:23,False,legado
25704705000142022,25704705142022,25059001050202283,257047,5,PREGÃO,142022,Publicado,eletronico,Nacional,ANTONIO DE CARVALHO SA,Agente de Saúde Pública,8.0,9300.0,6790.57,,Pregão Eletrônico Aquisição de Equip amentos Médico-Hospitalares e Eletrônicos para atender às necessidades do Distrito Sanitário E special Indígena Pernambuco (DSEI-PE).,Av. Norte Miguel Arraes de Alencar - Macaxeira/PE,25313,2022-07-18,2022-07-05,2022-07-05,2022-07-05,2022-12-01T08:23:24,False,legado
15502205000722022,15502205722022,23536009842202206,155022,5,PREGÃO,722022,Publicado,eletronico,Nacional,JOAO LUIZ CAVALCANTI MARANHAO DE ALBUQUERQUE,Chefe do Setor de Administração do Hc/ufpe - Ebserh,53.0,38976.0,1369.43,Mais informações: (81) 2126 -3939.,Pregão Eletrônico Registro de preços visando a eventual aquisição de Material Médic o Hospitalar de Uso Geral VI para o Hospital da s Clínicas de Pernambuco,Av. Professor Moraes Rego S/n - Cidade Universitária/PE,25313,2022-08-12,2022-08-01,2022-08-01,2022-08-01,2022-12-02T13:43:55,False,legado
92617105000272022,92617105272022,25800.002786/2022,926171,5,PREGÃO,272022,Publicado,eletronico,Nacional,MIRELLA MUZZI DE LIMA,Pregoeira,5.0,231361.06,389859.07,"Demais informações constam no Termo de Referência, anexo I do edital. Em c aso de divergência entre as especificações do o bjeto contidas no Edital (e anexos) e as contid as no comprasnet (CATMAT e CATSERV), para fins de cadastramento da licitação, prevalecerão as especificações do instrumento convocatório da H emobrás.",Pregão Eletrônico Aquisição mobiliár ios para a unidade fabril da Hemobrás.,"Rua Professor Aloísio Pessoa de Araújo, 75, Empresarial Bvc, 8º e 9º Andares. - Boa Viagem/PE",25313,2022-08-11,2022-08-01,2022-08-01,2022-08-01,2022-08-31T16:56:32,False,legado
15518005000382022,15518005382022,23542006064202125,155180,5,PREGÃO,382022,Publicado,eletronico,Nacional,GILBERIO ITALO DE ARAUJO SANTOS,Agente de Licitação,1.0,4681134.6,4695113.1,,"Pregão Eletrônico Prestação de Servi ços Contínuos de Alimentação e Nutrição Hospita lar, visando o fornecimento de dietas gerais e dietas especiais destinadas a pacientes, acompa nhantes resguardados por lei, residentes e inte rnos.",Av Jose de Sá Maniçoba S/n Centro - Centro/PE,25216,2022-08-22,2022-08-01,2022-08-01,2022-08-01,2022-09-14T17:52:20,False,legado
27505705000172022,27505705172022,26               ,275057,5,PREGÃO,172022,Publicado,eletronico,Nacional,SAVYO DOS SANTOS SOUZA,Analista de Gestão,1.0,63100.0,631.21,,Pregão Eletrônico Refletor de led so lar.,"Rua José Natário,478 - Areias - Recife - Pe. - /PE",25313,2022-08-17,2022-08-02,2022-08-02,2022-08-02,2022-09-21T15:12:57,False,legado
15316505000252022,15316505252022,23082.014675/2022,153165,5,PREGÃO,252022,Publicado,eletronico,Nacional,MARIO LEAL DA SILVA,Pregoeiro,3.0,25398.89,81638.0,Observar caracteristicas ad icionais dos itens no Termo de Referencia,"Pregão Eletrônico Aquisição de tecno logias assistivas para o atendimento de estudan tes com deficiência visual na Unidade Sede e n as demais unidades acadêmicas da Universidade F ederal Rural de Pernambuco (UFRPE), conforme c ondições, quantidades e exigências estabelecida s neste Edital e seus anexos",Rua Dom Manoel de Medeiros S/n - Dois Irmaos - Dois Irmãos/PE,25313,2022-08-12,2022-08-02,2022-08-02,2022-08-02,2022-08-31T18:58:26,False,legado
20011305000032022,2001130532022,08654005065202282,200113,5,PREGÃO,32022,Publicado,eletronico,Nacional,LEANDRO RICARDO DEUD SALOMAO RAMEH,Pregoeiro,12.0,3306.0,1163.94,Dúvidas pelo e-mail: nucont .pe@prf.gov.br,"Pregão Eletrônico Aquisição de água mineral, sob demanda, mineral potável de mesa, natural, potável, sem gás, com lacre de seguran ça intacto, invólucro de plástico, rótulo conte ndo todas as informações necessárias para contr ole de qualidade, validade e data de engarrafam ento, acondicionada em garrafões de 20 L (vinte litros)de comodato, e Gás GLP, envazados em b otijões de 13kg, sob demanda.","Av. Antonio de Goes, 820 - Pina/PE",25313,2022-08-15,2022-08-02,2022-08-02,2022-08-02,2022-09-13T08:16:32,False,legado
20020705000072022,2002070572022,1.05.0124/2022-77,200207,5,PREGÃO,72022,Publicado,eletronico,Nacional,RACHEL RODRIGUES WANDERLEY,Pregoeira,19.0,,1084.46,,Pregão Eletrônico Registro de preços para eventual aquisição de material elétrico.,"Rua Frei Matias Teves, Nº 65 - Liha do Leite/PE",25313,2022-08-15,2022-08-02,2022-08-02,2022-08-02,2022-08-31T16:50:46,False,legado
27505705000202022,27505705202022,29               ,275057,5,PREGÃO,202022,Publicado,eletronico,Nacional,SAVYO DOS SANTOS SOUZA,Analista de Gestão,5.0,1745.4,6175.93,,Pregão Eletrônico Aquisição de bater ias para grupo gerador.,"Rua José Natário,478 - Areias - Recife - Pe. - /PE",25313,2022-08-15,2022-08-02,2022-08-02,2022-08-02,2022-08-17T15:18:38,False,legado
15518005000302022,15518005302022,23542000909202250,155180,5,PREGÃO,302022,Publicado,eletronico,Nacional,ERICK SOARES RIBEIRO PATRIOTA,Agente de Licitação,33.0,,46282.86,,"Pregão Eletrônico Objetiva-se REGIST RO DE PREÇO, com validade de 12 (doze) meses, t em por objeto AQUISIÇÃO DE BENS MOBILIÁRIOS E E QUIPAMENTOS DE APOIO LOGÍSTICO a serem utilizad os no HU/UNIVASF, visando suprir demandas espec íficas tipificadas pelos setores correlatos, co m vista na melhoria das condições de trabalho d os colaboradores do HU-UNIVASF e de seus demais usuários.",Av Jose de Sá Maniçoba S/n Centro - Centro/PE,25216,2022-08-12,2022-08-02,2022-08-02,2022-08-02,2022-10-04T14:28:13,False,legado
8000605000312022,8000605312022,12.284/2022      ,80006,5,PREGÃO,312022,Publicado,eletronico,Nacional,FABIANO ANTONIO MARQUES GUEDES DA CRUZ FILHO,Pregoeiro,36.0,6490.0,614.79,,Pregão Eletrônico REGISTRO DE PREÇOS aquisição de material gráfico e promocional para a gestão de 2022/2023.,"Cais do Apolo Nº 739, Bairro do Recife, Recife/pe. - /PE",25313,2022-08-16,2022-08-03,2022-08-03,2022-08-03,2022-10-11T02:30:50,False,legado
25704705000152022,25704705152022,25059000259202220,257047,5,PREGÃO,152022,Publicado,eletronico,Nacional,ANTONIO DE CARVALHO SA,Agente de Saúde Pública,32.0,3713.16,2812.35,,"Pregão Eletrônico Aquisição de Ferra mentas para serem utilizadas nas atividades de manutenção dos Sistemas de Abastecimento de Águ a, realizadas pelos AISAN's (Agentes Indígenas de Saneamento) de responsabilidade do DSEI-PE.",Av. Norte Miguel Arraes de Alencar - Macaxeira/PE,25313,2022-08-22,2022-08-03,2022-08-03,2022-08-03,2022-12-27T14:22:27,False,legado
25704705000162022,25704705162022,25059000731202224,257047,5,PREGÃO,162022,Publicado,eletronico,Nacional,ANTONIO DE CARVALHO SA,Agente de Saúde Pública,5.0,,3679.92,,"Pregão Eletrônico Aquisição dos insu mos: Hipoclorito de sódio, Hipoclorito de cálci o e Policloreto de alumínio queserão utilizados nas Soluções/Sistemas alternativas coletivas d e Abastecimento de Água (SAC), como também do S ubstrato cromogênio definido ONPG-MUG e reagent e para determinação de cloro livre (Cl2), insum os que serão destinados a compor os laboratório s de qualidade da água indígena -LQAI.",Av. Norte Miguel Arraes de Alencar - Macaxeira/PE,25313,2022-08-15,2022-08-03,2022-08-03,2022-08-03,2022-08-12T15:44:50,False,legado
15518005000272022,15518005272022,23542004895202243,155180,5,PREGÃO,272022,Publicado,eletronico,Nacional,GILBERIO ITALO DE ARAUJO SANTOS,Agente de Licitação,2.0,14400.0,27730.531,,"Pregão Eletrônico Prestação de servi ços de Continuado de Saúde em Patologia Clínica Básica e Especializada, com capacidade instala da para oferecer todos os exames de Análises Cl ínicas sorológicos e microbiológicos contemplad os conforme condições, quantidades, exigências e estimativas, estabelecidas neste instrumento",Av Jose de Sá Maniçoba S/n Centro - Centro/PE,25216,2022-08-24,2022-08-03,2022-08-03,2022-08-03,2022-09-14T11:49:31,False,legado
12063205000582022,12063205582022,67445000751202291,120632,5,PREGÃO,582022,Publicado,eletronico,Nacional,PAULO HENRIQUE ALVES CAVALCANTI,Ordenador de Despesas,2.0,,19234.8,,"Pregão Eletrônico Contratação de emp resa para a prestação de serviços contínuos sem dedicação exclusiva de mão de obra de monitora ção individual externa de nível de radiação ion izante, através de dosímetros termoluminescente s, com execução mediante o regime de contrato m ensal, para atender às necessidades da ODONTOCL ÍNICA DE AERONÁUTICA DE RECIFE (OARF) e do HOSP ITAL DE AERONÁUTICA DE RECIFE (HARF).",Av Centenário Alberto Santos Dumont - Jordão/PE,25313,2022-08-15,2022-08-03,2022-08-03,2022-08-03,2022-08-15T09:00:01,False,legado
34400205000242022,34400205242022,409/2022-60      ,344002,5,PREGÃO,242022,Publicado,eletronico,Nacional,ALLAN JONES FARIAS DE ARAUJO,Diretor de Planejamento e Administração,1.0,107690.0,172665.0,,"Pregão Eletrônico O objeto da presen te licitação é a escolha da proposta mais vanta josa para Contratação de empresa especializada para a prestação de serviços de impressão e aca bamento gráfico de obras literárias, a serem pu blicadas pela Editora Massangana Editora, da Diretoria de Memória, Educação, Cultura e Arte Dimeca, da Fundação Joaquim Nabuco Fundaj, conforme condições, quantidades e exigências es tabelecidas neste Edital e seus anexos.","Av. 17 de Agosto, 2187 - Casa_forte - /PE",25313,2022-08-15,2022-08-03,2022-08-03,2022-08-03,2022-08-24T11:02:16,False,legado
15308002000042022,1530800242022,23076053707202225,153080,2,TOMADA DE PREÇOS,42022,Publicado,presencial,Nacional,RODRIGO DANNIEL DA SILVA ALEXANDRE,Coordenador de Licitações,1.0,,3105315.68,Mais informações: (81) 2126 -8065,"Contratação de empresa habilitada para Intervenção de Acessibilidade Física do Centro de Artes e Comunicação do Campus Recife da UFPE , conforme condições, quantidades e exigências estabelecidas no Edital e seus anexos.","Av. da Arquitetura, S/n - Cidade Universitária/PE",25313,,2022-08-03,2022-08-19,2022-08-03,2022-10-27T11:51:34,False,legado
16002305000042022,1600230542022,64408001131202228,160023,5,PREGÃO,42022,Publicado,eletronico,Nacional,PEDRO AFONSO DOS SANTOS JUNIOR,Ordenador de Despesas da 10ª Cia e Cmb,143.0,437.6,3365.1,,Pregão Eletrônico Aquisição de mater ial ODONTOLÓGICO e FARMACÊUTICO visando atender as demandas da Seção de Saúde da 10ª Companhia de Engenharia de Combate (10ª Cia E Cmb).,"Rod. Pe 180, Km 5 - São Bento do Una - Pe - /PE",25593,2022-08-29,2022-08-03,2022-08-03,2022-08-03,2022-10-03T11:32:35,False,legado
51067705000432022,51067705432022,35014422277202158,510677,5,PREGÃO,432022,Publicado,eletronico,Nacional,MARCOS DE BRITO CAMPOS JUNIOR,Superintendente Regional,3.0,,305252.08,,"Pregão Eletrônico Contratação da pre stação dos serviços de Manutenção, Operação e C ontrole (PMOC) com atividades corretivas e prev entivas, monitoramento e análise da qualidade d o ar interior de ambientes climatizados, eventu al instalação de condicionadores de ar tipo spl it , limpeza e higienização de dutos, fornecime nto de peças sob demanda e realização de serviç os sob demanda para os sistemas de climatização das unidades administrativas ligadas à Gerênci a Executiva do INSS em Imperatriz/MA","Av. Dantas Barreto, Nº 300 , Sala 101, Santo Antonio - /PE",25313,2022-08-17,2022-08-03,2022-08-03,2022-08-03,2022-09-06T08:02:53,False,legado
16022505000202022,16022505202022,64361.006937/2022,160225,5,PREGÃO,202022,Publicado,eletronico,Nacional,CLEANTO ALVES DE FRANCA,Od Substituto da b Adm Curado,129.0,84402.45,3648.04,,Pregão Eletrônico Aquisição de mater iais de limpeza para Base Administrativa do Cur ado e GCALC/7,Avenida Professor Luiz Freire N° 198 - Bairro Curado - /PE,25313,2022-10-17,2022-10-03,2022-10-03,2022-10-03,2023-10-30T17:04:46,False,legado
15846505000032022,1584650532022,23298014590202206,158465,5,PREGÃO,32022,Publicado,eletronico,Nacional,ANDERSON ROBERTO DE LACERDA MENEZES,Coordenador de Compras e Licitações,147.0,,33868.27,,"Pregão Eletrônico Eventual contrataç ão de serviços de Telefonia Fixa Comutada (fixo -fixo e fixo-móvel), na modalidade local, longa distância nacional e/ou internacional e de Ser viço Móvel Pessoal (SMP), visando atender às ne cessidades do IFPECampus Vitória de Santo An tão e demais participantes, conforme especifica ções constantes no Edital e seus anexos.",Propriedade Terra Preta S/n Caixa Postal 0031 - Zona Rural/PE,26271,2022-10-18,2022-10-03,2022-10-03,2022-10-03,2022-12-14T10:29:35,False,legado
16002305000112022,16002305112022,64408003110202247,160023,5,PREGÃO,112022,Publicado,eletronico,Nacional,PEDRO AFONSO DOS SANTOS JUNIOR,Ordenador de Despesas,183.0,462.0,2069.36,,"Pregão Eletrônico Aquisição de gêne ros alimentícios (industrializados e hortifruti granjeiros), carvão vegetal, acondicionamento e embalagens, copa e cozinha, materiais descartá veis, em atendimento às demandas do Serviço de Aprovisionamento da 10ª COMPANHIA DE ENGENHARIA DE COMBATE e Unidade Gestora Participante.","Rod. Pe 180, Km 5 - São Bento do Una - Pe - /PE",25593,2022-10-17,2022-10-03,2022-10-03,2022-10-03,2022-11-25T13:57:17,False,legado
15502205001022022,155022051022022,23536017600202288,155022,5,PREGÃO,1022022,Publicado,eletronico,Nacional,JOAO LUIZ CAVALCANTI MARANHAO DE ALBUQUERQUE,Chefe do Setor de Administração do Hc/ufpe - Ebserh,18.0,,180.23,Mais informações: (81) 2126 -3939.,"Pregão Eletrônico Registro de preços visando a eventual aquisição de Extensores e E quipos, inclusive para Bomba Infusora e de Seri nga, com Cessão em Regime de Comodato, para o H ospital das Clínicas de Pernambuco Filial EBS ERH",Av. Professor Moraes Rego S/n - Cidade Universitária/PE,25313,2022-10-17,2022-10-03,2022-10-03,2022-10-03,2022-11-21T15:16:27,False,legado
20039805000052022,2003980552022,08400004480202209,200398,5,PREGÃO,52022,Publicado,eletronico,Nacional,DANIEL GRANGEIRO DE SOUZA,Superintendente Regional,12.0,42500.0,13227.59,O Edital/Anexos também pode rá ser consultado no Site da Polícia Federal (h ttps://www.gov.br/pf/pt-br/assuntos/licitacoes/ 2022/pernambuco/pregao-eletronico),"Pregão Eletrônico Aquisição de mater iais permanentes, a fim de atender as necessida des do Almoxarifado Central da SR/PF/PE Super intendência de Polícia Federal de Pernambuco.","Avenida Antônio de Góes, 60 Sl 1501, Pina, Recife/pe - Pina/PE",25313,2022-10-18,2022-10-03,2022-10-03,2022-10-03,2022-11-11T10:40:46,False,legado
27505799000042022,2750579942022,054              ,275057,99,RDC,42022,Publicado,eletronico,Nacional,PRISCILA SANTOS QUEIROZ,Analsta de Gestão,1.0,448304.37,482826.46,,Contratação de empresa para execução de obra de engenharia para implantação de disposi tivos de drenagem para permitir o perfeito esco amento das águas puviais que se precipitam sobr e a Plataforma Ferroviária estação Engenho Velh o da CBTU/STUREC conforme projeto básico em ane xo,"Rua José Natário,478 - Areias - Recife - Pe. - /PE",25313,2022-10-26,2022-10-04,2022-10-04,2022-10-04,2022-12-07T12:36:07,False,legado
51067705000742022,51067705742022,35014017374202211,510677,5,PREGÃO,742022,Publicado,eletronico,Nacional,JOSE ROOSEVELT ARAUJO CORREA,Coordenador,2.0,,133815.4,,"Pregão Eletrônico Contratação de ser viço continuado de manutenção preventiva e corr etiva em 05 (cinco) elevadores, 03 (três) plata formas elevatórias e 01(um) monta-cargassem dedicação de mão de obra e com fornecimento de peças e componentes sob demandainstalados no s prédios ligados ao INSS no Estado do Ceará.","Av. Dantas Barreto, Nº 300 , Sala 101 - Santo Antonio/PE",25313,2022-10-17,2022-10-04,2022-10-04,2022-10-04,2022-10-17T14:49:17,False,legado
25704705000202022,25704705202022,25059001547202200,257047,5,PREGÃO,202022,Publicado,eletronico,Nacional,ANTONIO DE CARVALHO SA,Agente de Saúde Pública,109.0,,1560.34,,"Pregão Eletrônico Aquisição de mater iais de expediente para abastecimento do DSEI-P E (Sede, CASAI, Polos Administrativos e Polos B ase).",Av. Norte Miguel Arraes de Alencar - Macaxeira/PE,25313,2022-10-17,2022-10-04,2022-10-04,2022-10-04,2022-10-24T09:13:16,False,legado
8000605000452022,8000605452022,17.747/2022      ,80006,5,PREGÃO,452022,Publicado,eletronico,Nacional,FABIANO ANTONIO MARQUES GUEDES DA CRUZ FILHO,Pregoeiro,1.0,4689.9,4906.23,,Pregão Eletrônico Aquisição de Leito res Óticos de Código de Barras sem fio (bluetoo th).,"Cais do Apolo Nº 739, Bairro do Recife, Recife/pe. - /PE",25313,2022-10-18,2022-10-04,2022-10-04,2022-10-04,2022-11-03T00:11:36,False,legado
15502205001032022,155022051032022,23536010379202237,155022,5,PREGÃO,1032022,Publicado,eletronico,Nacional,JOAO LUIZ CAVALCANTI MARANHAO DE ALBUQUERQUE,Chefe do Setor de Administração do Hc/ufpe - Ebserh,87.0,2450.0,23268.09,Mais informações: (81) 2126 -3939.,Pregão Eletrônico Registro de preços visando a eventual aquisição de Anticorpos e M ateriais Diversos para o Serviço de Anatomia Pa tológica para atender demanda do Hospital das C línicas de Pernambuco Filial Ebserh.,Av. Professor Moraes Rego S/n - Cidade Universitária/PE,25313,2022-10-18,2022-10-04,2022-10-04,2022-10-04,2022-12-21T16:10:48,False,legado
8000605000352022,8000605352022,14.005/2022      ,80006,5,PREGÃO,352022,Publicado,eletronico,Nacional,AURELAIDE DE SOUZA NASCIMENTO MENEZES,Pregoeira,2.0,165745.18,170517.01,,"Pregão Eletrônico Serviços de implan tação, desenvolvimento e acompanhamento de Aten ção Primária à Saúde (APS) e de Central de Tele atendimento.","Cais do Apolo Nº 739, Bairro do Recife, Recife/pe. - /PE",25313,2022-10-17,2022-10-04,2022-10-04,2022-10-04,2022-11-11T18:36:46,False,legado
92513505000962022,92513505962022,207781           ,925135,5,PREGÃO,962022,Publicado,eletronico,Nacional,JOSE ROBERTO CRUZ DE ARAUJO,Pregoeiro,1.0,31500.0,33570.24,,"Pregão Eletrônico Prestação de servi ços, com fornecimento de materiais, de manutenç ão e conservação dos jardins do Edifício-Sede d o Banco Central do Brasil, localizado na Rua da Aurora, 1.259Santo AmaroRecife (PE), con forme condições, quantidades e exigências estab elecidas no Edital e seus anexos.","Rua da Aurora, 1259 - Santo Amaro/PE",25313,2022-10-19,2022-10-05,2022-10-05,2022-10-05,2022-10-26T17:36:37,False,legado
16018505000042022,1601850542022,64132005346202203,160185,5,PREGÃO,42022,Publicado,eletronico,Nacional,FRANCISCO ANTONIO PERES DA SILVA,Ordenador de Despesas,234.0,3801.23,25503.54,"Descrição detalhada conform e Apêndice A do Termo de Referência. Em caso de divergência com o publicado no comprasnet, pre valece a descrição do Apêndice A do Termo de Re ferência",Pregão Eletrônico Aquisição de mater ial hidráulico para atender exclusivamente às n ecessidades das Organizações Militares integran tes do GCALC/Recife,"Rua São Miguel, Nr 898 - Afogados - Afogados/PE",25313,2022-10-18,2022-10-05,2022-10-05,2022-10-05,2023-11-13T15:27:04,False,legado
9000905000302022,9000905302022,62630720224057500,90009,5,PREGÃO,302022,Publicado,eletronico,Nacional,MARCOS ANTONIO CABRAL DA SILVA,Pregoeiro,1.0,2266999.37,2877836.8,,Pregão Eletrônico Serviços técnicos especializados na área de Tecnologia da Informa ção (TI),"Av. Recife, 6250. Jiquiá . Recife Pe - Jiquiá/PE",25313,2022-10-18,2022-10-05,2022-10-05,2022-10-05,2022-12-12T11:13:31,False,legado
9003105000492022,9003105492022,7292-40.2022.4.05,90031,5,PREGÃO,492022,Publicado,eletronico,Nacional,FRANCISCO REIS NOGUEIRA SOBRINHO,Pregoeiro,7.0,32500.0,805191.02,"Não será permitida a subcon tratação, no todo ou em parte, do objeto deste certame licitatório.Em caso de divergência entr e as especificações técnicas do objeto descrita s no Sistema SIASG do portal Comprasgovernament ais e as descritas neste Edital, prevalecerão e stas.","Pregão Eletrônico Registro de Preços para aquisição e instalação de gavetas de stor age para armazenamento de dados, para o Tribuna l Regional Federal da 5ª Região (Órgão Gerencia dor0 e a Justiça Federal de 1ª Instância em Per nambuco (Órgão Participante).","Av. Cais do Apolo, S/n - Edf. Ministro Djaci Falcão - Bairro do Recife/PE",25313,2022-10-19,2022-10-05,2022-10-05,2022-10-05,2023-07-19T14:17:31,False,legado
51067705000582022,51067705582022,35014079281202272,510677,5,PREGÃO,582022,Publicado,eletronico,Nacional,JOSE ROOSEVELT ARAUJO CORREA,Coordenador da Cofl-srne,1.0,,247568.03,,"Pregão Eletrônico Serv de man. preve ntiva/corretiva,conserto/revisão exec. periodic amente em veíc. oficiais da GEXREC/INSS/PE,com verificação das partes mecânicas,elétricas,guin cho, reboque ou transporte,lanternagem,funilari a,pintura,ajustes,regulagens,alinham. de direçã o,balanc. de rodas,cambagem,vidraçaria e refrig eração, c/ fornecimento e subst. de peças gasta s ou defeituosas por genuínas, originais ou si milares,sem disponibilização de mão de obra em regime de dedicação exclusiva","Av. Dantas Barreto, Nº 300 , Sala 101, Santo Antonio - Santo Antonio/PE",25313,2022-10-25,2022-10-05,2022-10-05,2022-10-05,2022-10-26T14:08:22,False,legado
13501205000232022,13501205232022,21198002114202218,135012,5,PREGÃO,232022,Publicado,eletronico,Nacional,MARIA AUXILIADORA COELHO DE LIMA,Chefe Geral,1.0,61200.0,13.72,,Pregão Eletrônico Formação do regist ro de preços para a eventual aquisição de ÁGUA MINERAL.,Br 428 Km 152 S/n Zona Rural Caixa Postal 023 - /PE,25216,2022-10-18,2022-10-05,2022-10-05,2022-10-05,2022-11-17T09:50:22,False,legado
15442105000152022,15442105152022,23402020015202281,154421,5,PREGÃO,152022,Publicado,eletronico,Nacional,LUIZ CARLOS PINTO RIBEIRO,Pregoeiro,82.0,940.0,1807.582,,"Pregão Eletrônico Objetiva-se a aqui sição de materiais gráficos, visando suprir dem andas dos Colegiados Acadêmicos e Setores Admin istrativos desta Universidade.",Av.jose de Sa Maniçoba S/n Centro-campus Universitário Petrolina - Centro/PE,25216,2022-10-18,2022-10-05,2022-10-05,2022-10-05,2022-12-21T16:52:03,False,legado
15484905000032022,1548490532022,23734.013740.2021,154849,5,PREGÃO,32022,Publicado,eletronico,Nacional,CLEILTON PEREIRA DA SILVA,Pregoeiro,53.0,40344.0,224607.31,"Quaisquer divergencias entr e a descrição dos itens no comprasnet e o Edita l e seus anexos, prevalecerá todas as informaçõ es do Edital.",Pregão Eletrônico Contratação de emp resa especializada no fornecimento de mão de ob ra com dedicação exclusiva para os Campi do IFP E.,Rua Jaguaribe S/n - Alto da Bela Vista/PE,23574,2022-10-18,2022-10-05,2022-10-05,2022-10-05,2023-05-10T17:14:46,False,legado
27505705000342022,27505705342022,048              ,275057,5,PREGÃO,342022,Publicado,eletronico,Nacional,PRISCILA SANTOS QUEIROZ,Ang - Administrador,1.0,381098.85,381098.85,,"Pregão Eletrônico Prestação de servi ços de modernização da locomotiva diesel elétri ca ge u6b, motor caterpílar d379bLO-02, potê ncia 700/640 hp da cbtu/stu-rec fabricada pela empresa General Eletric em 1967","Rua José Natário,478 - Areias - Recife - Pe. - /PE",25313,2022-10-27,2022-10-05,2022-10-05,2022-10-05,2022-11-03T15:01:14,False,legado
16020105000052022,1602010552022,64329005140202278,160201,5,PREGÃO,52022,Publicado,eletronico,Nacional,BRUNO BEZERRA DE MELO,Ordenador de Despesas,17.0,885.96,2124535.14,,Pregão Eletrônico Serviço de Sondage m Geotécnica e Ensaios de Caracterização de Sol o para a Implantação da nova Escola de Sargento s do Exército na área do Campo de Instrução Mar echal Newton Cavalcanti (CIMNC).,"Av Norte, 245 - Santo Amaro/PE",25313,2022-10-18,2022-10-05,2022-10-05,2022-10-05,2022-11-01T14:03:55,False,legado
92617105000372022,92617105372022,25800.003088/2021,926171,5,PREGÃO,372022,Publicado,eletronico,Nacional,MIRELLA MUZZI DE LIMA,Pregoeira,14.0,114027.25,147715.39,"Demais informações constam no Termo de Referência, anexo I do edital. Em c aso de divergência entre as especificações do o bjeto contidas no Edital (e anexos) e as contid as no comprasnet (CATMAT e CATSERV), para fins de cadastramento da licitação, prevalecerão as especificações do instrumento convocatório da H emobrás.",Pregão Eletrônico Aquisição de instr umentos acessórios de uso laboratorial para o B loco de Controle de Qualidade (Bloco B06).,"Rua Professor Aloísio Pessoa de Araújo, 75, Empresarial Bvc, 8º e 9º Andares. - Boa Viagem/PE",25313,2022-11-16,2022-11-01,2022-11-01,2022-11-01,2023-01-03T15:10:38,False,legado
13501205000342022,13501205342022,21198002938202298,135012,5,PREGÃO,342022,Publicado,eletronico,Nacional,MARIA AUXILIADORA COELHO DE LIMA,Chefe Geral,1.0,9000.0,12324.0,,Pregão Eletrônico Aquisição de equip amento DESTILADOR de NITROGÊNIO,Br 428 Km 152 S/n Zona Rural Caixa Postal 023 - /PE,25216,2022-11-14,2022-11-01,2022-11-01,2022-11-01,2022-11-16T13:30:43,False,legado
13501205000332022,13501205332022,21198.002816/2022,135012,5,PREGÃO,332022,Publicado,eletronico,Nacional,MARIA AUXILIADORA COELHO DE LIMA,Chefe Geral,41.0,,13389.71,,Pregão Eletrônico Vidrarias e Materi ais de Laboratorio,Br 428 Km 152 S/n Zona Rural Caixa Postal 023 - Zona Rural/PE,25216,2022-11-14,2022-11-01,2022-11-01,2022-11-01,2022-12-28T18:04:52,False,legado
27505705000232022,27505705232022,032              ,275057,5,PREGÃO,232022,Publicado,eletronico,Nacional,CARLOS ROBERTO SA BARRETO BARROS FILHO,Gerente Operacional,1.0,,303955.67,,"Pregão Eletrônico Contratação de emp resa especializada para execução de serviços de manutenção corretiva em sistema separador de á gua e óleo, caixa coletora de óleo e elevatória , assim como manutenção dos sistemas hidráulico e elétrico do fosso da área de lavagem de peça s do bloco 4 do centro de manutenção de Cavalei ro em Jaboatão dos Guararapes da CBTU/STU-REC.","Rua José Natário,478 - Areias - Recife - Pe. - /PE",25313,2022-11-24,2022-11-01,2022-11-01,2022-11-01,2022-11-24T09:00:09,False,legado
27505705000622022,27505705622022,85               ,275057,5,PREGÃO,622022,Publicado,eletronico,Nacional,SAVYO DOS SANTOS SOUZA,Analista de Gestão,27.0,,1129.34,,Pregão Eletrônico Eventual aquisição de materiais hidráulicos em geral conforme ter mo de referência.,"Rua José Natário,478 - Areias - Recife - Pe. - /PE",25313,2022-11-14,2022-11-01,2022-11-01,2022-11-01,2022-11-29T09:26:55,False,legado
13501205000352022,13501205352022,21198002817202246,135012,5,PREGÃO,352022,Publicado,eletronico,Nacional,MARIA AUXILIADORA COELHO DE LIMA,Chefe Geral,36.0,315.2,2634.2,,Pregão Eletrônico Formação de Regist ro de Preços para o eventual fornecimento de MA TERIAIS de CONSTRUÇÃO,Br 428 Km 152 S/n Zona Rural Caixa Postal 023 - /PE,25216,2022-11-14,2022-11-01,2022-11-01,2022-11-01,2022-12-28T18:03:30,False,legado
16019905000362022,16019905362022,64583010076202236,160199,5,PREGÃO,362022,Publicado,eletronico,Nacional,HAILTON ANTONIO CASARA CAVALCANTE,Ordenador de Despesas,133.0,,1378960.03,"Ocorrendo possíveis divergê ncias entre a descrição do item contido neste T ermo e a descrição vinculada ao código do mater ial no sistema Comprasnet(CATMAT), prevalecerá a descrição contida no Anexo I do Edital -Termo de Referência.","Pregão Eletrônico Registro de preços para aquisição de Órteses, Próteses e Materiai s Especiais (OPME) para Cirurgia e Traumatolo gia Buco-Maxilo-facial, para atender às necessi dades do Hospital Militar de Área de Recife e ó rgão participantes.","Rua do Hospício, 563 - Boa Vista - Boa Vista/PE",25313,2022-11-14,2022-11-01,2022-11-01,2022-11-01,2023-05-16T08:07:26,False,legado
15814905000202022,15814905202022,23302000355202213,158149,5,PREGÃO,202022,Publicado,eletronico,Nacional,JOAO DERYSON FIGUEIREDO SAMPAIO,Equipe de Apoio ao Pregoeiro,8.0,45800.0,54855.79,,Pregão Eletrônico Aquisição de Equip amentos energético (Estabilizadores e Nobreak) para atender os Campi e Reitoria do IF Sertão-P E.,"Rua Aristarco Lopes,nº 240- Centro - Centro/PE",25216,2022-11-16,2022-11-01,2022-11-01,2022-11-01,2023-12-11T18:24:13,False,legado
16018305000072022,1601830572022,64108028224202284,160183,5,PREGÃO,72022,Publicado,eletronico,Nacional,REGIS FERNANDO DA SILVA,Ordenador de Despesas,34.0,6690.0,13649.94,,"Pregão Eletrônico Eventual aquisição de cartucho, toner e material de expediente.","Av. Cardoso de Sa, S/n - Vila Eduardo - Licitacao72@gmail.com/PE",25216,2022-11-16,2022-11-01,2022-11-01,2022-11-01,2022-11-28T11:15:02,False,legado
9003105000612022,9003105612022,0009309-49.2022  ,90031,5,PREGÃO,612022,Publicado,eletronico,Nacional,MARCELO NOBRE TAVARES,Pregoeiro Substituto,1.0,250882.76,278758.63,,"Pregão Eletrônico Contratação de emp resa especializada para implantação de usina de microgeração de energia fotovoltaica no prédio da Ampliação do Tribunal Regional Federal da 5 ª Região, a partir do projeto executivo existen te.","Av. Cais do Apolo, S/n, Ed. Min. Djaci Falcao - Bairro do Recife - /PE",25313,2022-11-16,2022-11-03,2022-11-03,2022-11-03,2023-03-24T13:57:32,False,legado
13001605000122022,13001605122022,21002001105202250,130016,5,PREGÃO,122022,Publicado,eletronico,Nacional,VERA LUCIA RODRIGUES CHAVES,Pregoeira Mor,88.0,920.0,109241.19,,"Pregão Eletrônico Aquisição de insum os para suprir as necessidades das Unidades Ana líticas MIC, DIA, EET do Laboratório de Defesa Agropecuária em Recife (LFDA-PE).",Rua Dom Manoel de Medeiros S/n - Dois Irmaos - Dois Irmãos/PE,25313,2022-11-22,2022-11-03,2022-11-03,2022-11-03,2022-12-29T14:58:35,False,legado
27505705000612022,27505705612022,83               ,275057,5,PREGÃO,612022,Publicado,eletronico,Nacional,SAVYO DOS SANTOS SOUZA,Analista de Gestão,2.0,75300.0,55200.0,,Pregão Eletrônico Eventual aquisição de megger para uso exclusivo em subestação de 69kv e rede aérea conforme termo de referência.,"Rua José Natário,478 - Areias - Recife - Pe. - /PE",25313,2022-11-16,2022-11-03,2022-11-03,2022-11-03,2022-11-23T11:02:47,False,legado
15518005000492022,15518005492022,23542005883202236,155180,5,PREGÃO,492022,Publicado,eletronico,Nacional,ERICK SOARES RIBEIRO PATRIOTA,Agente de Licitação,4.0,,17789.67,,Pregão Eletrônico Aquisição de equip amentos industriais para produção de refeições (fixos ou não),Av Jose de Sá Maniçoba S/n Centro - Centro/PE,25216,2022-11-16,2022-11-03,2022-11-03,2022-11-03,2022-12-28T09:45:13,False,legado
25704705000252022,25704705252022,25059000731202224,257047,5,PREGÃO,252022,Publicado,eletronico,Nacional,ANTONIO DE CARVALHO SA,Agente de Saúde Pública,5.0,42400.0,3679.92,,"Pregão Eletrônico Aquisição dos insu mos: Hipoclorito de sódio, Hipoclorito de cálci o e Policloreto de alumínio destinados as Soluç ões Alternativas Coletivas de Abastecimento de Água (SAC) de responsabilidade do Distrito Sani tário Especial Indígena do Estado de Pernambuco DSEI/PE, bem como a aquisição de Substrato cr omogênio definido ONPG-MUG e reagente para dete rminação de cloro livre (Cl2), destinados a com por os laboratórios de qualidade da água indíge na -LQAI de responsabilidade do DSEI/PE",Av. Norte Miguel Arraes de Alencar - Macaxeira/PE,25313,2022-11-21,2022-11-04,2022-11-04,2022-11-04,2022-12-27T14:25:34,False,legado
34300502000012022,3430050212022,01450.000295/2022,343005,2,TOMADA DE PREÇOS,12022,Publicado,presencial,Nacional,ANA PAULA MOTA DE BITENCOURT DA COSTA LINS,Superintendente,1.0,,396337.46,,"Estabilização e Douramento dos Altares laterais de Nossa Senhora da Assunção e de Noss a Senhora da Luz, da Basílica de Nossa Senhora do Carmo, Recife/PE.","Rua Floriano Peixoto, Sn - São José/PE",25313,,2022-11-04,2022-11-28,2022-11-04,2022-12-15T17:43:24,False,legado
9000905000352022,9000905352022,0006788-86.2022  ,90009,5,PREGÃO,352022,Publicado,eletronico,Nacional,JOAO BATISTA OLIVEIRA DA CUNHA,Pregoeiro,2.0,135735.04,141370.78,,"Pregão Eletrônico Este Termo de Refe rência tem por finalidade descrever as especifi cações e condições de execução de empreitada po r preço global, de serviços de manutenção em do is trocadores de calor a placas da Central de Á gua Gelada do sistema de climatização da Justiç a Federal em PE, por meio de Pregão Eletrônico, de acordo com as condições descritas neste Ter mo de Referência.","Av. Recife, 6250 - Jiquiá/PE",25313,2022-11-17,2022-11-04,2022-11-04,2022-11-04,2022-12-06T16:49:54,False,legado
19500205000162022,19500205162022,59530001454202276,195002,5,PREGÃO,162022,Publicado,eletronico,Nacional,AURIVALTER CORDEIRO PEREIRA DA SILVA,Superintendente Regional   3a Sr,11.0,7900.0,47091.8,Os interessados ficam desde já notificados da necessidade de acessarem os sítios www.codevasf.gov.br e www.gov.br/compras /pt-br para ciência das eventuais alterações e esclarecimentos.,"Pregão Eletrônico Fornecimento, carg a, transporte e descarga de equipamentos, desti nados à fabricação de pães e estruturação de pa darias, de forma comunitária, por parte de asso ciações inseridas na área de atuação da 3ª Supe rintendência Regional da Codevasf, no estado de Pernambuco.","Rua Presidente Dutra, 160 - Centro/PE",25216,2022-12-13,2022-12-01,2022-12-01,2022-12-01,2022-12-28T18:28:10,False,legado
12063205000962022,12063205962022,67437002928202293,120632,5,PREGÃO,962022,Publicado,eletronico,Nacional,PAULO HENRIQUE ALVES CAVALCANTI,Ordenador de Despesas,5.0,,1797.31,,"Pregão Eletrônico Registro de preços para Aquisição de Materiais Médico-Hospitalare s, para atender as necessidades da Unidade de D iagnóstico por Imagem do Hospital de Aeronáutic a de Recife.",Av Centenário Alberto Santos Dumont - Jordão/PE,25313,2022-12-14,2022-12-01,2022-12-01,2022-12-01,2023-03-08T13:32:31,False,legado
15484905000042022,1548490542022,23736004463202214,154849,5,PREGÃO,42022,Publicado,eletronico,Nacional,LEONALDO QUEIROZ PESSOA JUNIOR,Diretor de Administração e Planejamento,71.0,38027.84,167707.64,,"Pregão Eletrônico O objeto da presen te licitação é a escolha da proposta mais vanta josa para a aquisição de materiais e equipament os de áudio, vídeo e foto para o IFPE campus Ol inda e demais órgãos participantes, conforme co ndições, quantidades e exigências estabelecidas no Edital e seus anexos.","Av. Fagundes Varela, N°375 - Jardim Atlântico/PE",23574,2022-12-13,2022-12-01,2022-12-01,2022-12-01,2022-12-27T10:32:55,False,legado
12063205000942022,12063205942022,67445001097202233,120632,5,PREGÃO,942022,Publicado,eletronico,Nacional,PAULO HENRIQUE ALVES CAVALCANTI,Ordenador de Despesas,149.0,,22879.87,,Pregão Eletrônico Eventual aquisição de materiais odontológicos de prótese para ate nder as necessidades da Odontoclínica de Aeroná utica de Recife (OARF).,Av Centenário Alberto Santos Dumont - Jordão/PE,25313,2022-12-14,2022-12-01,2022-12-01,2022-12-01,2023-09-12T13:54:24,False,legado
20011305000062022,2001130562022,08654015802202255,200113,5,PREGÃO,62022,Publicado,eletronico,Nacional,MARIA LUIZA DIAS GANDRA CIRNE DE AZEVEDO,Chefe do Núcleo de Contratações Públicas,3.0,37400.0,8076.19,"Para dúvidas, favor encamin har e-mail para nucont.pe@prf.gov.br","Pregão Eletrônico Registro de preços para eventual aquisição de aparelhos de ar con dicionado para atender a demanda da Superintend ência da Polícia Rodoviária Federal em Pernambu co,","Av. Antonio de Goes, 820 - Pina - Pina/PE",25313,2022-12-14,2022-12-01,2022-12-01,2022-12-01,2023-01-30T09:48:26,False,legado
9003105000662022,9003105662022,10761-94.2022.4.0,90031,5,PREGÃO,662022,Publicado,eletronico,Nacional,FRANCISCO REIS NOGUEIRA SOBRINHO,Pregoeiro,3.0,208617.52,213622.56,"Não será permitida a subcon tratação, no todo ou em parte, do objeto deste certame licitatório.Em caso de divergência entr e as especificações técnicas do objeto descrita s no Sistema SIASG do portal Comprasgovernament ais e as descritas neste Edital, prevalecerão e stas.","Pregão Eletrônico Renovação de licen ciamento e suporte do fabricante de solução de segurança Next Generation Firewall (NGFW), por 1 (um) ano, do Tribunal Regional Federal da 5ª Região.","Av. Cais do Apolo, S/n - Edf. Ministro Djaci Falcão - Bairro do Recife/PE",25313,2022-12-15,2022-12-01,2022-12-01,2022-12-01,2022-12-15T19:46:33,False,legado
15846405000092022,1584640592022,23295027025202231,158464,5,PREGÃO,92022,Publicado,eletronico,Nacional,JOSE LEONE DE OLIVEIRA JUNIOR,Coordenador de Compras,1.0,5100.0,5164.17,,"Pregão Eletrônico Escolha da propost a mais vantajosa para a contratação da prestaçã o de serviços continuados de empresa especializ ada em manutenção preventiva, corretiva e predi tiva e suporte em controle de acesso de pessoas às dependências do Centro de Pesquisa que faz parte do complexo de edificações do IFPE Campus Recife (catraca com leitor biométrico)",Av Prof. Luiz Freire 500 Bloco A- Leste - Cidade Universitária/PE,25313,2022-12-13,2022-12-01,2022-12-01,2022-12-01,2022-12-14T12:00:27,False,legado
16002305000102022,16002305102022,64408002059202256,160023,5,PREGÃO,102022,Publicado,eletronico,Nacional,PEDRO AFONSO DOS SANTOS JUNIOR,Ordenador de Despesas,37.0,7280.0,18270.84,,Pregão Eletrônico Aquisição de mater iais de consumo e permanente para o hotel de tr ânsito da 10ª Companhia de Engenharia de Combat e.,"Rod. Pe 180, Km 5 - São Bento do Una - Pe - /PE",25593,2022-12-15,2022-12-01,2022-12-01,2022-12-01,2023-05-08T14:33:17,False,legado
15316505000492022,15316505492022,23082029294202216,153165,5,PREGÃO,492022,Publicado,eletronico,Nacional,NATHALYA NOGUEIRA MENDES DO NASCIMENTO,Pregoeira,14.0,323123.45,402592.49,,"Pregão Eletrônico Aquisição de mater ial permanente, máquinas e equipamentos para at ender a necessidade de montagem da cozinha e es toque do Restaurante Universitário (RU) da Unid ade Acadêmica de Serra Talhada (UAST), da Unive rsidade Federal Rural de Pernambuco (UFRPE), co nforme condições, quantidades e exigências esta belecidas neste Edital e seus anexos.",Avenida Gregório Ferraz Nogueira S/n - José Tomé de Souza Ramos/PE,25313,2022-12-13,2022-12-01,2022-12-01,2022-12-01,2022-12-29T11:11:46,False,legado
15502205001172022,155022051172022,23536025307202294,155022,5,PREGÃO,1172022,Publicado,eletronico,Nacional,JOAO LUIZ CAVALCANTI MARANHAO DE ALBUQUERQUE,Chefe do Setor de Administração do Hc/ufpe - Ebserh,5.0,15000.0,29.09,Mais informações: (81) 2126 -3939.,"Pregão Eletrônico Registro de preços visando a eventual aquisição de Filmes Radioló gicos, incluída a cessão de equipamentos, para o Hospital das Clínicas de Pernambuco Filial EBSERH",Av. Professor Moraes Rego S/n - Cidade Universitária/PE,25313,2022-12-15,2022-12-02,2022-12-02,2022-12-02,2023-01-16T09:33:44,False,legado
15442199000062022,1544219962022,23402037746202265,154421,99,RDC,62022,Publicado,eletronico,Nacional,ANTONIO SABINO DA SILVA FILHO,Presidente Comissão Rdc,1.0,781491.58,849447.37,"Procedimento licitatório, a ser realizado por meio de Regime Diferenciado de Contratação Pública RDC, sob a forma elet rônica e em regime de empreitada por preço unit ário, visando à contratação de empresa especial izada para a execução da obra do almoxarifado do Projeto de Integração do Rio São Francisco, no campus de Ciências Agrárias.",Execução de obra do almoxarifado do Pro jeto de Integração do Rio São Franciscocam pus de Ciências Agrárias,Av.jose de Sa Maniçoba S/n Centro-campus Universitário Petrolina - Centro/PE,25216,2022-12-23,2022-12-02,2022-12-02,2022-12-02,2022-12-30T18:07:11,False,legado
17005805000182022,17005805182022,19615720468202238,170058,5,PREGÃO,182022,Publicado,eletronico,Nacional,DREYFUS DIOGENES DE LIMA,Chefe do Selic04,1.0,365300.0,384800.0,,Pregão Eletrônico Contratação de Ser viço continuado de destruição de mercadorias ap reendidas para a Superintendência da Receita Fe deral na 4ª RF e unidades participantes,"Av. Alfredo Lisboa, 1152, 2º Andar, Bairro do Recife Antigo - /PE",25313,2022-12-15,2022-12-02,2022-12-02,2022-12-02,2022-12-19T16:28:00,False,legado
11009605000202022,11009605202022,00587001353202205,110096,5,PREGÃO,202022,Publicado,eletronico,Nacional,FAYE SHIRLEY GONCALVES FIDELIS DE CARVALHO ALVES,Pregoeira,10.0,243200.0,39165.9,EDital disponível em: https ://www.gov.br/compras/pt-br,"Pregão Eletrônico Aquisição de equip amentos de AR CONDICIONADO, através de ARPAt a de Registro de Preços, para a Superintendênci a Regional de AdministraçãoSAD 5ª Região e s uas unidades jurisdicionadas, conforme condiçõe s, quantidades e exigências estabelecidas no AN EXO I do Termo de Referência.","Avenida Herculano Bandeira, 716 - Pina/PE",25313,2022-12-15,2022-12-02,2022-12-02,2022-12-02,2022-12-21T13:20:26,False,legado
92617105000402022,92617105402022,25800003096/2022 ,926171,5,PREGÃO,402022,Publicado,eletronico,Nacional,DIOGO JOSE ALVES BARBOZA,Pregoeiro,252.0,200.0,132874.17,"Em caso de divergência entr e as especificações do objeto contidas no Edita l (e anexos) e as contidas no comprasnet (CATMA T e CATSERV), para fins de cadastramento da lic itação, prevalecerão as especificações do instr umento convocatório da Hemobrás.","Pregão Eletrônico Aquisição, por mei o de Sistema de Registro de Preço, de reagentes de laboratório para o Bloco de Controle de Qua lidade (Bloco B06).","Rua Professor Aloisio Pessoa de Araújo, N. 75 - Boa Viagem/PE",25313,2022-12-14,2022-12-02,2022-12-02,2022-12-02,2023-02-23T11:37:30,False,legado
7001005000882022,7001005882022,0015566-96.2022  ,70010,5,PREGÃO,882022,Publicado,eletronico,Nacional,WILLAMS DE LUCENA ALVES,Pregoeiro,15.0,5058233.39,5944714.54,,"Pregão Eletrônico Serviços de teleco municações para prover a comunicação de dados e ntre o Tribunal Regional Eleitoral de Pernambuc o TRE/PE e as unidades da Justiça Eleitoral (AN EXO IV), com fornecimento de enlaces de comunic ação, insumos, serviço de implantação, operação e manutenção, de acordo com as especificações constantes do Termo de Referência (ANEXO I) do Edital.","Av. Gov. Agamenon Magalhaes, 1.160, 4º Andar, Sala 408 - Graças/PE",25313,2022-12-15,2022-12-02,2022-12-02,2022-12-02,2022-12-20T13:16:31,False,legado
15814905000172022,15814905172022,23302000268202266,158149,5,PREGÃO,172022,Publicado,eletronico,Nacional,FRANKLIN TORRES BRANDAO,Equipe de Apoio,12.0,,163698.11,,Pregão Eletrônico Aquisição de Soluç ão de Rede Sem Fio (WIRELESS).,"Rua Aristarco Lopes,nº 240- Centro - Centro/PE",25216,2022-12-14,2022-12-02,2022-12-02,2022-12-02,2023-11-29T13:25:08,False,legado
13501205000402022,13501205402022,21198003252202214,135012,5,PREGÃO,402022,Publicado,eletronico,Nacional,MARIA AUXILIADORA COELHO DE LIMA,Chefe Geral,9.0,22500.0,69545.0,,Pregão Eletrônico Registro de Preços para o eventual fornecimento de equipamentos d e informática,Br 428 Km 152 S/n Zona Rural Caixa Postal 023 - /PE,25216,2022-12-14,2022-12-02,2022-12-02,2022-12-02,2022-12-28T17:56:54,False,legado
39302905005022022,393029055022022,50604006232/19-69,393029,5,PREGÃO,5022022,Publicado,eletronico,Nacional,LEANDRO MIRANDA TEIXEIRA,Superintendente Substituto,1.0,,5419891.16,,"Pregão Eletrônico Contratação de emp resa para Execução dos Serviços de Implantação de Passarela, localizada no km 64,22 da Rodovi a BR-104/PE, na cidade de Caruaru/PE, a cargo do DNIT, sob a coordenação da Superintendência Regional DNIT/PE, segundo as condições, quanti dades, exigências e especificações estabelecida s no Termo de Referência, Anexo I.","Av.antonio de Gois, 820 Bairro Pina - Recife - /PE",25313,2022-12-14,2022-12-02,2022-12-02,2022-12-02,2022-12-13T15:46:21,False,legado
16019505000022022,1601950522022,64284003706202291,160195,5,PREGÃO,22022,Publicado,eletronico,Nacional,ANDRE LUIZ DE SOUZA MATOS,Ordenador de Despesas do Cmne,1.0,,4860.0,,"Pregão Eletrônico Cessão de uso a tí tulo oneroso de parcela do Imóvel PE 07 0128, medindo 8,87 m² (oito vírgula oitenta e sete m etros quadrados), para exercer atividade de apo io de barbearia, conforme condições, quantidade s e exigências estabelecidas neste instrumento.","Br 232, Km 07 Curado - Curado/PE",25313,2022-12-14,2022-12-02,2022-12-02,2022-12-02,2022-12-14T09:30:01,False,legado
8000605000532022,8000605532022,19.199/2022      ,80006,5,PREGÃO,532022,Publicado,eletronico,Nacional,FABIANO ANTONIO MARQUES GUEDES DA CRUZ FILHO,Pregoeiro,1.0,23898.0,23931.34,,Pregão Eletrônico Aquisição de termo visor para este TRT6.,"Cais do Apolo Nº 739, Bairro do Recife, Recife/pe. - /PE",25313,2022-12-15,2022-12-02,2022-12-02,2022-12-02,2022-12-26T20:39:35,False,legado
16022505000252022,16022505252022,64361007381202255,160225,5,PREGÃO,252022,Publicado,eletronico,Nacional,FELIPE GLASNER DE MAIA CHAGAS,Ordenador de Despesas,114.0,54038.43,10697.77,Email: licitacao.basecurado @gmail.com; Fone: (81) 2129-6635,"Pregão Eletrônico Aquisição de mater ial de pintura para atender as necessidades da Base Administrativa do Curado, OM Vinculadas e OM participantes do GCALC/7",Avenida Professor Luiz Freire N° 198 - Várzea/PE,25313,2022-12-14,2022-12-02,2022-12-02,2022-12-02,2023-12-14T09:32:22,False,legado
13001605000132022,13001605132022,21002001007202212,130016,5,PREGÃO,132022,Publicado,eletronico,Nacional,CARLAINE BATISTA DE CARVALHO,Pregoeira,34.0,,32331.47,,Pregão Eletrônico Aquisição de insum os para manutenção de Cabine de Segurança Bioló gica (CSB) e de Fluxo Laminar Unidirecional (FL U) em proveito do LFDA-PE.,Rua Dom Manoel de Medeiros S/n - Dois Irmaos - Dois Irmãos/PE,25313,2022-12-15,2022-12-02,2022-12-02,2022-12-02,2022-12-30T10:38:48,False,legado
27505799000052022,2750579952022,068/2022         ,275057,99,RDC,52022,Publicado,eletronico,Nacional,CARLOS ROBERTO SA BARRETO BARROS FILHO,Gerente Operacional,1.0,,398849.7,,"Contratação de empresa para execução de obras civis de recuperação de talude com erosã o entre as estações Marcos Freire e Curado, da linha sul diesel do sistema da CBTU/STU-REC cor forme projeto básico em anexo.","Rua José Natário,478 - Areias - Recife - Pe. - /PE",25313,2022-12-23,2022-12-02,2022-12-02,2022-12-02,2022-12-30T14:42:04,False,legado
9000905000362022,9000905362022,0003311-89.2021.4,90009,5,PREGÃO,362022,Publicado,eletronico,Nacional,JOSE IVAN BARBOSA DE MELO FERRAZ,Pregoeiro,33.0,11820.0,1282.89,,"Pregão Eletrônico Execução, sob o re gime de empreitada por preço global, de serviço s gráficos de impressão de material de divulgaç ão, com maquinário digital, e de serviços de di agramação, incluindo criação da arte gráfica, c om desenvolvimento de logomarcas, edição de ima gens e elaboração de layout nos itens descritos , além de criação de e-books, para suprir a nec essidade de divulgação institucional da Justiça Federal de Primeiro Grau em Pernambuco (JFPE), para registro de preços pelo pra","Av. Recife, 6250. Jiquiá . Recife Pe - Jiquiá/PE",25313,2022-12-15,2022-12-02,2022-12-02,2022-12-02,2022-12-19T10:39:22,False,legado
15668799000022022,1566879922022,23082030038202263,156687,99,RDC,22022,Publicado,eletronico,Nacional,CARLOS WILLIAN FERREIRA DE ARAUJO,Diretor Dp Departamento de Compras,3.0,,2246361.43,,"Escolha da proposta mais vantajosa para a contratação de empresa tecnicamente especial izada para aquisição de 03 (três) mini usinas f otovoltaicas, com potência total de pico de 327 kW, com intuito de reduzir de forma consistent e as despesas com energia elétrica da instituiç ão.","Av.bom Pastor, S/n, Bairro Boa   Vista - Garanhuns - Pe - /PE",24198,2022-12-23,2022-12-02,2022-12-02,2022-12-02,2022-12-15T13:36:29,False,legado
15316505000502022,15316505502022,23082027438202291,153165,5,PREGÃO,502022,Publicado,eletronico,Nacional,CAIO NEPOMUCENO DA SILVA,Pregoeiro,9.0,33114.76,100757.7,,Pregão Eletrônico Aquisição de eletr odomésticos e mobiliários para as residências e studantis da Universidade Federal Rural de Pern ambuco (UFRPE),Rua Dom Manoel de Medeiros S/n - Dois Irmaos - /PE,25313,2022-12-14,2022-12-02,2022-12-02,2022-12-02,2022-12-20T08:18:18,False,legado
78370205000092022,7837020592022,63066004102202273,783702,5,PREGÃO,92022,Publicado,eletronico,Nacional,JOSE ROBERTO GOMES CORREA MACEDO,Ordenador de Despesa,46.0,,1708.01,,Pregão Eletrônico Aquisição de dieta s e paraenterais para o Hospital Naval de Recif e.,"Avenida Cruz Cabuga, 1.200       Santo Amaro - /PE",25313,2022-12-19,2022-12-02,2022-12-02,2022-12-02,2023-02-23T13:11:01,False,legado
25442105000262022,25442105262022,25382000398202109,254421,5,PREGÃO,262022,Publicado,eletronico,Nacional,ANA CRISTINA NOVAES MAIA CHAGAS,Pregoeira,1.0,5750976.1,7037451.59,O edital e anexos estao dis ponives nos sites www.cpqam.fiocruz.br e www.tr ibutar.fiocruz.br,"Pregão Eletrônico Contratação de pre stação de apoio a gestão administrativa, comple mentares e acessórias visando acrescentar melho rias na qualidade dos serviços prestados, com d isponibilização de mão de obra em regime de ded icação exclusiva, que serão prestados nas condi ções estabelecidas no Termo de Referência, anex o do Edital",Av. Prof. Moraes Rego S/n - Cidade Universitaria - Campus da Ufpe - Cidade Univeristaria/PE,25313,2022-12-15,2022-12-05,2022-12-05,2022-12-05,2022-12-29T15:14:14,False,legado
15502205001182022,155022051182022,23536007812202257,155022,5,PREGÃO,1182022,Publicado,eletronico,Nacional,JOAO LUIZ CAVALCANTI MARANHAO DE ALBUQUERQUE,Chefe do Setor de Administração Hc/ufpe/ebserh,29.0,,11213.98,,"Pregão Eletrônico Registo de preços visando a eventual aquisição de Curativos e Ata duras para fixação, Bolsas de Ostomias e Acessó rios; e Material para Terapia de Pressão Negati va com cessão de Bomba Geradora de Vácuo, para o Hospital das Clínicas de Pernambuco Filial EBSERH",Av. Professor Moraes Rego S/n - Cidade Universitária/PE,25313,2022-12-15,2022-12-05,2022-12-05,2022-12-05,2023-03-22T11:30:40,False,legado
25704705000362022,25704705362022,25059003175202167,257047,5,PREGÃO,362022,Publicado,eletronico,Nacional,ANTONIO DE CARVALHO SA,Agente de Saúde Pública,77.0,3651984.67,4030880.67,,"Pregão Eletrônico Contratação da pre stação de serviços continuados de limpeza e con servação, com fornecimento de todos os materiai s e equipamentos com execução mediante o regime de empreitada por preço unitário, para atender às necessidades do DSEI-PE em sua sede, PolosBase Indígenas, polos administrativos avançados e CASAI.",Av. Norte Miguel Arraes de Alencar - Macaxeira/PE,25313,2023-01-12,2023-01-02,2023-01-02,2023-01-02,2023-03-21T10:29:57,False,legado
15502205000012023,1550220512023,23536026352202266,155022,5,PREGÃO,12023,Publicado,eletronico,Nacional,JOAO LUIZ CAVALCANTI MARANHAO DE ALBUQUERQUE,Chefe do Setor de Administração do Hc/ufpe - Ebserh,108.0,,160805.45,Mais informações: (81) 2126 -3939.,"Pregão Eletrônico Registro de preços visando a eventual aquisição de Órteses e Prót eses, com cessão de equipamentos e de instrumen tais, em regime de comodato, para o Hospital da s Clínicas de Pernambuco Filial EBSERH",Av. Professor Moraes Rego S/n - Cidade Universitária/PE,25313,2023-01-16,2023-01-03,2023-01-03,2023-01-03,2023-03-03T13:06:36,False,legado
13528505000042022,1352850542022,21449001510202148,135285,5,PREGÃO,42022,Publicado,eletronico,Nacional,DAYVSON CASSIANO LIMA DOS SANTOS,Pregoeiro,1.0,69900.0,149757.6,,"Pregão Eletrônico Contratação de Pes soa Jurídica especializada em serviços de Audit oria Médica, conforme condições e característic as estabelecidas no Termo de Referência.","Estrada do Barbalho,960 Iputinga - /PE",25313,2023-01-17,2023-01-03,2023-01-03,2023-01-03,2023-02-01T16:13:07,False,legado
17005505000012023,1700550512023,12883103977202292,170055,5,PREGÃO,12023,Publicado,eletronico,Nacional,BRUNA CAVALCANTI GALLE DE AGUIAR,Pregoeira/sra/pe,1.0,163956.0,221797.56,,"Pregão Eletrônico Contratação de emp resa especializada na prestação, de forma contí nua, dos serviços de limpeza, conservação, higi enização e asseio diário, com fornecimento de m ão de obra, todos os materiais de consumo, equi pamentos e ferramentas necessários e adequados à execução dos serviços, para atender as necess idades da Procuradoria-Regional da Fazenda Naci onal na 5ª Região (PRFN5) e do Escritório de Re presentação em Caruaru-PE (ER/CRU).","Av. Alfredo Lisboa, 1168 - Bairro do Recife/PE",25313,2023-01-13,2023-01-03,2023-01-03,2023-01-03,2023-02-08T10:27:28,False,legado
16019905000102022,16019905102022,64583001674202214,160199,5,PREGÃO,102022,Publicado,eletronico,Nacional,HAILTON ANTONIO CASARA CAVALCANTE,Ordenador de Despesas,244.0,,34599.84,"Ocorrendo possíveis divergê ncias entre a descrição do item contido neste T ermo e a descrição vinculada ao código do mater ial no sistema Comprasnet(CATMAT), prevalecerá a descrição contida no Anexo I do Edital -Termo de Referência.",Pregão Eletrônico Aquisição de Insum os Laboratoriais para atender as necessidades d o Hospital Militar de Área de Recife.,"Rua do Hospício, 563 - Boa Vista - Boa Vista/PE",25313,2023-01-30,2023-01-04,2023-01-04,2023-01-04,2023-05-17T10:02:14,False,legado
25442105000272022,25442105272022,25382000577202219,254421,5,PREGÃO,272022,Publicado,eletronico,Nacional,ANA CRISTINA NOVAES MAIA CHAGAS,Pregoeira,38.0,1319.7,2908.01,O edital e anexos estão dis ponives nos sites www.cpqam.fiocruz.br e www.tr ibutar.fiocruz.br,"Pregão Eletrônico Aquisição de mater ial de MATERIAL LABORATORIAL, HOSPITALAR E REAG ENTES para uso dos laboratórios do IAM pelo per íodo de 12 meses (Lista básica 2ªlicitação), un idade da Fundação Oswaldo Cruz FIOCRUZ em Per nambuco, conforme especificações, quantidades, condições estabelecidas neste instrumento",Av. Prof. Moraes Rego S/n - Cidade Universitaria - Campus da Ufpe - Cidade Universitaria/PE,25313,2023-01-17,2023-01-04,2023-01-04,2023-01-04,2023-01-25T09:07:04,False,legado
12063202000012023,1206320212023,67614007818202220,120632,2,TOMADA DE PREÇOS,12023,Publicado,presencial,Nacional,PAULO HENRIQUE ALVES CAVALCANTI,Ordenador de Despesas,1.0,,1108839.34,,"Contratação de empresa para reforma das instalações e vila residencial do Destacamento de Controle do Espaço Aéreo de Imperatriz (DTC EA-IZ), incluindo mão de obra especializada, be m como material necessário.","Av. Armindo Moura, 500 - Boa Viagem/PE",25313,,2023-01-04,2023-01-24,2023-01-04,2023-01-03T12:34:09,False,legado
51067705000952022,51067705952022,35014017371202270,510677,5,PREGÃO,952022,Publicado,eletronico,Nacional,MAGNO DE MESQUITA SILVA,Pregoeiro,3.0,733347.64,1391876.26,,"Pregão Eletrônico Contratação da pre stação dos serviços de Manutenção, Operação e C ontrole (PMOC) com atividades corretivas e prev entivas em abrangência integral, monitoramento e análise da qualidade do ar interior de ambien tes climatizados, eventual instalação de condic ionadores de ar tipo split , limpeza e higieniz ação de dutos, fornecimento de peças sob demand a e realização de serviços sob demanda para os sistemas de climatização das unidades administr ativas do INSS do estado da Bahia.","Av. Dantas Barreto, Nº 300 , Sala 101 - Santo Antonio/PE",25313,2023-01-16,2023-01-04,2023-01-04,2023-01-04,2023-02-02T22:43:26,False,legado
16020105000012022,1602010512022,64329003915202271,160201,5,PREGÃO,12022,Publicado,eletronico,Nacional,MARCIO LEANDRO ALVES DE AREDES,Ordenador de Despesas,1.0,,423114.34,,Pregão Eletrônico Serviço de Reparaç ão da rede elétrica de média e baixa tensão do 4º BPE.,"Av Norte, 245 - Santo Amaro/PE",25313,2023-01-19,2023-01-04,2023-01-04,2023-01-04,2023-01-27T10:13:13,False,legado
15308005000032023,1530800532023,23076006956202047,153080,5,PREGÃO,32023,Publicado,eletronico,Nacional,RODRIGO DANNIEL DA SILVA ALEXANDRE,Coordenador de Licitações,71.0,2538.75,9126.63,Para maiores informações: ( 81) 2126-8065.,"Pregão Eletrônico REGISTRO DE PREÇOS para eventual aquisição de MATERIAL HIDRÁULICO GALVANIZADO (buchas de redução, união, válvula s etc.) para atender as necessidades da Univers idade Federal de PernambucoUFPE, conforme co ndições, quantidades e exigências estabelecidas neste Edital.",Avenida da Arquitetura-s/n - Cidade Universitária/PE,25313,2023-01-30,2023-01-06,2023-01-06,2023-01-06,2023-03-31T14:07:53,False,legado
12063202000022023,1206320222023,67614007815202296,120632,2,TOMADA DE PREÇOS,22023,Publicado,presencial,Nacional,PAULO HENRIQUE ALVES CAVALCANTI,Ordenador de Despesas,1.0,,1454980.28,,"Contratação de empresa de engenharia pa ra RECUPERAÇÃO DAS ESTRUTURAS METÁLICAS DO NOA, KF, KT RADAR E KT VHF E REPARAÇÃO DAS INSTALAÇ ÕES DO DTCEA-SL","Av. Armindo Moura, 500 - Boa Viagem/PE",25313,,2023-01-06,2023-01-27,2023-01-06,2023-01-23T12:51:57,False,legado
15502205000022023,1550220522023,23536023375202219,155022,5,PREGÃO,22023,Publicado,eletronico,Nacional,JOAO LUIZ CAVALCANTI MARANHAO DE ALBUQUERQUE,Chefe do Setor de Administração do Hc/ufpe - Ebserh,15.0,,517.85,Mais informações: (81) 2126 -3939.,Pregão Eletrônico Registro de preços visando a eventual aquisição de Produtos Quími cos para atender demanda do Hospital das Clínic as de PernambucoFilial Ebserh.,Av. Professor Moraes Rego S/n - Cidade Universitária/PE,25313,2023-01-19,2023-01-06,2023-01-06,2023-01-06,2023-04-03T09:28:32,False,legado
78370205000132022,78370205132022,63066006313202241,783702,5,PREGÃO,132022,Publicado,eletronico,Nacional,JOSE ROBERTO GOMES CORREA MACEDO,Ordenador de Despesa,1.0,,42000.0,,"Pregão Eletrônico Contratação de emp resa especializada no serviço de Coleta, Transp orte, Tratamento e Disposição Final de Resíduo s de Serviços de Saúde (RSS), com fornecimento de bombonas de polietileno de alta densidade, c ontendo a capacidade de armazenar 200 litros/25 Kg, para atender as necessidades do Hospital N aval de Recife (HNRe), conforme condições, quan tidades e exigências estabelecidas no Edital e seus anexos.","Avenida Cruz Cabuga, 1.200 - Santo Amaro/PE",25313,2023-01-18,2023-01-06,2023-01-06,2023-01-06,2023-01-18T10:00:01,False,legado
15308005000382022,15308005382022,23076047583202285,153080,5,PREGÃO,382022,Publicado,eletronico,Nacional,RODRIGO DANNIEL DA SILVA ALEXANDRE,Coordenador de Licitações,131.0,,3138.7,Para maiores informações: ( 81)2126-8065.,"Pregão Eletrônico REGISTRAR PREÇOS p ara eventual aquisição de MATERIAL CONSUMO MÉDI CO E HOSPITALAR (máscaras, jalecos, bisturis de scartáveis etc.) para atender as necessidades d a Universidade Federal de Pernambuco, conforme condições, quantidades e exigências estabelecid as neste Edital.",Avenida da Arquitetura-s/n - Cidade Universitária/PE,25313,2023-01-26,2023-01-06,2023-01-06,2023-01-06,2023-01-12T11:07:25,False,legado
15308005000042023,1530800542023,23076047598202368,153080,5,PREGÃO,42023,Publicado,eletronico,Nacional,RODRIGO DANNIEL DA SILVA ALEXANDRE,Coordenador de Licitações,51.0,,133680.37,Para maiores informações: ( 81) 2126-8065.,"Pregão Eletrônico REGISTRO DE PREÇOS para eventual aquisição de EQUIPAMENTOS DE ÁUD IO, VÍDEO E FOTO (televisores, câmeras fotográf icas, sistemas de som e demais), para atender a s necessidades da Universidade Federal de Perna mbuco UFPE, conforme condições, quantidades e exigências estabelecidas neste Edital.",Avenida da Arquitetura-s/n - Cidade Universitária/PE,25313,2023-01-18,2023-01-06,2023-01-06,2023-01-06,2023-01-12T13:38:23,False,legado
15518005000612022,15518005612022,23542010635202215,155180,5,PREGÃO,612022,Publicado,eletronico,Nacional,LUCIANA FERREIRA DOS SANTOS,Agente de Licitação,73.0,680.4,2700.58,,"Pregão Eletrônico Registro de preços objetivando eventual aquisição de medicamentos que devem estar registrados conforme consulta no endereço eletrônico: MEDICAMENTOS REGISTRADO S ANVISA, visando suprir as demandas dos serv iços de saúde realizados no Hospital de Ensino Doutor Washington Antônio de Barros / HU-Univas f.",Av Jose de Sá Maniçoba S/n Centro - Centro/PE,25216,2023-01-18,2023-01-06,2023-01-06,2023-01-06,2023-10-19T09:09:58,False,legado
17005805000012023,1700580512023,19615720437202287,170058,5,PREGÃO,12023,Publicado,eletronico,Nacional,DREYFUS DIOGENES DE LIMA,Chefe do Selic04,1.0,480900.0,1234608.71,,"Pregão Eletrônico Contratação de ser viço de manutenção preventiva e corretiva do pa rque de nobreaks da 4ª Região FiscalEstados de Alagoas, Paraíba, Pernambuco e Rio Grande do Norte","Av. Alfredo Lisboa, 1152, 2º Andar, Bairro do Recife Antigo - /PE",25313,2023-01-18,2023-01-06,2023-01-06,2023-01-06,2023-02-01T10:08:08,False,legado
15502205000032023,1550220532023,23536018154202229,155022,5,PREGÃO,32023,Publicado,eletronico,Nacional,JOAO LUIZ CAVALCANTI MARANHAO DE ALBUQUERQUE,Chefe do Setor de Administração do Hc/ufpe - Ebserh,35.0,,1079.83,Mais informações: (81) 2126 -3939.,Pregão Eletrônico Registro de preços visando a eventual aquisição de Medicamentos e Materiais Químicos Manipulados para o Hospital das Clínicas de Pernambuco Filial EBSERH,Av. Professor Moraes Rego S/n - Cidade Universitária/PE,25313,2023-01-23,2023-01-09,2023-01-09,2023-01-09,2023-03-08T16:46:11,False,legado
16019405000012022,1601940512022,64318001700202244,160194,5,PREGÃO,12022,Publicado,eletronico,Nacional,FREDERICO GIESEN,Ordenador de Despesas,1.0,24056.8,25524.83,,Pregão Eletrônico Serviço de Manuten ção de Subestação Abrigada 600 KVA.,"Av. Visconde de Sao Leopoldo, 198 - Engenho do Meio - Várzea/PE",25313,2023-01-19,2023-01-09,2023-01-09,2023-01-09,2023-01-24T10:12:35,False,legado
25442105000282022,25442105282022,25382000650202252,254421,5,PREGÃO,282022,Publicado,eletronico,Nacional,ANA CRISTINA NOVAES MAIA CHAGAS,Pregoeira,1.0,50400.0,21.61,O edital e anexos estao dis poniveis para consulta e retirada nos sites www .triburar.fiocruz.br www.cpqam.fiocruz.br,"Pregão Eletrônico Aquisição de dióxi do de carbono sólido (gelo seco) destinado aos laboratórios do Instituto Aggeu Magalhães IAM /Fiocruz, conforme condições, quantidades, exig ências e estimativas, estabelecidas neste docum ento",Av. Prof. Moraes Rego S/n - Cidade Universitaria - Campus da Ufpe - Cidade Univeristaria/PE,25313,2023-02-13,2023-02-01,2023-02-01,2023-02-01,2023-02-17T11:37:19,False,legado
15518005000532022,15518005532022,23542006106202217,155180,5,PREGÃO,532022,Publicado,eletronico,Nacional,GILBERIO ITALO DE ARAUJO SANTOS,Agente de Licitação,1.0,61500.0,84000.0,,Pregão Eletrônico Contratação de EMP RESA ESPECIALIZADA PARA PRESTAÇÃO DE SERVIÇOS C ONTÍNUOS DE MANUTENÇÃO PREVENTIVA E CORRETIVA E M ELEVADORES COM APLICAÇÃO DE PEÇAS E ACESSÓRIO S INCLUSA para o HOSPITAL DE ENSINO DR. WASHING TON ANTÔNIO DE BARROS / HU-UNIVASF.,Av Jose de Sá Maniçoba S/n Centro - Centro/PE,25216,2023-02-27,2023-02-01,2023-02-01,2023-02-01,2023-03-14T16:05:39,True,legado
15308005000062023,1530800562023,23076017709202231,153080,5,PREGÃO,62023,Publicado,eletronico,Nacional,RODRIGO DANNIEL DA SILVA ALEXANDRE,Coordenador de Licitações,61.0,,4015.94,Para maiores informações: ( 81) 2126-7032.,"Pregão Eletrônico Registro de preços para eventual aquisição de MATERIAL ELÉTRICO ( fornecimento e entrega) para atender as necessi dades da Universidade Federal de Pernambuco, co nforme condições, quantidades e exigências esta belecidas no edital.",Avenida da Arquitetura-s/n - Cidade Universitária/PE,25313,2023-02-15,2023-02-02,2023-02-02,2023-02-02,2023-11-20T16:42:23,False,legado
15308005000092023,1530800592023,23076047567202232,153080,5,PREGÃO,92023,Publicado,eletronico,Nacional,RODRIGO DANNIEL DA SILVA ALEXANDRE,Coordenador de Licitações,63.0,1257.3,55437.98,Para maiores informações: ( 81) 2126-7032.,"Pregão Eletrônico Registro de preços para eventual aquisição de ELETRODOMÉSTICOS E UTILIDADES (adaptadores, aparelhos telefônicos, ventiladores etc.) para atender as necessidade s da Universidade Federal de Pernambuco, confor me condições, quantidades e exigências estabele cidas no edital.",Avenida da Arquitetura-s/n - Cidade Universitária/PE,25313,2023-02-16,2023-02-02,2023-02-02,2023-02-02,2024-06-05T11:20:49,False,legado
15442105000402022,15442105402022,23402042111202280,154421,5,PREGÃO,402022,Publicado,eletronico,Nacional,SILVIA LETICIA DE FRANCA SOUZA,Pregoeira,9.0,366.0,1460.84,,"Pregão Eletrônico Aquisição de Vasi lhame (Botijão 13kg), Gás 45Kg e Gás GLP 13kg, visando suprir demandas da logística da institu ição e das coordenações administrativas dos cam pi.",Av.jose de Sa Maniçoba S/n Centro-campus Universitário Petrolina - Centro/PE,25216,2023-02-14,2023-02-02,2023-02-02,2023-02-02,2023-03-20T10:17:45,False,legado
27505705000532022,27505705532022,075              ,275057,5,PREGÃO,532022,Publicado,eletronico,Nacional,PRISCILA SANTOS QUEIROZ,Ang - Administrador,24.0,600.0,8257.33,,"Pregão Eletrônico Eventual aquisição de PEÇAS CATERPILLAR PARA LOCOMOTIVA, conforme as especificações, quantidades e condições est abelecidas neste instrumento convocatório e seu s anexos.","Rua José Natário,478 - Areias - Recife - Pe. - /PE",25313,2023-02-14,2023-02-02,2023-02-02,2023-02-02,2023-03-13T12:14:59,False,legado
15308005000102023,15308005102023,23076047583202285,153080,5,PREGÃO,102023,Publicado,eletronico,Nacional,RODRIGO DANNIEL DA SILVA ALEXANDRE,Coordenador de Licitações,131.0,,3161.62,Para maiores informações: ( 81) 2126-7032.,"Pregão Eletrônico REGISTRO de PREÇOS para eventual aquisição de MATERIAL MÉDICO E H OSPITALAR (máscaras, jalecos, bisturis descartá veis, etc.) para atender as necessidades da Un iversidade Federal de Pernambuco, conforme cond ições, quantidades e exigências estabelecidas n este Edital.",Avenida da Arquitetura-s/n - Cidade Universitária/PE,25313,2023-02-16,2023-02-02,2023-02-02,2023-02-02,2023-12-11T15:56:13,False,legado
13501205000012023,1350120512023,21198000240202319,135012,5,PREGÃO,12023,Publicado,eletronico,Nacional,MARIA AUXILIADORA COELHO DE LIMA,Chefe Geral,4.0,38790.0,107192.0,,Pregão Eletrônico Aquisição de SEMEN TES,Br 428 Km 152 S/n Zona Rural Caixa Postal 023 - /PE,25216,2023-02-14,2023-02-02,2023-02-02,2023-02-02,2023-02-14T16:19:22,False,legado
15308005000082023,1530800582023,23076047598202268,153080,5,PREGÃO,82023,Publicado,eletronico,Nacional,RODRIGO DANNIEL DA SILVA ALEXANDRE,Coordenador de Licitações,51.0,62031.0,133680.37,Para maiores informações: ( 81) 2126-7032.,"Pregão Eletrônico Registro de Preços para eventual aquisição de EQUIPAMENTOS DE ÁU DIO, VÍDEO E FOTO (televisores, câmeras fotográ ficas, sistemas de som e demais), para atender as necessidades da Universidade Federal de Pern ambuco UFPE, conforme condições, quantidades e exigências estabelecidas Edital.",Avenida da Arquitetura-s/n - Cidade Universitária/PE,25313,2023-02-15,2023-02-02,2023-02-02,2023-02-02,2024-07-04T15:10:57,False,legado
15308005000322022,15308005322022,23076034988202171,153080,5,PREGÃO,322022,Publicado,eletronico,Nacional,RODRIGO DANNIEL DA SILVA ALEXANDRE,Coordenador de Licitações,77.0,98280.0,138818.62,Mais informações: 81.2126.8 065,Pregão Eletrônico Registro de Preços para eventual aquisição de MOBILIÁRIO ADMINIST RATIVO para atender as necessidades da Universi dade Federal de Pernambuco.,"Av. da Arquitetura, S/n - Cidade Universitária/PE",25313,2023-02-16,2023-02-02,2023-02-02,2023-02-02,2023-08-01T18:09:47,False,legado
9003105000022023,900310522023,5676-30.2022.4.05,90031,5,PREGÃO,22023,Publicado,eletronico,Nacional,FRANCISCO REIS NOGUEIRA SOBRINHO,Pregoeiro,206.0,,23383.07,"Não será permitida a subcon tratação, no todo ou em parte, do objeto deste certame licitatório.Em caso de divergência entr e as especificações técnicas do objeto descrita s no Sistema SIASG do portal Comprasgovernament ais e as descritas neste Edital, prevalecerão e stas.","Pregão Eletrônico Registro de preço para aquisições dos materiais de consumo da áre a da saúde (medicina, odontologia e enfermagem) que compõem o Núcleo de Assistência à Saúde do TRF 5ª Região.","Av. Cais do Apolo, S/n - Edf. Ministro Djaci Falcão - Bairro do Recife/PE",25313,2023-02-15,2023-02-02,2023-02-02,2023-02-02,2023-03-24T13:47:02,False,legado
34400205000022023,3440020522023,450/2022-36      ,344002,5,PREGÃO,22023,Publicado,eletronico,Nacional,MARIA BARROS GALLIZA GOMES,Diretor de Planejamento e Administração em Exercicio,1.0,41000.0,82.5,,"Pregão Eletrônico O objeto da presen te licitação é a escolha da proposta mais vanta josa para Contratação de empresa especializada para prestação de serviço eventual de profissio nais fotógrafos, por meio de ata de registro de preços, pelo prazo de 12 (doze) meses visando atender à demanda da Diretoria de Memória, Educ ação, Cultura e Arte (Dimeca), conforme condiçõ es, quantidades e exigências estabelecidas nest e Edital e seus anexos.","Av. 17 de Agosto, 2187 - Casa_forte - /PE",25313,2023-02-27,2023-02-03,2023-02-03,2023-02-03,2023-08-18T16:18:17,False,legado
16020105000032023,1602010532023,64329003915202271,160201,5,PREGÃO,32023,Publicado,eletronico,Nacional,MARCIO LEANDRO ALVES DE AREDES,Ordenador de Despesas,1.0,373000.0,470157.01,,Pregão Eletrônico Contratação de emp resa especializada para reparação de rede elétr ica de média e baixa tensão do 4º Batalhão de P ol[icia do Exército.,"Av Norte, 245 - Santo Amaro - Santo Amaro/PE",25313,2023-02-23,2023-02-03,2023-02-03,2023-02-03,2023-03-28T15:43:59,True,legado
27505705000022023,2750570522023,002              ,275057,5,PREGÃO,22023,Publicado,eletronico,Nacional,PRISCILA SANTOS QUEIROZ,Ang - Administrador,6.0,795.0,219.13,,Pregão Eletrônico Eventual Aquisição de materiais para válvula de descarga Hydra pa ra atendimento da demanda da CBTU-STU/REC.,"Rua José Natário,478 - Areias - Recife - Pe. - /PE",25313,2023-02-15,2023-02-03,2023-02-03,2023-02-03,2023-02-23T12:54:49,False,legado
11009605000042023,1100960542023,00587001758202235,110096,5,PREGÃO,42023,Publicado,eletronico,Nacional,SARAH LEANDRO VALENCA REGUEIRA,Pregoeira,1.0,74100.0,105250.0,"O edital e seus anexos enco ntram-se disponíveis no Portal de Compras de Co mpras do Governo Federal e no Portal da AGU, no endereço eletrônico, respectivamente: https:// www.gov.br/compras/ptbr/ e https://antigo.agu.g ov.br/servico/licitacao",Pregão Eletrônico Contratação de emp resa especializada para prestação de serviços d e manutenção preventiva e corretiva em grupo ge rador à diesel e na subestação elétrica da unid ade da AdvocaciaGeral da União situada em Ara caju-SE,"Avenida Herculano Bandeira, 716 - Pina/PE",25313,2023-02-15,2023-02-03,2023-02-03,2023-02-03,2023-03-07T23:48:53,False,legado
16019905000132022,16019905132022,64583002625202207,160199,5,PREGÃO,132022,Publicado,eletronico,Nacional,HAILTON ANTONIO CASARA CAVALCANTE,Ordenador de Despesas,124.0,,12212.6,,Pregão Eletrônico Aquisição de produ tos para Saúde CME e Saneantes e outros com f ornecimento de equipamentos em regime de comoda to.,"Rua do Hospício, 563 - Boa Vista - Boa Vista/PE",25313,2023-02-15,2023-02-03,2023-02-03,2023-02-03,2023-12-14T10:57:04,False,legado
27505705000822022,27505705822022,111              ,275057,5,PREGÃO,822022,Publicado,eletronico,Nacional,PRISCILA SANTOS QUEIROZ,Ang - Administrador,1.0,54400.0,3500.0,,"Pregão Eletrônico Eventual aquisição de PNEUS AUTOMOTIVOS, conforme as especificaçõ es, quantidades e condições estabelecidas neste instrumento convocatório e seus anexos.","Rua José Natário,478 - Areias - Recife - Pe. - /PE",25313,2023-03-16,2023-02-03,2023-02-03,2023-02-03,2023-04-25T15:46:27,False,legado
41300705000022023,4130070522023,53532000413202266,413007,5,PREGÃO,22023,Publicado,eletronico,Nacional,THIAGO CARDOSO HENRIQUES BOTELHO,Gerente Regional,1.0,129999.18,149869.02,Licitação exclusiva para mi croempresas e empresas de pequeno porte (ME/EPP ),"Pregão Eletrônico Contratação de emp resa para prestação de serviços de limpeza e co nservação, incluindo o fornecimento, sob demand a, de materiais, utensílios e equipamentos, par a a Unidade Operacional no Estado de Alagoas UO6.1, da Agência Nacional de Telecomunicações Anatel, pelo período inicial de 30 (trinta) m eses","Rua Joaquim Bandeira, Nº 492] - Imbiribeira/PE",25313,2023-02-16,2023-02-06,2023-02-06,2023-02-06,2023-02-27T19:21:11,False,legado
25704705000052023,2570470552023,25059003691202272,257047,5,PREGÃO,52023,Publicado,eletronico,Nacional,ANTONIO DE CARVALHO SA,Agente de Saúde Pública,34.0,,5.72,,"Pregão Eletrônico A aquisição de Med icamentos anti-hipertensivos, antidiabéticos, a ntiarrítmicos e antitrombóticos para atender às necessidades do Distrito Sanitário Especial In dígena Pernambuco (DSEI-PE).",Av. Norte Miguel Arraes de Alencar - Macaxeira/PE,25313,2023-02-16,2023-02-06,2023-02-06,2023-02-06,2023-03-21T12:15:16,False,legado
16020005000022023,1602000522023,64621018751202271,160200,5,PREGÃO,22023,Publicado,eletronico,Nacional,MARCEL PASSOS ZYLBERBERG,Ordenador de Despesas,24.0,188400.0,14721.0,"Devido à nova catalogação d e material/serviço do Siasgnet, esclarecemos qu e não existem alguns códigos apropriados à nece ssidade desta unidade conforme estabelecido no Termo de Referência. Sendo assim, haverá diverg ência entre a descrição detalhada disponibiliza da no Comprasnet e a do Edital. Nesse sentido, os senhores licitantes, ao cadastrarem suas pro postas no sistema eletrônico deverão considerar as descrições detalhadas do Termo de Referênci a.",Pregão Eletrônico Aquisição de Bater ias Automotivas,Av. 17 de Agosto 784 - Casa Forte - Casa Forte/PE,25313,2023-02-16,2023-02-06,2023-02-06,2023-02-06,2023-03-31T11:14:13,False,legado
27505705000482022,27505705482022,69               ,275057,5,PREGÃO,482022,Publicado,eletronico,Nacional,SAVYO DOS SANTOS SOUZA,Analista de Gestão,1.0,23950.5,589.5,,Pregão Eletrônico Eventual aquisição de roteadores mikrotik conforme termo de refer ência.,"Rua José Natário,478 - Areias - Recife - Pe. - /PE",25313,2023-03-02,2023-02-06,2023-02-06,2023-02-06,2023-03-13T12:24:39,False,legado
16008405000062022,1600840562022,64257003405202294,160084,5,PREGÃO,62022,Publicado,eletronico,Nacional,EMERSON BEZERRA DE LIMA,Ordenador de Despesas,18.0,22464.0,36430.91,,"Pregão Eletrônico Contratação de emp resa especializada na prestação de serviços de locação de cabines sanitárias, palanque em estr utura metálica, gradil em aço galvanizado para isolamento de área e contenção de público, bem como de locação de arquibancadas modulares, car petes e palcos com fornecimento de materiais e pessoal necessários à execução, de forma não co ntinuada, para o emprego em eventos institucion ais do Colégio Militar do Recife e das Organiza ções Militares da guarnição de R.","Av.visconde de Sao Leopoldo , 198, Engenho do Meio - Recife - Pe - /PE",25313,2023-02-16,2023-02-06,2023-02-06,2023-02-06,2023-11-29T14:42:56,False,legado
16018305000012023,1601830512023,64108034702202295,160183,5,PREGÃO,12023,Publicado,eletronico,Nacional,VINICIUS EHRICH RAMOS ESTRELA,Ordenaor de Despesas,7.0,63000.0,1947.32,,Pregão Eletrônico Eventual aquisição de uniforme especial de caatinga.,"Av. Cardoso de Sa, S/n - Vila Eduardo - /PE",25216,2023-02-16,2023-02-06,2023-02-06,2023-02-06,2023-03-08T09:18:55,False,legado
12063202000072023,1206320272023,67614024620202219,120632,2,TOMADA DE PREÇOS,72023,Publicado,presencial,Nacional,RODRIGO ANTONIO SILVEIRA DOS SANTOS,Ordenador de Despesas,1.0,,628096.03,,"Contratação de empresa para reparação d as instalações do DESTACAMENTO DE CONTROLE DO E SPAÇO AÉREO DE SALVADOR/BA (DTCEA-SV), incluind o mão de obra especializada, bem como material necessário, conforme Projeto Básico (ANEXO 1) e anexos.",Av Armindo Moura - Boa Viagem/PE,25313,,2023-04-03,2023-04-18,2023-04-03,2023-06-19T11:19:14,False,legado
12063202000092023,1206320292023,67614024372202206,120632,2,TOMADA DE PREÇOS,92023,Publicado,presencial,Nacional,RODRIGO ANTONIO SILVEIRA DOS SANTOS,Ordenador de Despesas,1.0,,439844.67,,"Contratação de empresa para construção de muro perimetral e estacionamento coberto no DESTACAMENTO DE CONTROLE DO ESPAÇO AÉREO DE SAL VADOR/BA (DTCEA-SV), incluindo mão de obra espe cializada, bem como material necessário.",Av Armindo Moura - Boa Viagem/PE,25313,,2023-04-03,2023-04-20,2023-04-03,2023-10-31T10:11:19,False,legado
15502205000262023,15502205262023,23536002559202245,155022,5,PREGÃO,262023,Publicado,eletronico,Nacional,JOAO LUIZ CAVALCANTI MARANHAO DE ALBUQUERQUE,Chefe do Setor de Administração do Hc/ufpe - Ebserh,4.0,31600.0,692356.96,Mais informações: (81) 2126 -3939.,"Pregão Eletrônico Registro de preços visando a eventual aquisição de equipamentos d e infraestrutura de Data Center Solução de ar mazenamento em disco, visando atender às deman das do Hospital das Clínicas de Pernambuco Fi lial Ebserh.",Av. Professor Moraes Rego S/n - Cidade Universitária/PE,25313,2023-04-18,2023-04-03,2023-04-03,2023-04-03,2023-05-19T14:44:15,False,legado
12063202000102023,12063202102023,67614023875202256,120632,2,TOMADA DE PREÇOS,102023,Publicado,presencial,Nacional,RODRIGO ANTONIO SILVEIRA DOS SANTOS,Ordenador de Despesas,1.0,,377375.37,,"Contratação de empresa para recuperação da estrutura e reforma das instalações do préd io operacional do DESTACAMENTO DE CONTROLE DO E SPAÇO AÉREO DE SÃO LUIS/MA (DTCEA-SL), incluind o mão de obra especializada, bem como material necessário.",Av Armindo Moura - Boa Viagem/PE,25313,,2023-04-03,2023-04-24,2023-04-03,2023-09-27T09:14:34,False,legado
11009605000102023,11009605102023,0058700026/202358,110096,5,PREGÃO,102023,Publicado,eletronico,Nacional,FAYE SHIRLEY GONCALVES FIDELIS DE CARVALHO ALVES,Pregoeira,1.0,224871.86,356926.07,Edital e anexos disponíveis nos sites: https://www.gov.br/compras/pt-br/ e https://antigo.agu.gov.br/servico/licitacao,"Pregão Eletrônico Contratação de emp resa especializada para elaborar projetos básic os e executivos visando demonstrar a melhor for ma de ocupação de parte dos pavimentos do prédi o da Receita Federal do Brasil, em Salvador/BA, para instalar as Procuradorias Federal e da Un ião no Estado da Bahia.","Avenida Herculano Bandeira, 716 - Pina/PE",25313,2023-04-17,2023-04-03,2023-04-03,2023-04-03,2023-05-10T16:01:15,False,legado
12063202000082023,1206320282023,67614023877202245,120632,2,TOMADA DE PREÇOS,82023,Publicado,presencial,Nacional,RODRIGO ANTONIO SILVEIRA DOS SANTOS,Ordenador de Despesas,1.0,,155854.29,,"Contratação de empresa especializada pa ra construção de base de concreto para instalaç ão de antena na ESTAÇÃO DE APOIO AO CONTROLE DO ESPAÇO AÉREO DE PARNAÍBA/PI (EACEA-PNB), inclu indo mão de obra especializada, bem como materi al necessário.",Av Armindo Moura - Boa Viagem/PE,25313,,2023-04-03,2023-04-19,2023-04-03,2023-06-19T11:20:05,False,legado
16019905000052023,1601990552023,64583019874202223,160199,5,PREGÃO,52023,Publicado,eletronico,Nacional,HAILTON ANTONIO CASARA CAVALCANTE,Ordenador de Despesas,305.0,,18973.09,"Ocorrendo possíveis divergê ncias entre a descrição do item contido neste t ermo e a descrição vinculada ao código do mater ial no sistema comprasnet(CATMAT), prevalecerá a descrição contida no anexo I do Edital Term o de Referência.",Pregão Eletrônico Aquisição de medic amentos gerais I (GCALC) para o Hospital Mili tar de Área de Recife e Órgãos participantes.,"Rua do Hospício, 563 - Boa Vista - Boa Vista/PE",25313,2023-04-14,2023-04-03,2023-04-03,2023-04-03,2023-11-14T15:41:31,False,legado
12063205000182023,12063205182023,67223014127202286,120632,5,PREGÃO,182023,Publicado,eletronico,Nacional,RODRIGO ANTONIO SILVEIRA DOS SANTOS,Ordenador de Despesas,187.0,2700.0,72287.25,,"Pregão Eletrônico Registro de prec o s para aquisic a o de material de consumo de in forma tica, para atender a s necessidades das u nidades militares da Guarnic a o de Aerona utic a de Recife (GUARNAER-RF).",Av Armindo Moura - Boa Viagem/PE,25313,2023-04-19,2023-04-04,2023-04-04,2023-04-04,2023-10-16T15:53:09,False,legado
9003105000042023,900310542023,1363-89.2023.4.05,90031,5,PREGÃO,42023,Publicado,eletronico,Nacional,FRANCISCO REIS NOGUEIRA SOBRINHO,Pregoeiro,6.0,42400.0,220150.6,"Não será permitida a subcon tratação, no todo ou em parte, do objeto deste certame licitatório.Em caso de divergência entr e as especificações técnicas do objeto descrita s no Sistema SIASG do portal Comprasgovernament ais e as descritas neste Edital, prevalecerão e stas.",Pregão Eletrônico Aquisição de apare lhos telefônicos móveis digitais 4/5G (smartpho nes) para o Tribunal Regional Federal da 5ª Reg ião.,"Av. Cais do Apolo, S/n - Edf. Ministro Djaci Falcão - Bairro do Recife/PE",25313,2023-04-20,2023-04-04,2023-04-04,2023-04-04,2023-08-22T14:42:28,False,legado
27505705000722022,27505705722022,99               ,275057,5,PREGÃO,722022,Publicado,eletronico,Nacional,SAVYO DOS SANTOS SOUZA,Analista de Gestão,1.0,2223297.2,3083609.33,,"Pregão Eletrônico Prestação de servi ços de manutenção corretiva e preventiva na cen tral de refrigeração do eoa, de 200 toneladas d e refrigeração, e de serviços de tratamento fís ico/químico da água gelada e condensada dos sis temas e análise da qualidade do ar conforme ter mo de referência.","Rua José Natário,478 - Areias - Recife - Pe. - /PE",25313,2023-04-17,2023-04-04,2023-04-04,2023-04-04,2023-05-31T16:41:10,False,legado
15502205000272023,15502205272023,23536029702202246,155022,5,PREGÃO,272023,Publicado,eletronico,Nacional,JOAO LUIZ CAVALCANTI MARANHAO DE ALBUQUERQUE,Chefe do Setor de Administração do Hc/ufpe - Ebserh,2.0,,7021.36,Mais informações: (81) 2126 -3939.,"Pregão Eletrônico Aquisição de Kits de manutenção, troca e treinamento para os prog ramas Diálise Peritoneal Ambulatorial Contínua (CAPD) e Diálise Peritoneal Automatizada (DPA) incluindo a cessão, em regime de comodato, de M áquinas Cicladoras, conforme condições, quantid ades e exigências estabelecidas no Edital e seu s Anexos.",Av. Professor Moraes Rego S/n - Cidade Universitária/PE,25313,2023-04-20,2023-04-04,2023-04-04,2023-04-04,2023-05-25T09:50:34,False,legado
16019905000022023,1601990522023,64583010437202244,160199,5,PREGÃO,22023,Publicado,eletronico,Nacional,HAILTON ANTONIO CASARA CAVALCANTE,Ordenador de Despesas,58.0,16596.54,56173.8,"Ocorrendo possíveis divergê ncias entre a descrição do item contido neste T ermo e a descrição vinculada ao código do mater ial no sistema Comprasnet(CATMAT), prevalecerá a descrição contida no Anexo I do Edital -Termo de Referência.","Pregão Eletrônico Aquisição de Instr umentos Médicos, Odontológicos e Hospitalares material permanente do planejamento anual das atividades PAASSEX, para atender as necessida des do Hospital Militar de Área de Recife.","Rua do Hospício, 563 - Boa Vista - Boa Vista/PE",25313,2023-04-18,2023-04-05,2023-04-05,2023-04-05,2023-06-01T16:10:14,False,legado
16019905000302022,16019905302022,64583007394202210,160199,5,PREGÃO,302022,Publicado,eletronico,Nacional,HAILTON ANTONIO CASARA CAVALCANTE,Ordenador de Despesas,108.0,5610.0,20939.62,"Ocorrendo possíveis divergê ncias entre a descrição do item contido neste T ermo e a descrição vinculada ao código do mater ial no sistema Comprasnet(CATMAT), prevalecerá a descrição contida no Anexo I do Edital -Termo de Referência.",Pregão Eletrônico Registro de preço para aquisição de produtos para saúde curativ os com fornecimento de equipamentos em regime d e comodato para o Hospital Militar de Área do Recife (HMAR).,"Rua do Hospício, 563 - Boa Vista - /PE",25313,2023-04-18,2023-04-05,2023-04-05,2023-04-05,2023-10-19T14:00:04,False,legado
12063205000192023,12063205192023,67223012502202253,120632,5,PREGÃO,192023,Publicado,eletronico,Nacional,RODRIGO ANTONIO SILVEIRA DOS SANTOS,Ordenador de Despesas,30.0,18930.0,4598.34,,"Pregão Eletrônico Registro de Prec o s para aquisic a o de roupa de cama, mesa e ban ho, para atender a s demandas da Guarnic a o de Aerona utica de Recife (GUARNAE-RF).",Av Armindo Moura - Boa Viagem/PE,25313,2023-04-20,2023-04-06,2023-04-06,2023-04-06,2023-08-02T13:06:51,False,legado
27505705000792022,27505705792022,106/2022         ,275057,5,PREGÃO,792022,Publicado,eletronico,Nacional,JULIANA TAVARES CORDEIRO GALVAO,Analista de Gestão - Administradora,2.0,1752897.6,3682865.85,,Pregão Eletrônico Serviços de Manute nção preventiva e corretiva em 03 elevadores e 05 escadas rolantes de fabricação OTIS das est ações e 02 elevadores de fabricação Atlas Schin dler do Edifício Operacional Administrativo da CBTU/STUREC.SERVIÇO PARA 30 MESES,"Rua José Natário,478 - Areias - Recife - Pe. - /PE",25313,2023-05-02,2023-04-06,2023-04-06,2023-04-06,2023-05-19T09:39:37,False,legado
12063205000202023,12063205202023,67445001896202218,120632,5,PREGÃO,202023,Publicado,eletronico,Nacional,RODRIGO ANTONIO SILVEIRA DOS SANTOS,Ordenador de Despesas,60.0,150000.0,143990.46,,"Pregão Eletrônico Aquisic a o de Mat eriais Odontolo gicos de O rteses, Pro teses e Materiais Especiais (OPME) para Cirurgia e Trau matologia BucoMaxiloFacial, para atender as nec essidades da ODONTOCLI NICA DE AERONA UTICA DE RECIFE.",Av Armindo Moura 500 - Boa Viagem/PE,25313,2023-04-19,2023-04-06,2023-04-06,2023-04-06,2023-06-27T09:22:49,False,legado
17005505000062023,1700550562023,12883104557202223,170055,5,PREGÃO,62023,Publicado,eletronico,Nacional,BRUNA CAVALCANTI GALLE DE AGUIAR,Pregoeira/sra/pe,1.0,59970.0,85739.52,,"Pregão Eletrônico Contratação de pes soa jurídica especializada para a prestação de serviços de Locação, Instalação e Manutenção Pr eventiva e Corretiva de Central Privada de Comu tação TelefônicaCPCT tipo PABXIP, bem com o dos Terminais IP, Sistema de Tarifação e Bilh etagem e Intefaces para Celular para atender as necessidades da Procuradoria-Regional da Fazen da Nacional na 5ª Região (PRFN5), conforme cond ições, quantidades e exigências estabelecidas n o Edital e Anexos.","Av. Alfredo Lisboa, 1168 - Bairro do Recife/PE",25313,2023-04-19,2023-04-06,2023-04-06,2023-04-06,2023-05-16T17:35:15,False,legado
15814905000052023,1581490552023,23302100011202394,158149,5,PREGÃO,52023,Publicado,eletronico,Nacional,JOAO DERYSON FIGUEIREDO SAMPAIO,Equipe de Apoio,14.0,374.4,99.45,,Pregão Eletrônico Aquisição de água mineral para atender os campi e Reitoria do IFS ertãoPE.,"Rua Aristarco Lopes,nº 240- Centro - /PE",25216,2023-04-24,2023-04-10,2023-04-10,2023-04-10,2023-05-23T14:31:57,False,legado
27505799000062023,2750579962023,086/2022         ,275057,99,RDC,62023,Publicado,eletronico,Nacional,CARLOS ROBERTO SA BARRETO BARROS FILHO,Gerente Operacional,1.0,,717898.18,,"Contratação de empresa para execução de obras de engenharia para recuperação da plataf orma ao longo do trecho entre as estações Cajue iro Seco e Ângelo de Souza, entre o km 11.828 e o km 11.243.","Rua José Natário,478 - Areias - Recife - Pe. - /PE",25313,2023-05-03,2023-04-10,2023-04-10,2023-04-10,2023-04-13T11:01:12,False,legado
15518005000132023,15518005132023,23542008385202164,155180,5,PREGÃO,132023,Publicado,eletronico,Nacional,GILBERIO ITALO DE ARAUJO SANTOS,Agente de Licitação,27.0,,274346.75,,"Pregão Eletrônico Contratação de emp resa especializada na prestação de Serviço cont inuado de serviços externos denominados Diagnós ticos por Imagem, qual seja Ressonância Magnéti ca.",Av Jose de Sá Maniçoba S/n Centro - Centro/PE,25216,2023-05-03,2023-04-10,2023-04-10,2023-04-10,2023-06-05T09:00:30,True,legado
15502205000282023,15502205282023,23536001403202328,155022,5,PREGÃO,282023,Publicado,eletronico,Nacional,JOAO LUIZ CAVALCANTI MARANHAO DE ALBUQUERQUE,Chefe do Setor de Administração do Hc/ufpe - Ebserh,34.0,4000.0,3607.08,Mais informações: (81) 2126 -3939.,"Pregão Eletrônico Registro de preços visando eventual aquisição de Materiais de Aco ndicionamento e Embalagem e Materiais de Copa e Cozinha para atender demanda do Hospital das C línicas de Pernambuco, filial EBSERH.",Av. Professor Moraes Rego S/n - Cidade Universitária/PE,25313,2023-10-25,2023-04-10,2023-04-10,2023-04-10,2023-06-28T12:15:55,False,legado
15518005000152023,15518005152023,23542006755202218,155180,5,PREGÃO,152023,Publicado,eletronico,Nacional,THAIS CRISTINE SANTANA SERAFIM LEITE,Agente de Licitação,14.0,,5547.89,,"Pregão Eletrônico Aquisição de MATER IAIS DE AVIAMENTO, COLCHÕES e TRAVESSEIROS HOSP ITALARES para atender às necessidades do Hospit al de Ensino Dr. Washington Antônio de Barros HU/UNIVAS F e da Policlínica do HU-UNIVASF.",Av Jose de Sá Maniçoba S/n Centro - /PE,25216,2023-05-12,2023-05-02,2023-05-02,2023-05-02,2023-05-12T09:00:12,True,legado
15518005000172023,15518005172023,23542002109202354,155180,5,PREGÃO,172023,Publicado,eletronico,Nacional,THAIS CRISTINE SANTANA SERAFIM LEITE,Agente de Licitação,5.0,,834.27,,"Pregão Eletrônico Aquisição de Embal agens e ribbon para os medicamentos fracionados , visando suprir as demandas dos serviços reali zados no Hospital de Ensino Doutor Washington A ntônio de Barros / HU-Univasf.",Av Jose de Sá Maniçoba S/n Centro - /PE,25216,2023-05-15,2023-05-03,2023-05-03,2023-05-03,2023-06-27T15:04:17,False,legado
27505705000122023,27505705122023,17               ,275057,5,PREGÃO,122023,Publicado,eletronico,Nacional,SAVYO DOS SANTOS SOUZA,Analista de Gestão,1.0,204300.0,539.67,,Pregão Eletrônico Aquisião de pastil has de freio conforme termo de referência.,"Rua José Natário,478 - Areias - Recife - Pe. - /PE",25313,2023-05-19,2023-05-04,2023-05-04,2023-05-04,2023-05-30T09:18:51,False,legado
15814905000082023,1581490582023,23302100075202212,158149,5,PREGÃO,82023,Publicado,eletronico,Nacional,FRANKLIN TORRES BRANDAO,Equipe de Apoio ao Pregoeiro,24.0,,22767.01,,Pregão Eletrônico Aquisição de Gases Especiais para atender os Campi do IF Sertão P E.,"Rua Aristarco Lopes,nº 240 - Centro/PE",25216,2023-05-17,2023-05-04,2023-05-04,2023-05-04,2023-06-23T14:15:32,False,legado
16019905000372022,16019905372022,64583009633202276,160199,5,PREGÃO,372022,Publicado,eletronico,Nacional,FLAVIA DA SILVA GUIMARAES,Ordenador de Despesas,154.0,,8711.98,"Ocorrendo possíveis divergê ncias entre a descrição do item contido neste T ermo e a descrição vinculada ao código do mater ial no sistema Comprasnet(CATMAT), prevalecerá a descrição contida no Anexo I do Edital -Termo de Referência.",Pregão Eletrônico Registro de preço para aquisição de produtos para saúdeMMH 2 para o Hospital Militar de Área do Recife (HMA R).,"Rua do Hospício, 563 - Boa Vista - Boa Vista/PE",25313,2023-05-17,2023-05-05,2023-05-05,2023-05-05,2024-04-10T14:47:30,False,legado
12063205000312023,12063205312023,67445000131202333,120632,5,PREGÃO,312023,Publicado,eletronico,Nacional,RODRIGO ANTONIO SILVEIRA DOS SANTOS,Ordenador de Despesas,190.0,,7237.51,,Pregão Eletrônico Eventual aquisição de materiais odontológicos específicos de orto dontia para atender as necessidades da Odontocl ínica de Aeronáutica de Recife OARF,"Av. Armindo Moura, 500 - Boa Viagem/PE",25313,2023-05-17,2023-05-05,2023-05-05,2023-05-05,2023-05-15T13:58:34,False,legado
16020105000092023,1602010592023,64329000557202325,160201,5,PREGÃO,92023,Publicado,eletronico,Nacional,MARCIO LEANDRO ALVES DE AREDES,Ordenador de Despesas,32.0,,1586212.37,,"Pregão Eletrônico Aquisição de gerad ores, transformadores e disjuntores de média te nsão para o Campo de Instrução Marechal Newton Cavalcanti (CIMNC) e outras organizações milita res localizadas em Recife e Jaboatão dos Guarar apes.","Av Norte, 245 - Santo Amaro - Santo Amaro/PE",25313,2023-05-17,2023-05-05,2023-05-05,2023-05-05,2023-06-13T13:50:40,False,legado
15502205000352023,15502205352023,23536032869202294,155022,5,PREGÃO,352023,Publicado,eletronico,Nacional,JOAO LUIZ CAVALCANTI MARANHAO DE ALBUQUERQUE,Chefe do Setor de Administração do Hc/ufpe - Ebserh,36.0,,29293.91,Mais informações:(81)212639 39,"Pregão Eletrônico Aquisição de MATER IAIS PARA OFTALMOLOGIA (BISTURI, FILTRO, FIOS E OUTROS), EM REGIME NORMAL E EM CONSIGNAÇÃO PAR A OS ITENS 17, 18 E 19 (RESPECTIVAS COTAS PARA ME/EPP 32, 33 E 34), LENTE INTRAOCULAR E COM CE SSÃO DE EQUIPAMENTO EM REGIME DE COMODATO PARA O ITEM 5 (RESPECTIVA COTA PARA ME/EPP 31)",Av. Professor Moraes Rego S/n - Cidade Universitária/PE,25313,2023-05-17,2023-05-05,2023-05-05,2023-05-05,2023-07-06T16:09:03,True,legado
15442105000142023,15442105142023,23402005036202357,154421,5,PREGÃO,142023,Publicado,eletronico,Nacional,LUIZ CARLOS PINTO RIBEIRO,Pregoeiro,47.0,171.68,1775.36,,"Pregão Eletrônico Objetiva-se a comp ra de Vidrarias, visando suprir demandas visand o suprir demandas dos Colegiados Acadêmicos da Univasf e pelo Projeto de Integração do Rio São Francisco com as Bacias do Nordeste Setentrion alPISF.",Av.jose de Sa Maniçoba S/n Centro-campus Universitário Petrolina - Centro/PE,25216,2023-05-23,2023-05-09,2023-05-09,2023-05-08,2023-06-21T10:59:52,False,legado
15518005000242023,15518005242023,23542002960202387,155180,5,PREGÃO,242023,Publicado,eletronico,Nacional,THAIS CRISTINE SANTANA SERAFIM LEITE,Agente de Licitações,6.0,,123.61,,"Pregão Eletrônico Aquisição de EQUIP OS DE INFUSÃO E SERINGAS COM EXTENSOR PARA ANES TESIA, visando suprir as demandas dos serviços realizados no Hospital de Ensino Doutor Washing ton Antônio de Barros / HU-Univasf.",Av Jose de Sá Maniçoba S/n Centro - /PE,25216,2023-06-14,2023-06-01,2023-06-01,2023-06-01,2023-06-26T09:57:24,True,legado
16017705000022023,1601770522023,64107002479202316,160177,5,PREGÃO,22023,Publicado,eletronico,Nacional,LUCIANO GUIMARAES DE SANTANA,Ordenador de Despesas,30.0,,10311.54,,"Pregão Eletrônico Aquisição de mater ial de consumo de TIC, visando atender as neces sidades da Divisão da Seção de Informática do 7 1º BIMtz.","Rod Br 423, Km 94 - Heliópolis - Heliópolis/PE",24198,2023-06-15,2023-06-01,2023-06-01,2023-06-01,2023-07-05T20:47:57,True,legado
12063205000332023,12063205332023,67614019048202268,120632,5,PREGÃO,332023,Publicado,eletronico,Nacional,RODRIGO ANTONIO SILVEIRA DOS SANTOS,Ordenador de Despesas,1.0,184000.0,186640.0,,"Pregão Eletrônico Contratação de ser viços de apoio aos hotéis de Trânsito do CINDAC TA III e Destacamentos subordinados, com a cont ratação de empresa especializada para prestação de serviços de lavagem de roupa de cama, mesa e banho, por quilo.",Av Armindo Moura 500 - Boa Viagem/PE,25313,2023-06-14,2023-06-01,2023-06-01,2023-06-01,2023-06-15T10:40:55,False,legado
15502205000492023,15502205492023,23536002045202371,155022,5,PREGÃO,492023,Publicado,eletronico,Nacional,JOAO LUIZ CAVALCANTI MARANHAO DE ALBUQUERQUE,Chefe do Setor de Administração do Hc/ufpe - Ebserh,56.0,,26849.4,Mais informações: (81) 2126 -3939.,"Pregão Eletrônico Registro de preços visando eventual aquisição de Material para Te rapia de Pressão Negativa (com cessão de Bomba Geradora de Vácuo) e Curativos para atender dem anda do Hospital das Clínicas de Pernambuco, fi lial EBSERH.",Av. Professor Moraes Rego S/n - Cidade Universitária/PE,25313,2023-06-19,2023-06-01,2023-06-01,2023-06-01,2023-09-27T11:33:53,True,legado
27505705000132023,27505705132023,18               ,275057,5,PREGÃO,132023,Publicado,eletronico,Nacional,SAVYO DOS SANTOS SOUZA,Analista de Gestão,35.0,85.2,577.68,,Pregão Eletrônico Aquisiçao de mater iais administrativos em geral conforme termo de referência.,"Rua José Natário,478 - Areias - Recife - Pe. - /PE",25313,2023-06-14,2023-06-01,2023-06-01,2023-06-01,2023-06-20T10:44:14,False,legado
15502205000482023,15502205482023,23536017700202212,155022,5,PREGÃO,482023,Publicado,eletronico,Nacional,JOAO LUIZ CAVALCANTI MARANHAO DE ALBUQUERQUE,Chefe do Setor de Administração Hc Ufpe Ebserh,23.0,,4442.61,Mais informações: (81)21263939,"Pregão Eletrônico Registro de preços visando eventual aquisição de Material Médico Hospitalar Diversos II com Cessão de Equipame nto em Regime de Comodato, para atender demanda do Hospital das Clínicas de Pernambuco, filial EBSERH.",Av. Professor Moraes Rego S/n - Cidade Universitária/PE,25313,2023-06-14,2023-06-01,2023-06-01,2023-06-01,2023-07-26T11:37:31,True,legado
13501205000232023,13501205232023,21198002818202291,135012,5,PREGÃO,232023,Publicado,eletronico,Nacional,MARIA AUXILIADORA COELHO DE LIMA,Chefe Geral,23.0,,6685.0,,Pregão Eletrônico Eventual aquisição de DEFENSIVOS para a Embrapa Semiárido,Br 428 Km 152 S/n Zona Rural Caixa Postal 023 - Zona Rual/PE,25216,2023-06-15,2023-06-01,2023-06-01,2023-06-01,2023-07-24T16:19:52,False,legado
13501205000222023,13501205222023,21198000388202353,135012,5,PREGÃO,222023,Publicado,eletronico,Nacional,LUIS MAGNO SILVA DE MENEZES,Chefe Geral em Exercício,113.0,864.0,1280912.67,,Pregão Eletrônico Formação de Regist ro de Preços para a eventual contratação dos se rviços de organização e montagem de eventos dem andados pela Embrapa Semiárido.,Br 428 Km 152 S/n Zona Rural Caixa Postal 023 - /PE,25216,2023-06-15,2023-06-01,2023-06-01,2023-06-01,2023-07-24T15:07:59,False,legado
9003105000102023,9003105102023,5676-30.2022.4.05,90031,5,PREGÃO,102023,Publicado,eletronico,Nacional,FRANCISCO REIS NOGUEIRA SOBRINHO,Pregoeiro,224.0,89.5,21844.8,,"Pregão Eletrônico Aquisição de mater iais de consumo da área da saúde Pedido 3 (me dicina, odontologia e enfermagem) que compõem o Núcleo de Assistência à Saúde do Tribunal Regi onal Federal da 5ª Região, por meio do Sistema de Registro de Preços (SRP).","Av. Cais do Apolo, S/n - Ed. Min. Djaci Falcao - Bairro do Recife/PE",25313,2023-06-16,2023-06-02,2023-06-02,2023-06-02,2023-10-03T12:36:29,False,legado
15316505000102023,15316505102023,23082035414202214,153165,5,PREGÃO,102023,Publicado,eletronico,Nacional,RAFAEL ALVES MARINO,Pregoeiro,1.0,176382.0,176652.36,,"Pregão Eletrônico O objeto da presen te licitação é a contratação de fornecimento co ntínuo de insumos perecíveis, semi e não perecí veis, para utilização nas aulas práticas do Cur so de Bacharelado em Gastronomia e do curso de Ciências do Consumo, ao longo dos semestres let ivos de 2023 conforme condições, quantidades e exigências estabelecidas neste Edital e seus an exos.",Rua Dom Manoel de Medeiros S/n - Dois Irmaos - /PE,25313,2023-06-16,2023-06-02,2023-06-02,2023-06-02,2023-06-19T14:07:48,True,legado
25704705000202023,25704705202023,25059001187202238,257047,5,PREGÃO,202023,Publicado,eletronico,Nacional,ANTONIO DE CARVALHO SA,Agente de Saúde Pública,4.0,311922.66,311922.66,,"Pregão Eletrônico Contratação de emp resa especializada na prestação de serviços de manutenção preventiva e corretiva em aparelhos de ar condicionado (janela e Split), com fornec imento de peças e materiais de consumo, e event uais instalações de aparelhos de ar condicionad o.",Av. Norte Miguel Arraes de Alencar Macaxeira - /PE,25313,2023-06-19,2023-06-02,2023-06-02,2023-06-02,2023-06-27T10:31:49,False,legado
15502205000502023,15502205502023,23536004526202311,155022,5,PREGÃO,502023,Publicado,eletronico,Nacional,JOAO LUIZ CAVALCANTI MARANHAO DE ALBUQUERQUE,Chefe do Setor de Administração do Hc/ufpe - Ebserh,38.0,,3900.61,Mais informações: (81) 2126 -3939.,"Pregão Eletrônico Registro de preços visando eventual aquisição de Materiais divers os (Bacteriologia) e Cuba para Laboratório ( Cancelados) para atender demanda do Hospital da s Clínicas de Pernambuco, filial EBSERH.",Av. Professor Moraes Rego S/n - Cidade Universitária/PE,25313,2023-06-19,2023-06-05,2023-06-05,2023-06-05,2023-08-17T08:28:08,True,legado
9000905000082023,900090582023,0002259-87.2023.4,90009,5,PREGÃO,82023,Publicado,eletronico,Nacional,JOSE IVAN BARBOSA DE MELO FERRAZ,Pregoeiro,6.0,4640.0,28837.0,,"Pregão Eletrônico Contratação SOB DE MANDA de serviços de instalação de ar condicion ado, tipo Split, nas Subseções Judiciárias de S algueiro e Serra Talhada, conforme condições e exigências estabelecidas neste instrumento","Av. Recife, 6250. Jiquiá . Recife Pe - Jiquiá/PE",25313,2023-06-21,2023-06-05,2023-06-05,2023-06-05,2023-06-26T11:13:47,True,legado
15668705000022023,1566870522023,23082006837202308,156687,5,PREGÃO,22023,Publicado,eletronico,Nacional,CARLOS WILLIAN FERREIRA DE ARAUJO,Pregoeiro,5.0,9215.76,28288.92,,Pregão Eletrônico Aquisição de câmer as de segurança para atender às necessidades do Programa de Residência Universitária para Grad uação da Universidade Federal do Agreste de Per nambuco UFAPE.,"Av.bom Pastor, S/n, Bairro Boa   Vista - Garanhuns - Pe - /PE",24198,2023-06-21,2023-06-05,2023-06-05,2023-06-05,2023-10-11T17:39:54,False,legado
16020105000102023,16020105102023,64329001444202347,160201,5,PREGÃO,102023,Publicado,eletronico,Nacional,MARCIO LEANDRO ALVES DE AREDES,Ordenador de Despesas,1.0,378965.3,533476.39,,Pregão Eletrônico Contratação de Emp resa especializada para execução do serviço de Reparação do telhado da Escolta e Guarda do 4º Batalhão de Polícia do Exército (4ºBPE).,"Av Norte, 245 - Santo Amaro - Santo Amaro/PE",25313,2023-06-22,2023-06-06,2023-06-06,2023-06-06,2023-07-25T14:05:01,False,legado
16020005000032023,1602000532023,64621001358202320,160200,5,PREGÃO,32023,Publicado,eletronico,Nacional,MARCEL PASSOS ZYLBERBERG,Ordenador de Despesas,6.0,,6.0,,Pregão Eletrônico Aquisição de Peças de Viaturas Agrale GCALC,Av. 17 de Agosto 784 - Casa Forte - /PE,25313,2023-06-20,2023-06-06,2023-06-06,2023-06-06,2023-06-06T07:32:53,False,legado
34400205000052023,3440020552023,128/2023-98      ,344002,5,PREGÃO,52023,Publicado,eletronico,Nacional,AIDA MARIA MONTEIRO SILVA,Diretora de Planejamento e Administração,3.0,13500.0,52.1667,,"Pregão Eletrônico O objeto da presen te licitação é a Contratação de empresa especia lizada para a prestação de serviços técnicos es pecializados, de edição eletrônica de texto, re visão eletrônica ortográfica e gramatical de or iginais e revisão de prova diagramada de obras literárias, jornalísticas e científicas, a sere m publicadas pela Editora Massangana, da Fundaj , conforme condições, quantidades e exigências estabelecidas neste Edital e seus anexos.","Av. 17 de Agosto, 2187 - Casa_forte - /PE",25313,2023-06-20,2023-06-06,2023-06-06,2023-06-06,2023-09-20T14:49:37,False,legado
15442105000112023,15442105112023,23402027956202245,154421,5,PREGÃO,112023,Publicado,eletronico,Nacional,ROSSANIA ALVES COSTA,Pregoeira,52.0,4100.0,13625.64,,"Pregão Eletrônico Aquisição de adubo s e rações, visando suprir demandas dos Setores Administrativos e Acadêmicos da Univasf.",Av.jose de Sa Maniçoba S/n Centro-campus Universitário Petrolina - /PE,25216,2023-06-20,2023-06-06,2023-06-06,2023-06-06,2023-07-28T16:08:21,False,legado
16008405000012023,1600840512023,64257005023202203,160084,5,PREGÃO,12023,Publicado,eletronico,Nacional,EMERSON BEZERRA DE LIMA,Ordenador de Despesas,1.0,,10092.0,,"Pregão Eletrônico Escolha da propost a mais vantajosa para Cessão de uso, a título o neroso, de sala medindo 28,80 m2, situada nas dependências do prédio do Colégio Militar do Re cife, destinado à instalação de um Bazar Milita r, para comercialização a servidores militares e civis da unidade, alunos e seus familiares de uniformes, materiais, utensílios e equipamento s, uniformes militares e escolares e seus acess órios.","Av.visconde de Sao Leopoldo , 198, Engenho do Meio - Recife - Pe - /PE",25313,2023-06-26,2023-06-06,2023-06-06,2023-06-06,2023-07-07T12:32:11,True,legado
13501205000242023,13501205242023,21198001056202396,135012,5,PREGÃO,242023,Publicado,eletronico,Nacional,MARIA AUXILIADORA COELHO DE LIMA,Chefe Geral,13.0,48000.0,2894.0,,Pregão Eletrônico Formação do regist ro de preços para a eventual aquisição de FERTI LIZANTES AGRÍCOLAS,Br 428 Km 152 S/n Zona Rural Caixa Postal 023 - /PE,25216,2023-06-20,2023-06-06,2023-06-06,2023-06-06,2023-07-13T21:48:30,False,legado
15518005000292023,15518005292023,23542.009419/2022,155180,5,PREGÃO,292023,Publicado,eletronico,Nacional,FABIA FERNANDES PINHEIRO DA COSTA LIMA,Agente de Licitações,15.0,,2126.57,,"Pregão Eletrônico Aquisição de insum os médico hospitalares que tem como intuito gar antir o desenvolvimento de atividades práticas no laboratório de simulação para os alunos de g raduação, residentes e colaboradores, fomentand o as atividades de ensino no HU-UNIVASF",Av Jose de Sá Maniçoba S/n Centro - /PE,25216,2023-07-14,2023-07-03,2023-07-03,2023-07-03,2023-08-09T14:27:22,True,legado
9003105000142023,9003105142023,5187-56.2023.4.05,90031,5,PREGÃO,142023,Publicado,eletronico,Nacional,FRANCISCO REIS NOGUEIRA SOBRINHO,Pregoeiro,1.0,7398500.0,10861820.34,"Não será permitida a subcon tratação, no todo ou em parte, do objeto deste certame licitatório.Em caso de divergência entr e as especificações deste objeto descritas no C omprasgovernamentais e as especificações técnic as constantes deste Edital, prevalecerão as últ imas.","Pregão Eletrônico Contratação de emp resa especializada para substituição do cabeame nto estruturado dos Edifícios Sede e Esmafe do Tribunal Regional Federal da 5ª Região, além do sistema ininterrupto de energia elétrica estab ilizada que atende aos ativos de rede, a partir do projeto executivo.","Av. Cais do Apolo, S/n - Edf. Ministro Djaci Falcão - Bairro do Recife/PE",25313,2023-07-14,2023-07-03,2023-07-03,2023-07-03,2023-10-03T12:40:22,False,legado
51067705000092023,5106770592023,35014457944202202,510677,5,PREGÃO,92023,Publicado,eletronico,Nacional,MAGNO DE MESQUITA SILVA,Pregoeiro,3.0,,1229121.3,,"Pregão Eletrônico Pprestação dos ser viços de Manutenção, Operação e Controle (PMOC) com atividades corretivas e preventivas em abr angência integral, monitoramento e análise da q ualidade do ar interior de ambientes climatizad os, eventual instalação de condicionadores de a r tipo split, limpeza e higienização de dutos, fornecimento de peças sob demanda e realização de serviços sob demanda para os sistemas de cli matização.","Av. Dantas Barreto, Nº 300 , Sala 101 - Santo Antonio/PE",25313,2023-07-17,2023-07-03,2023-07-03,2023-07-03,2023-10-10T17:17:56,True,legado
15518005000272023,15518005272023,23542004313202318,155180,5,PREGÃO,272023,Publicado,eletronico,Nacional,THAIS CRISTINE SANTANA SERAFIM LEITE,Agente de Licitação,1.0,,4890.0,,Pregão Eletrônico Aquisição de Cartõ es de Aproximação RFID compatíveis com a atual solução em controle de acesso veicular às depen dências do Hospital Universitário da Universida de Federal do Vale do São Francisco.,Av Jose de Sá Maniçoba S/n Centro - /PE,25216,2023-07-13,2023-07-03,2023-07-03,2023-07-03,2023-09-15T08:35:46,True,legado
15518005000312023,15518005312023,23542.002109/2023,155180,5,PREGÃO,312023,Publicado,eletronico,Nacional,FABIA FERNANDES PINHEIRO DA COSTA LIMA,Agente de Licitações,5.0,,876.005,,Pregão Eletrônico Aquisição de Embal agens e ribbon para os medicamentos fracionados,Av Jose de Sá Maniçoba S/n Centro - /PE,25216,2023-07-13,2023-07-03,2023-07-03,2023-07-03,2023-09-15T08:50:53,True,legado
12063205000382023,12063205382023,67230001669202381,120632,5,PREGÃO,382023,Publicado,eletronico,Nacional,RODRIGO ANTONIO SILVEIRA DOS SANTOS,Ordenador de Despesas,9.0,,2650.87,,"Pregão Eletrônico Registro de prec o s para a contratac a o de servic o de curso de atualizac a o e formac a o de condutores para d irigir vei culos de transporte coletivo de pass ageiros, transporte de cargas indivisi veis, tr ansporte de produtos perigosos e transporte de emerge ncia, bem como curso de Norma Regulament adora nº 20 NR 20.",Av Armindo Moura - Boa Viagem/PE,25313,2023-07-18,2023-07-04,2023-07-04,2023-07-04,2023-10-10T12:28:36,False,legado
13001605000092023,1300160592023,21002000345202318,130016,5,PREGÃO,92023,Publicado,eletronico,Nacional,CARLAINE BATISTA DE CARVALHO,Pregoeira,37.0,58800.0,97475.45,,"Pregão Eletrônico Aquisição de insum os para Influenza Aviária, AIE e Mormo, conform e condições, quantidades e exigências estabelec idas no Edital.",Rua Dom Manoel de Medeiros S/n - Dois Irmaos - Dois Irmãos/PE,25313,2023-07-14,2023-07-04,2023-07-04,2023-07-04,2023-08-29T11:10:21,False,legado
16020005000082023,1602000582023,64621002310202339,160200,5,PREGÃO,82023,Publicado,eletronico,Nacional,MARCEL PASSOS ZYLBERBERG,Ordenador de Despesas,30.0,,15037.16,,"Pregão Eletrônico Aquisição de Instr umentos de Observação, Direção e Controle de Ti ro (IODCT).",Av. 17 de Agosto 784 - Casa Forte - /PE,25313,2023-07-17,2023-07-04,2023-07-04,2023-07-04,2023-07-28T11:12:04,True,legado
16019905000042023,1601990542023,64583013997202251,160199,5,PREGÃO,42023,Publicado,eletronico,Nacional,HAILTON ANTONIO CASARA CAVALCANTE,Ordenador de Despesas,2.0,,328020.0,"Ocorrendo possíveis divergê ncias entre a descrição do item contido neste T ermo e a descrição vinculada ao código do mater ial no sistema Comprasnet(CATMAT), prevalecerá a descrição contida no Anexo I do Edital -Termo de Referência.","Pregão Eletrônico Contratação de ser viços de Outsourcing de Impressão na modalidade franquia de páginas,para impressões monocromát icas com assistência técnica e manutenção preve ntiva e corretiva especializada, com reposição de peças e forn de insumos,abrangendo:Fornecime nto de Equipamentos;Solução de Gestão de Impres são;Fornecimento de Consumíveis e Componentes;T ransporte,Instalação e Configuração dos Equipam entos;Capacitação no uso da Solução de Gestão e na Operação dos Equipamentos","Rua do Hospício, 563 - Boa Vista - Boa Vista/PE",25313,2023-07-14,2023-07-04,2023-07-04,2023-07-04,2023-07-20T08:25:37,False,legado
15502205000572023,15502205572023,23536004212202318,155022,5,PREGÃO,572023,Publicado,eletronico,Nacional,JOAO LUIZ CAVALCANTI MARANHAO DE ALBUQUERQUE,Chefe do Setor de Administração Hc Ufpe Ebserh,12.0,,1402995.52,Mais informações: (81)21263939,"Pregão Eletrônico Registro de preços visando eventual aquisição de Equipamentos méd ico hospitalares para atender demanda do Hospit al das Clínicas de Pernambuco, filial EBSERH.",Av. Professor Moraes Rego S/n - Cidade Universitária/PE,25313,2023-07-17,2023-07-04,2023-07-04,2023-07-04,2023-08-28T17:15:57,True,legado
12063205000432023,12063205432023,67230001918202338,120632,5,PREGÃO,432023,Publicado,eletronico,Nacional,RODRIGO ANTONIO SILVEIRA DOS SANTOS,Ordenador de Despesas,32.0,400.0,778.7,,"Pregão Eletrônico Registro de prec o s para aquisic a o de a gua mineral, visando at ender a s necessidades do Grupamento de Apoio d e Recife (GAP-RF).",Av Armindo Moura - Boa Viagem/PE,25313,2023-07-19,2023-07-05,2023-07-05,2023-07-05,2023-09-04T13:54:55,False,legado
92640705000172023,92640705172023,17/2023          ,926407,5,PREGÃO,172023,Publicado,eletronico,Nacional,LUCIO FRANCISCO ANTUNES BELTRAO NETO,Presidente,1.0,,70000.0,"Contratação de empresa espe cializada em serviço de gerenciamento informati zado, para o abastecimento de frota em rede de postos credenciados provendo combustíveis autom otivos para a frota de veículos.","Pregão Eletrônico Prestação dos serv iços contínuos de gerenciamento informatizado, para o abastecimento de frota em rede de postos credenciados provendo combustíveis automotiv os para a frota de viaturas oficiais do Conselh o Regional de Educação Física de PernambucoC REF12/PE.","Rua Carlos de Oliveira Filho, Nº 135, Prado - Prado/PE",25313,2023-07-18,2023-07-05,2023-07-05,2023-07-05,2023-07-13T15:37:01,False,legado
15502205000582023,15502205582023,23536014890202399,155022,5,PREGÃO,582023,Publicado,eletronico,Nacional,JOAO LUIZ CAVALCANTI MARANHAO DE ALBUQUERQUE,Chefe do Setor de Administração Hc Ufpe Ebserh,2.0,,65044.84,Mais informações: (81)21263939,"Pregão Eletrônico Registro de preços visando eventual aquisição de Fontes Radioativ as para PET-CT GE-710 para atender demanda do H ospital das Clínicas de Pernambuco, filial EBSE RH.",Av. Professor Moraes Rego S/n - Cidade Universitária/PE,25313,2023-07-18,2023-07-05,2023-07-05,2023-07-05,2023-08-08T15:55:24,True,legado
15518005000282023,15518005282023,23542.001565/2023,155180,5,PREGÃO,282023,Publicado,eletronico,Nacional,FABIA FERNANDES PINHEIRO DA COSTA LIMA,Agente de Licitações,12.0,,4568.54,,"Pregão Eletrônico Aquisição de VÁLVU LAS REGULADORA DE PRESSÃO E FLUXÔMETRO PARA CIL INDROS E RÉGUA DE OXIGÊNIO E AR COMPRIMIDO, vis ando suprir as demandas dos serviços realizados no Hospital de Ensino Doutor Washington Antôni o de Barros / HU-Univasf",Av Jose de Sá Maniçoba S/n Centro - /PE,25216,2023-07-17,2023-07-05,2023-07-05,2023-07-05,2023-07-27T15:15:14,True,legado
16022505000102023,16022505102023,64361003038202312,160225,5,PREGÃO,102023,Publicado,eletronico,Nacional,FELIPE GLASNER DE MAIA CHAGAS,Ordenador de Despesas,3.0,,588.63,,Pregão Eletrônico Aquisição de Gás L iquefeito de Petróleo (GLP) e gás a granel em r egime de comodato para Base Administrativa do C urado e Organizações Participante do GCALC/ Rec ife,Avenida Professor Luiz Freire N° 198 - Varzea/PE,25313,2023-07-17,2023-07-05,2023-07-05,2023-07-05,2023-07-18T10:21:21,True,legado
27505705000162023,27505705162023,29               ,275057,5,PREGÃO,162023,Publicado,eletronico,Nacional,SAVYO DOS SANTOS SOUZA,Analista de Gestão,2.0,57800.0,3180.0,,Pregão Eletrônico Eventual aquisição de multicontatos de chave seccionadora de rede aérea conforme termo de referência.,"Rua José Natário,478 - Areias - Recife - Pe. - /PE",25313,2023-07-17,2023-07-05,2023-07-05,2023-07-05,2023-08-02T15:10:28,False,legado
16022505000122023,16022505122023,64091000640202325,160225,5,PREGÃO,122023,Publicado,eletronico,Nacional,FELIPE GLASNER DE MAIA CHAGAS,Ordenador de Despesas,22.0,,2368.42,E-mail: licitacao.basecurad o2@gmail.com,"Pregão Eletrônico Aquisição, Manuten ção e Recarga de Extintores de Incêndio (GCALC)",Avenida Professor Luiz Freire N° 198 - Varzea/PE,25313,2023-07-19,2023-07-05,2023-07-05,2023-07-05,2023-07-21T10:58:39,True,legado
13501205000362023,13501205362023,21198002099202399,135012,5,PREGÃO,362023,Publicado,eletronico,Nacional,MARIA AUXILIADORA COELHO DE LIMA,Chefe Geral,7.0,6700.0,1112.06,,Pregão Eletrônico Formação de Regist ro de Preços para eventual fornecimento de emba lagens,Br 428 Km 152 S/n Zona Rural Caixa Postal 023 - /PE,25216,2023-07-17,2023-07-05,2023-07-05,2023-07-05,2023-07-24T16:20:48,False,legado
12063205000412023,12063205412023,67445000864202297,120632,5,PREGÃO,412023,Publicado,eletronico,Nacional,RODRIGO ANTONIO SILVEIRA DOS SANTOS,Ordenador de Despesas,14.0,1287.3,888.16,,Pregão Eletrônico Eventual aquisição de materiais específicos de dentística. (Relan çamento),Av Armindo Moura 500 - Boa Viagem/PE,25313,2023-07-18,2023-07-06,2023-07-06,2023-07-06,2023-09-06T15:43:21,False,legado
15847805000102022,15847805102022,23299001321202295,158478,5,PREGÃO,102022,Publicado,eletronico,Nacional,VALDEMIR MARIANO,Diretor Geral do Ifpe - Campus Pesqueira,183.0,155502.0,592089.57,,Pregão Eletrônico Aquisição de equip amentos e materiais para laboratório de referên cia em energia solar.,"Rodovia Br 232, Km 208, Loteamento Portal - Zona Rural/PE",23337,2023-07-18,2023-07-06,2023-07-06,2023-07-06,2023-11-06T14:33:25,False,legado
16019905000092023,1601990592023,64583007321202317,160199,5,PREGÃO,92023,Publicado,eletronico,Nacional,HAILTON ANTONIO CASARA CAVALCANTE,Ordenador de Despesas,16.0,,101.84,"Ocorrendo possíveis divergê ncias entre a descrição do item contido neste T ermo e a descrição vinculada ao código do mater ial no sistema Comprasnet (CATMAT), prevalecerá a descrição contida no Termo de Referência.","Pregão Eletrônico Prestação de servi ço de apoio de cantina, através de cessão de us o a título oneroso de área do patrimônio públic o, jurisdicionado ao Comando do Exército, refer ente à parcela do imóvel PE 07-0099, contendo u ma área total de 15,70 m² (quinze metros e sete nta centímetros).","Rua do Hospício, 563 - Boa Vista - Boa Vista/PE",25313,2023-07-18,2023-07-06,2023-07-06,2023-07-06,2023-07-21T12:12:36,True,legado
13001605000122023,13001605122023,21002000359202331,130016,5,PREGÃO,122023,Publicado,eletronico,Nacional,VERA LUCIA RODRIGUES CHAVES,Pregoeira Mor,5.0,7495.8,10181.23,,"Pregão Eletrônico É a escolha da pro posta mais vantajosa para a aquisição de gênero s alimentícios (café torrado e moído à vácuo, a çúcar tipo cristal, adoçante e filtros de papel ) em proveito do LFDA-PE, conforme condições, q uantidades e exigências estabelecidas no Edita l.",Rua Dom Manoel de Medeiros S/n - Dois Irmaos - Dois Irmãos/PE,25313,2023-07-18,2023-07-06,2023-07-06,2023-07-06,2023-07-19T11:05:16,False,legado
27505799000012023,2750579912023,023/2023         ,275057,99,RDC,12023,Publicado,eletronico,Nacional,CARLOS ROBERTO SA BARRETO BARROS FILHO,Gerente Operacional,1.0,743299.44,874469.93,,"Contratação de serviços de instalação d e equipamentos e obras complementares para impl antação da integração temporal no Terminal Inte grado das Estações Santa Luzia, Barro, Curado, Cosme Damião e Camaragibe da CBTU/STU-REC.","Rua José Natário,478 - Areias - Recife - Pe. - /PE",25313,2023-08-22,2023-08-01,2023-08-01,2023-08-01,2023-09-12T13:25:22,False,legado
19500205000032023,1950020532023,59530000710202399,195002,5,PREGÃO,32023,Publicado,eletronico,Nacional,GUSTAVO HENRIQUE DE ANDRADE MELO,Superintendente Regional   3a Sr,1.0,502400.0,6785.32,Os interessados ficam desde já notificados da necessidade de acessarem os sítios www.codevasf.gov.br e www.gov.br/compras /pt-br para ciência das eventuais alterações e esclarecimentos.,"Pregão Eletrônico Fornecimento, tran sporte, carga e descarga de ordenhadeiras mecân icas para uso na bovinocultura leiteira, destin ados a implantação de ações de inclusão produti va e outras demandas na área de atuação da Code vasf, no Estado de Pernambuco, sob jurisdição d a 3ª Superintendência Regional.","Rua Presidente Dutra, 160 - Centro/PE",25216,2023-08-11,2023-08-01,2023-08-01,2023-08-01,2023-10-11T11:02:18,False,legado
9003105000192023,9003105192023,0004718-10.2023.4,90031,5,PREGÃO,192023,Publicado,eletronico,Nacional,CAMILA LIMA KELLY,Pregoeira,2.0,,104.9,"Não será permitida a subcon tratação, no todo ou em parte, do objeto deste certame licitatório.Em caso de divergência e ntre as especificações deste objeto descritas n o Comprasgovernamentais e as especificações téc nicas constantes deste Edital, prevalecerão as últimas.","Pregão Eletrônico Contratação de emp resa especializada para o fornecimento, sob dem anda, de alimentação (tipo coffee break), neste compreendidos gêneros alimentícios prontos, in dustrializados, e bebidas, destinados à realiza ção de eventos internos, cursos e Sessões de Ju lgamento do Conselho de Administração do Tribun al Regional Federal da 5ª Região, para formação da Ata de Registro de Preços (ARP).","Av. Cais do Apolo, S/n - Ed. Min. Djaci Falcao - Bairro do Recife/PE",25313,2023-08-17,2023-08-02,2023-08-02,2023-08-02,2023-09-19T15:52:35,True,legado
9003105000212023,9003105212023,0004721-62.2023.4,90031,5,PREGÃO,212023,Publicado,eletronico,Nacional,CAMILA LIMA KELLY,Pregoeira,1.0,,71.38,"Não será permitida a subcon tratação, no todo ou em parte, do objeto deste certame licitatório. Em caso de divergência entre as especificações deste objeto descritas no Comprasgovernamentais e as especificações té cnicas constantes deste Edital, prevalecerão as últimas.","Pregão Eletrônico Contratação de emp resa especializada no fornecimento, sob demanda , de alimentação, neste compreendidos gêneros a limentícios prontos, industrializados, in natur a, e bebidas (sucos, refrigerantes, leites e ch ás) para os Magistrados, nos intervalos das Ses sões de Julgamento do Pleno do Tribunal Regiona l Federal da 5ª Região, para formação da Ata de Registro de Preços.","Av. Cais do Apolo, S/n - Ed. Min. Djaci Falcao - Bairro do Recife/PE",25313,2023-08-17,2023-08-02,2023-08-02,2023-08-02,2023-09-19T15:53:26,True,legado
9003105000232023,9003105232023,0006259-78.2023.4,90031,5,PREGÃO,232023,Publicado,eletronico,Nacional,FRANCISCO REIS NOGUEIRA SOBRINHO,Pregoeiro,1.0,219749.99,250619.08,"Não será permitida a subcon tratação, no todo ou em parte, do objeto deste certame licitatório. Em caso de divergência entre as especificações deste objeto descritas no Comprasgovernamentais e as especificações t écnicas constantes deste Edital, prevalecerão a s últimas.","Pregão Eletrônico Contratação de emp resa especializada para a prestação de serviços de fiscalização de obras de substituição do si stema de cabeamento estruturado dos Edifícios S ede e Esmafe do Tribunal Regional Federal da 5ª Região, além do sistema ininterrupto de energi a elétrica estabilizada que atende aos ativos d e rede, a partir do projeto executivo.","Av. Cais do Apolo, S/n - Ed. Min. Djaci Falcao - Bairro do Recife/PE",25313,2023-08-21,2023-08-02,2023-08-02,2023-08-02,2023-09-19T16:07:41,False,legado
16019905000122023,16019905122023,64583005063202326,160199,5,PREGÃO,122023,Publicado,eletronico,Nacional,HAILTON ANTONIO CASARA CAVALCANTE,Ordenador de Despesas,46.0,,2837.44,"Ocorrendo possíveis divergê ncias entre a descrição do item contido neste T ermo e a descrição vinculada ao código do mater ial no sistema Comprasnet(CATMAT), prevalecerá a descrição contida no Anexo I do Edital -Termo de Referência.",Pregão Eletrônico Registro de preços para eventual aquisição de materiais Descartáv eis para o serviço de Nutrição.,"Rua do Hospício, 563 - Boa Vista - Boa Vista/PE",25313,2023-08-14,2023-08-02,2023-08-02,2023-08-02,2024-01-18T11:35:35,True,legado
34300505000012023,3430050512023,01498.000285/2023,343005,5,PREGÃO,12023,Publicado,eletronico,Nacional,JACQUES ALBERTO RIBEMBOIM,Superintendente,33.0,,11742.0,,"Pregão Eletrônico A contratação de s erviços gráficos e confecção de materiais perso nalizados com fornecimento total da matéria-pr ima necessária para sua confecção, para atender à demanda da Superintendência do IPHAN em Per nambuco, descritos e qualificados conforme as especificações e as condições constantes deste Edital e seus anexos.","Rua Floriano Peixoto, Sn - São José/PE",25313,2023-08-16,2023-08-02,2023-08-02,2023-08-02,2023-08-24T10:00:16,True,legado
25704705000312023,25704705312023,25059000511202381,257047,5,PREGÃO,312023,Publicado,eletronico,Nacional,ANTONIO DE CARVALHO SA,Agente de Saúde Pública,1.0,70000.0,40.61,,"Pregão Eletrônico Aquisição de mater iais de construção (cimento) a serem utilizado s pelos Agente Indígena de Saneamento (AISAN s) , para serviços preventivos e corretivos dos Si stemas de Abastecimento de Água (SAA), CASAI, P olos Bases, Unidades Básicas de Saúde Indígena (UBSI s) e nas aldeias de responsabilidade do D istrito Sanitário Especial Indígena de Pernambu co (DSEI/PE).",Av. Norte Miguel Arraes de Alencar - Macaxeira/PE,25313,2023-08-15,2023-08-02,2023-08-02,2023-08-02,2023-11-10T07:58:17,False,legado
39302905001432023,393029051432023,5060400073202375 ,393029,5,PREGÃO,1432023,Publicado,eletronico,Nacional,EDUARDO DA COSTA PEREIRA DE OLIVEIRA,Pregoeiro,1.0,869565.61,869565.04,,"Pregão Eletrônico Contratação de emp resa especializada para prestar serviços de man utenção predial preventiva e corretiva, sob dem anda, com fornecimento de peças, equipamentos, EPI, materiais e mão de obra, nos sistemas, red es e instalações elétricas, telefônicas, lógica s, hidrossanitárias e de combate e prevenção a incêndios, e outros serviços previstos no Termo de Referência, a serem prestados nas estrutura s da sede da SR-DNIT/PE e de suas Unidades Loca is.","Av.antonio de Gois, 820 Bairro Pina - Recife - /PE",25313,2023-08-17,2023-08-03,2023-08-03,2023-08-03,2023-09-14T15:55:41,True,legado
27505705000182023,27505705182023,031              ,275057,5,PREGÃO,182023,Publicado,eletronico,Nacional,JULIANA TAVARES CORDEIRO GALVAO,Analista de Gestao - Administrador,2.0,,105.2,,Pregão Eletrônico Eventual aquisição de DESENGRAXANTE E SOLVENTE PARA USO EXCLUSIVO NA SUBESTAÇÃO RETIFICADORA DE 69KV para atendi mento da demanda da CBTU-STU/REC conforme termo de referência.,"Rua José Natário,478 - Areias - Recife - Pe. - /PE",25313,2023-08-16,2023-08-03,2023-08-03,2023-08-03,2023-09-05T11:28:47,False,legado
17005805000162023,17005805162023,19615720218202389,170058,5,PREGÃO,162023,Publicado,eletronico,Nacional,ELTON KLEBER DA SILVA,Chefe do Selic04,4.0,113000.0,12.74,,"Pregão Eletrônico Contratação de Con tratação de pessoa jurídica para a prestação de serviço continuado de destinação final de ciga rros e bebidas alcoólicas apreendidos, cujo esc opo dos serviços engloba a classificação, acond icionamento, carregamento, transporte, descarre gamento, destruição e a adequada destinação dos resíduos resultantes, observadas todas as norm as técnicas emitidas pelos órgãos competentes","Av. Alfredo Lisboa, 1152, 2º Andar, Bairro do Recife Antigo - /PE",25313,2023-08-15,2023-08-03,2023-08-03,2023-08-03,2023-11-07T15:58:31,False,legado
7001005000212023,7001005212023,0006672-97.2023  ,70010,5,PREGÃO,212023,Publicado,eletronico,Nacional,JOANA D ARC SIMOES DE BARROS,Pregoeira,5.0,2339.6,3060.29,,"Pregão Eletrônico Registro de preços para aquisição de mesa, armário, gaveteiro, qu adro e suporte para televisor, de acordo com as especificações constantes do Termo de Referênc ia (ANEXO I) do Edital.","Av. Gov. Agamenon Magalhaes, 1.160 - Sala 408 - Graças/PE",25313,2023-08-17,2023-08-03,2023-08-03,2023-08-03,2023-11-28T09:38:09,False,legado
15502205000702023,15502205702023,23536013079202391,155022,5,PREGÃO,702023,Publicado,eletronico,Nacional,JOAO LUIZ CAVALCANTI MARANHAO DE ALBUQUERQUE,Chefe do Setor de Administração Hc Ufpe Ebserh,14.0,,9383.15,Mais informações: (81) 2126 -3939,"Pregão Eletrônico Registro de preços visando eventual aquisição de Fármacos para o Serviço de Medicina Nuclear para atender demand a do Hospital das Clínicas de Pernambuco, filia l EBSERH.",Av. Professor Moraes Rego S/n - Cidade Universitária/PE,25313,2023-08-17,2023-08-03,2023-08-03,2023-08-03,2023-08-17T10:00:06,True,legado
13501205000422023,13501205422023,21198001020202311,135012,5,PREGÃO,422023,Publicado,eletronico,Nacional,MARIA AUXILIADORA COELHO DE LIMA,Chefe Geral,17.0,39600.0,1050.38,,Pregão Eletrônico Formação de Regist ro de Preços para a eventual aquisição de Mater ial de irrigação,Br 428 Km 152 S/n Zona Rural Caixa Postal 023 - /PE,25216,2023-08-16,2023-08-03,2023-08-03,2023-08-03,2023-08-18T15:34:16,False,legado
15814905000092023,1581490592023,23302100076202330,158149,5,PREGÃO,92023,Publicado,eletronico,Nacional,JOAO DERYSON FIGUEIREDO SAMPAIO,Equipe de Apoio,24.0,3510.0,5225.82,,Pregão Eletrônico Aquisição de ração animal para atender os Campi do IFSertãoPE.,"Rua Aristarco Lopes,nº 240- Centro - Centro/PE",25216,2023-08-16,2023-08-03,2023-08-03,2023-08-03,2023-12-13T14:55:39,False,legado
15502205000692023,15502205692023,23536002188202382,155022,5,PREGÃO,692023,Publicado,eletronico,Nacional,JOAO LUIZ CAVALCANTI MARANHAO DE ALBUQUERQUE,Chefe do Setor de Administração Hc Ufpe Ebserh,85.0,,26560.72,Mais informações: (81) 2126 -3939,"Pregão Eletrônico Registro de preços visando eventual aquisição de Material Médico Hospitalar Diversos para atender demanda do H ospital das Clínicas de Pernambuco, filial EBSE RH.",Av. Professor Moraes Rego S/n - Cidade Universitária/PE,25313,2023-08-16,2023-08-03,2023-08-03,2023-08-03,2024-03-26T17:31:54,True,legado
17005805000172023,17005805172023,19615721062202353,170058,5,PREGÃO,172023,Publicado,eletronico,Nacional,DREYFUS DIOGENES DE LIMA,Chefe da Dipol04,37.0,,62835.8,,Pregão Eletrônico Aquisição de telev isores e respectivos suportes articulados de in stalação e de ventiladores de parede (com supor te de fixação na parede).,"Av. Alfredo Lisboa, 1152, 2º Andar, Bairro do Recife Antigo - /PE",25313,2023-08-15,2023-08-03,2023-08-03,2023-08-03,2023-10-06T10:05:59,False,legado
12063205000552023,12063205552023,67437001968202307,120632,5,PREGÃO,552023,Publicado,eletronico,Nacional,RODRIGO ANTONIO SILVEIRA DOS SANTOS,Ordenador de Despesas,22.0,,1128505.04,,"Pregão Eletrônico Registro de prec o s para aquisic a o de Equipamentos Me dico-Hosp italares, para atender as necessidades e demand as nos diversos setores do Hospital de Aerona u tica de Recife.",Av Armindo Moura 500 - Boa Viagem/PE,25313,2023-08-16,2023-08-04,2023-08-04,2023-08-04,2023-10-11T17:08:10,False,legado
16019105000032023,1601910532023,642150036612023  ,160191,5,PREGÃO,32023,Publicado,eletronico,Nacional,ANTONIO MARCOS SANTOS MORAES,Ordenador de Despesas,63.0,33750.0,297090.45,,"Pregão Eletrônico Serviço comum de r eparação do complexo poliesportivo do CPOR/R, e m acordo com Edital e anexos.","Av. 17 de Agosto, 1020 - Casa Forte - Casa Forte/PE",25313,2023-08-18,2023-08-04,2023-08-04,2023-08-04,2023-08-23T11:06:38,True,legado
16019905000202023,16019905202023,64583010472202344,160199,5,PREGÃO,202023,Publicado,eletronico,Nacional,HAILTON ANTONIO CASARA CAVALCANTE,Ordenador de Despesas,166.0,,4378.12,,"Pregão Eletrônico Produtos para saúd e MMH 1 (GCALC), para atender as necessidades do Hospital Militar de Área de Recife (HMAR)e Órgãos participantes.","Rua do Hospício, 563 - Boa Vista - Boa Vista/PE",25313,2023-09-14,2023-09-01,2023-09-01,2023-09-01,2024-04-18T14:06:04,True,legado
15502205000842023,15502205842023,23536007685202113,155022,5,PREGÃO,842023,Publicado,eletronico,Nacional,JOAO LUIZ CAVALCANTI MARANHAO DE ALBUQUERQUE,Chefe do Setor de Administração Hc/ufpe/ebserh,1.0,10494108.48,10521563.64,Mais informações: (81) 2126 -3939,"Pregão Eletrônico Serviço continuado de produção e distribuição de alimentação por via oral e enteral para pacientes(adultos e inf antis), acompanhantes legalmente instituídos, r esidentes e alunos da graduação em regime de pl antão de 12 horas, do Hospital das Clínicas da Universidade Federal de Pernambuco Filial da E BSERH.",Av. Professor Moraes Rego S/n - Cidade Universitária/PE,25313,2023-10-02,2023-09-01,2023-09-01,2023-09-01,2023-11-01T14:19:12,False,legado
13001605000232023,13001605232023,21002000673202314,130016,5,PREGÃO,232023,Publicado,eletronico,Nacional,VERA LUCIA RODRIGUES CHAVES,Pregoeira,6.0,4022.0,9733.48,,"Pregão Eletrônico Aquisição de insum os químicos e biológicos para suprir a necessid ade das Unidades Analíticas de Microbiologia, D iagnóstico das Encefalopatias Espongiformes Tra nsmissíveis, IQA/POA, FCS, IQA/BEV do Laboratór io de Defesa Agropecuária em Recife (LFDA-PE).",Rua Dom Manoel de Medeiros S/n - Dois Irmaos - Dois Irmãos/PE,25313,2023-09-14,2023-09-01,2023-09-01,2023-09-01,2023-09-25T10:52:10,False,legado
39302905003952023,393029053952023,50604000087202399,393029,5,PREGÃO,3952023,Publicado,eletronico,Nacional,EDUARDO DA COSTA PEREIRA DE OLIVEIRA,Pregoeiro,4.0,,269145.6,,"Pregão Eletrônico Contratação de pes soa jurídica especializada para a prestação de serviços contínuos de manutenção preventiva e c orretiva em aparelhos de refrigeração, ar condi cionado, bem como eventuais instalações/desinst alações dos mesmos, pertencentes à Superintendê ncia Regional do DNIT no Estado do Pernambuco e respectivas Unidades Locais, mediante reposiçã o de peças, insumos e componentes genuínos dos respectivos fabricantes.","Av.antonio de Gois, 820 Bairro Pina - Recife - /PE",25313,2023-09-19,2023-09-01,2023-09-01,2023-09-01,2023-10-16T16:12:43,True,legado
27505705000112023,27505705112023,016              ,275057,5,PREGÃO,112023,Publicado,eletronico,Nacional,JULIANA TAVARES CORDEIRO GALVAO,Analista de Gestao - Administrador,1.0,686999.96,1525603.0,,"Pregão Eletrônico Prestação de servi ços de lavagem, desinfecção química, análise ba cteriológica de todos os reservatórios localiza dos nas diversas áreas da cbtu/stu-rec, incluin do o fornecimento de mão de obra especializada, materiais, produtos de limpeza e os equipament os necessários para execução do serviço (prazo de 30 meses).","Rua José Natário,478 - Areias - Recife - Pe. - /PE",25313,2023-09-25,2023-09-01,2023-09-01,2023-09-01,2023-11-13T15:21:35,False,legado
15316505000192023,15316505192023,23082.020013/2023,153165,5,PREGÃO,192023,Publicado,eletronico,Nacional,DANIELLE MENEZES DOS SANTOS ALMEIDA,Assistente Administrativa,11.0,6598.5,61517.2,,"Pregão Eletrônico Aquisição de acess órios e insumos de informática para atualização dos computadores de uso acadêmico e administra tivo da UAST, assim como reposição de acessóri os para equipamentos tombados.","Av. Gregório Ferraz Nogueira, S/n - Serra Talhada, Pe, - José Tomé de Souza/PE",25313,2023-09-19,2023-09-01,2023-09-01,2023-09-01,2023-10-06T13:21:12,True,legado
9003105000252023,9003105252023,3755-02.2023.4.05,90031,5,PREGÃO,252023,Publicado,eletronico,Nacional,FRANCISCO REIS NOGUEIRA SOBRINHO,Pregoeiro,1.0,,174112.26,"Não será permitida a subcon tratação, no todo ou em parte, do objeto deste certame licitatório.Em caso de divergência entr e as especificações deste objeto descritas no C omprasgovernamentais e as especificações técnic as constantes deste Edital, prevalecerão as últ imas.","Pregão Eletrônico Contratação de emp resa especializada para a execução dos serviços de limpeza dos vidros das esquadrias das facha das, de reparos e complementações em componente s construtivos diversos do Edifício Sede do Tri bunal Regional Federal da 5ª Região.","Av. Cais do Apolo, S/n - Edf. Ministro Djaci Falcão - Recife Antigo/PE",25313,2023-09-20,2023-09-04,2023-09-04,2023-09-04,2023-10-15T11:09:14,True,legado
9003105000262023,9003105262023,1857-51.2023.4.05,90031,5,PREGÃO,262023,Publicado,eletronico,Nacional,FRANCISCO REIS NOGUEIRA SOBRINHO,Pregoeiro,14.0,,18592.93,"Não será permitida a subcon tratação, no todo ou em parte, do objeto deste certame licitatório.Em caso de divergência entr e as especificações deste objeto descritas no C omprasgovernamentais e as especificações técnic as constantes deste Edital, prevalecerão as últ imas.","Pregão Eletrônico Contratação de emp resa especializada em prestação de serviços de Tradutor e Intérprete de Libras e de audiodescr ição, de acessibilidade à informação e à comuni cação, com possibilidade de auxílio de tecnolog ia assistiva ou outra que complemente as necess idades individuais, para o Tribunal Regional Fe deral da 5ª RegiãoTRF5, para formação de Ata de Registro de Preços (ARP).","Av. Cais do Apolo, S/n - Edf. Ministro Djaci Falcão - Recife Antigo/PE",25313,2023-09-20,2023-09-04,2023-09-04,2023-09-04,2023-10-11T09:32:22,True,legado
16018305000162023,16018305162023,64108001886202398,160183,5,PREGÃO,162023,Publicado,eletronico,Nacional,REGIS FERNANDO DA SILVA,Ordenador de Despesas,17.0,,1003.98,,"Pregão Eletrônico Eventual contrataç ão de empresa para fornecimento de material de acondicionamento, embalagem, copa e cozinha.","Av. Cardoso de Sa, S/n - Vila Eduardo - /PE",25216,2023-09-19,2023-09-04,2023-09-04,2023-09-04,2023-09-22T14:38:52,True,legado
20039803000022023,2003980322023,08400004422202277,200398,3,CONCORRÊNCIA,22023,Publicado,eletronico,Nacional,MARCELO PEREIRA DE VASCONCELOS,Presidente da Comissão de Contratação,1.0,863000.0,1246233.76,"O Edital e Anexos também es tará disponível em https://www.gov.br/pf/pt-br/ assuntos/licitacoes/2023/pernambuco/concorrenci a. Ressalta-se que no ato de cadastramento da p roposta o licitante não precisa mais cadastrar previamente a proposta formal e os documentos d e habilitação. Tudo será anexado, via Sistema, após a convocação da Comissão de Contratação.","Contratação de empresa especializada, e m regime de empreitada por preço global, para e xecutar obra da Preparação do Terreno e a Const rução do Muro no local destinado a ser a futura Sede da DPF/CRU/PE, localizada na Avenida Proj etada 01, Bairro Universitário, no Loteamento I nstitucional, no Município de Caruaru/PE.","Avenida Antônio de Góes, 60 Sl 1501, Pina, Recife/pe - Pina/PE",25313,2023-09-20,2023-09-04,2023-09-04,2023-09-04,2023-11-09T16:08:54,True,legado
24013705000052023,2401370552023,01202000297202302,240137,5,PREGÃO,52023,Publicado,eletronico,Nacional,EDUARDO EUGENIO FERREIRA CAMPOS,Pregoeiro,80.0,,6267.09,,Pregão Eletrônico Aquisição de Mater iais de Consumo para Limpeza e Conservação,"Av. Prof. Luis Freire, 1 - Cidade Universitaria - Cidade Universitária/PE",25313,2023-09-18,2023-09-04,2023-09-04,2023-09-04,2023-10-04T15:19:16,True,legado
7001005000372023,7001005372023,0028908-77.2022  ,70010,5,PREGÃO,372023,Publicado,eletronico,Nacional,LILIAN RAFAELI DUTRA SILVEIRA,Pregoeira,36.0,10000.0,50451.62,,"Pregão Eletrônico Contratação de ser viços de apoio a eventos necessários à realizaç ão de solenidades, treinamentos e reuniões de t rabalho realizadas pelo TRE-PE, para os exercíc ios de 2023/2024, de acordo com as especificaçõ es constantes do Termo de Referência (ANEXO I d o Edital).","Av. Gov. Agamenon Magalhaes, 1.160, 4º Andar, Sala 408 - Graças/PE",25313,2023-09-18,2023-09-04,2023-09-04,2023-09-04,2023-10-10T13:01:43,False,legado
9003105000322023,9003105322023,0005675-45.2022.4,90031,5,PREGÃO,322023,Publicado,eletronico,Nacional,CAMILA LIMA KELLY,Pregoeira,100.0,56.28,6830.89,"Não será permitida a subcon tratação, no todo ou em parte, do objeto deste certame licitatório. Em caso de divergência entre as especificações técnicas do objeto des critas no Sistema SIASG do portal Comprasgovern amentais e as descritas neste Edital, prevalece rão estas.","Pregão Eletrônico Contratação de emp resa especializada para aquisição de materiais de consumo da área da saúde Pedido 1 (medicin a, odontologia e enfermagem) que compõem o Núcl eo de Assistência à Saúde do Tribunal Regional Federal da 5ª Região, para formação da Ata de R egistro de Preços (ARP).","Av. Cais do Apolo, S/n - Ed. Min. Djaci Falcao - Bairro do Recife/PE",25313,2023-09-19,2023-09-05,2023-09-05,2023-09-05,2023-10-03T12:45:16,False,legado
16022505000242023,16022505242023,64361006237202382,160225,5,PREGÃO,242023,Publicado,eletronico,Nacional,CLEANTO ALVES DE FRANCA,Ordenador de Despesas Substituto,77.0,,4022.37,,"Pregão Eletrônico Aquisição de mater ial de EPI e EPC em proveito da Base Administra tiva do Curado, OMV e OMP do GCALC/RECIFE.",Avenida Professor Luiz Freire N° 198 - Bairro Curado - Várzea/PE,25313,2023-09-18,2023-09-05,2023-09-05,2023-09-05,2023-10-19T15:15:29,True,legado
51067705000082023,5106770582023,35014335841202171,510677,5,PREGÃO,82023,Publicado,eletronico,Nacional,DERALDO SALVADOR DE LIMA,"Coordenador Geral de Orçamento, Finanças e Logística",1.0,9000.0,10001.14,,"Pregão Eletrônico Contratação de ser viços de desinsetização, desratização e descupi nização para atender às necessidades nas depend ências dos imóveis da Gerência Executiva do INS S no município de Imperatriz/MA, conforme condi ções, quantidades e exigências estabelecidas ne ste instrumento e seus anexos.","Av. Dantas Barreto, Nº 300 , Sala 101, Santo Antonio - Centro/PE",25313,2023-09-18,2023-09-05,2023-09-05,2023-09-05,2023-10-10T13:48:22,False,legado
15308005000252023,15308005252023,23076047612202278,153080,5,PREGÃO,252023,Publicado,eletronico,Nacional,RODRIGO DANNIEL DA SILVA ALEXANDRE,Coordenador de Licitações,580.0,,103460.73,Mais informações: (81) 2126 -8065,"Pregão Eletrônico Registro de preços para eventual aquisição de SUBSTÂNCIAS QUÍMICA S E REAGENTES para atender as necessidades da U niversidade Federal de Pernambuco (UFPE), conf orme condições, quantidades e exigências estabe lecidas neste instrumento.","Av da Arquitetura, S/n - Cidade Universitária/PE",25313,2023-09-21,2023-09-06,2023-09-06,2023-09-06,2025-02-27T13:22:10,False,legado
20020705000042023,2002070542023,1.05.0165/2023-44,200207,5,PREGÃO,42023,Publicado,eletronico,Nacional,RACHEL RODRIGUES WANDERLEY,Pregoeira,37.0,,4391.87,,Pregão Eletrônico Registro de preços para aquisição de material elétrico e de manut enção predial.,"Rua Frei Matias Teves, Nº 65 - Ilha do Leite/PE",25313,2023-10-18,2023-10-03,2023-10-03,2023-10-03,2023-11-27T15:15:39,True,legado
15316505000242023,15316505242023,23082023448202339,153165,5,PREGÃO,242023,Publicado,eletronico,Nacional,JORGE LUIZ LACERDA DE QUEIROZ,Pregoeiro,1.0,39800.0,54000.0,,"Pregão Eletrônico Contratação de ser viços de locação, montagem e desmontagem de St ands para a participação da Universidade Federa l Rural de Pernambuco (UFRPE) na 80ª Exposição Nordestina de Animais e Produtos Derivados",Rua Dom Manoel de Medeiros S/n - Dois Irmaos - /PE,25313,2023-10-17,2023-10-02,2023-10-02,2023-10-03,2023-10-18T18:05:59,True,legado
19500205000092023,1950020592023,59530001660202367,195002,5,PREGÃO,92023,Publicado,eletronico,Nacional,EDILAZIO WANDERLEY DE LIMA FILHO,Superintendente Regional   3a Sr,4.0,,106423.24,Os interessados ficam desde já notificados da necessidade de acessarem os sítios www.codevasf.gov.br e www.gov.br/compras /pt-br para ciência das eventuais alterações e esclarecimentos.,"Pregão Eletrônico Fornecimento, carg a, transporte e descarga, de máquinas e equipam entos para compor Kit bovinocultura leiteira, c om objetivo de atendimento de demanda de grupo de produtores de leite, mediante a promoção de ações de estruturação da cadeia produtiva, em d iversas localidades no estado de Pernambuco.","Rua Presidente Dutra, 160 - Centro/PE",25216,2023-10-16,2023-10-03,2023-10-03,2023-10-03,2023-11-13T12:39:57,False,legado
20039805000062023,2003980562023,08200009389202066,200398,5,PREGÃO,62023,Publicado,eletronico,Nacional,MARCELO PEREIRA DE VASCONCELOS,Pregoeiro,5.0,2091986.0,529567.89,"Havendo divergências entre informações cadastradas no Sistema e as constan tes no Edital/Anexos, prevalecerá as constantes no Edital. ATENÇÃO: Os locais de entrega estão previstos no Anexo II do Termo de Referência. O Edital e anexos também estarão disponíveis no Site da Polícia Federal.","Pregão Eletrônico Eventual e futura aquisição de Servidores de armazenamento para a s Unidades da Coordenação Geral de Polícia de R epressão a Drogas, Armas e Facções Criminosas ( CGPRE), Divisão de Repressão a Crimes Cibernéti cos (DRCC), Superintendência Regional de Políci a Federal em Pernambuco (SR/PF/PE) e Delegacias Descentralizadas em PE.","Avenida Antônio de Góes, 60 Sl 1501, Pina, Recife/pe - Pina/PE",25313,2023-10-17,2023-10-03,2023-10-03,2023-10-03,2023-11-20T12:14:53,False,legado
27505705000452023,27505705452023,071              ,275057,5,PREGÃO,452023,Publicado,eletronico,Nacional,PRISCILA SANTOS QUEIROZ,Ang - Administrador,1.0,191900.0,192750.0,,"Pregão Eletrônico Aquisição de banco de baterias 40AH para nobreak 50KVA, para aten dimento da demanda da CBTU-STU/REC.","Rua José Natário,478 - Areias - Recife - Pe. - /PE",25313,2023-10-17,2023-10-03,2023-10-03,2023-10-03,2023-11-14T10:18:41,False,legado
13001605000282023,13001605282023,21002000889202380,130016,5,PREGÃO,282023,Publicado,eletronico,Nacional,VERA LUCIA RODRIGUES CHAVES,Pregoeira,35.0,3270.0,13724.71,,"Pregão Eletrônico Aquisição de EPI e material laboratorial para atender a Unidade N úcleo de Gestão de Riscos Biológicos e Químicos do LFDA-PE, conforme condições, quantidades e exigências estabelecidas no Edital e Anexos.",Rua Dom Manoel de Medeiros S/n - Dois Irmaos - Dois Irmãos/PE,25313,2023-10-18,2023-10-02,2023-10-02,2023-10-03,2023-12-18T10:42:39,False,legado
13001605000292023,13001605292023,21002000684202302,130016,5,PREGÃO,292023,Publicado,eletronico,Nacional,VERA LUCIA RODRIGUES CHAVES,Pregoeira,1.0,201000.0,11745.74,,"Pregão Eletrônico Aquisição de aquis ição de Insumos Influenza e Doenças Newcastle, para atender a Unidade de Diagnóstico Animal (D IA) do LFDA-PE.",Rua Dom Manoel de Medeiros S/n - Dois Irmaos - Dois Irmãos/PE,25313,2023-10-18,2023-10-02,2023-10-02,2023-10-03,2023-11-14T14:44:12,False,legado
15813699000012023,1581369912023,23736008097202357,158136,99,RDC,12023,Publicado,eletronico,Nacional,JOAO BATISTA ALVES DE OLIVEIRA,Coordenador de Compras,1.0,20246474.48,24999999.36,Anexos disponíveis no link: https://drive.google.com/drive/folders/1BKkSh6 bWrlx3uK8EeRNTwiU2AmvguCSW?usp=drive_link,"Contratação de empresa especializada em engenharia para executar a obra de construção do CAMPUS OLINDA, DO INSTITUTO FEDERAL DE EDUCA ÇÃO, CIÊNCIA E TECNOLOGIA DE PERNAMBUCO, com o fornecimento e aplicação de materiais necessári os, conforme especificações, elementos técnicos , condições, quantidades e exigências estabelec idas no Edital e seus anexos.","Av. Profº Luiz Freire, Nº 500 - Curado/PE",25313,2023-10-24,2023-10-02,2023-10-02,2023-10-03,2023-11-21T15:29:26,False,legado
8000605000382023,8000605382023,17.443/2023      ,80006,5,PREGÃO,382023,Publicado,eletronico,Nacional,FABIANO ANTONIO MARQUES GUEDES DA CRUZ FILHO,Pregoeiro,2.0,,133296.6,,"Pregão Eletrônico Aquisição de condi cionadores de ar, tipo janela , a fim de atend er à demanda desses equipamentos nas Unidades d o Tribunal Regional do Trabalho da 6ª Região (T RT6).","Cais do Apolo Nº 739, Bairro do Recife, Recife/pe. - /PE",25313,2023-10-17,2023-10-02,2023-10-02,2023-10-03,2024-04-04T16:16:09,False,legado
7001005000252023,7001005252023,0026060-20.2022  ,70010,5,PREGÃO,252023,Publicado,eletronico,Nacional,ELIANE RODRIGUES DE CARVALHO SILVA,Pregoeira,20.0,14980.0,69576.51,,"Pregão Eletrônico Aquisição de mater iais de Copa e Cozinha, Limpeza e Prod. Higieni zação, Manutenção de bens imóveis/instalações, Manutenção de bens móveis, Elétricos, Segurança e Proteção.","Av. Gov. Agamenon Magalhaes, 1.160 - Sala 408 - 4º Andar - Graças/PE",25313,2023-10-17,2023-10-02,2023-10-02,2023-10-03,2023-11-10T13:53:22,True,legado
16019905000262023,16019905262023,64583011794202319,160199,5,PREGÃO,262023,Publicado,eletronico,Nacional,HAILTON ANTONIO CASARA CAVALCANTE,Ordenador de Despesas,184.0,,3258.1,"Ocorrendo possíveis divergê ncias entre a descrição do item contido neste T ermo e a descrição vinculada ao código do mater ial no sistema Comprasnet(CATMAT), prevalecerá a descrição contida no Anexo I do Edital -Termo de Referência.","Pregão Eletrônico Registro de preços para eventual aquisição de Fios Cirúrgicos, pa ra atender as necessidades do Hospital Militar de Área de Recife (HMAR).","Rua do Hospício, 563 - Boa Vista - Boa Vista/PE",25313,2023-10-16,2023-10-02,2023-10-02,2023-10-03,2024-09-19T12:07:47,True,legado
8000605000362023,8000605362023,1.497/2023       ,80006,5,PREGÃO,362023,Publicado,eletronico,Nacional,AURELAIDE DE SOUZA NASCIMENTO MENEZES,Pregoeira,1.0,84274.0,122628.34,,"Pregão Eletrônico Aquisição de Subsc rições do Atlassian Jira Software Cloud Premium , ciclo de faturamento anual, para 100 usuários , por 12 meses, incluindo suporte gratuito da A tlassian.","Cais do Apolo Nº 739, Bairro do Recife, Recife/pe. - /PE",25313,2023-10-17,2023-10-02,2023-10-02,2023-10-03,2024-03-25T10:49:44,False,legado
27505705000392023,27505705392023,60               ,275057,5,PREGÃO,392023,Publicado,eletronico,Nacional,SAVYO DOS SANTOS SOUZA,Analista de Gestão,14.0,2490.0,2870.42,,"Pregão Eletrônico Eventual aquisição de disjuntores, contatores e acessórios elétri cos para atender à demanda da CBTU-STU/REC conf orme termo de referência.","Rua José Natário,478 - Areias - Recife - Pe. - /PE",25313,2023-10-17,2023-10-03,2023-10-03,2023-10-03,2023-10-30T11:29:43,False,legado
7001005000342023,7001005342023,0028551-97.2022  ,70010,5,PREGÃO,342023,Publicado,eletronico,Nacional,JOANA D ARC SIMOES DE BARROS,Pregoeira,2.0,124999.5,246588.34,,"Pregão Eletrônico Contratação de ser viço de interpretação simultânea em Língua Bras ileira de Sinais (Libras), sob demanda.","Av. Gov. Agamenon Magalhaes, 1.160 - Sala 408 - Graças/PE",25313,2023-10-20,2023-10-03,2023-10-03,2023-10-03,2023-11-10T13:47:46,True,legado
27505705000312023,27505705312023,051/2023         ,275057,5,PREGÃO,312023,Publicado,eletronico,Nacional,CARLOS ROBERTO SA BARRETO BARROS FILHO,Gerente Operacional,1.0,1183453.52,1183453.52,,Pregão Eletrônico Contratação de ser viços de recuperação dos elementos em concreto das fachadas do edifício principal operacional administrativo da CBTU/STU-REC.,"Rua José Natário,478 - Areias - Recife - Pe. - /PE",25313,2023-10-25,2023-10-03,2023-10-03,2023-10-03,2023-12-19T13:41:22,True,legado
12063205000702023,12063205702023,67437003609202386,120632,5,PREGÃO,702023,Publicado,eletronico,Nacional,RODRIGO ANTONIO SILVEIRA DOS SANTOS,Ordenador de Despesas,3.0,44883.0,85086.0,,"Pregão Eletrônico Contratação de SER VIÇO DE ESTERILIZAÇÃO, REESTERILIZAÇÃO E/OU REP ROCESSAMENTO DE ARTIGOS MÉDICO-CIRÚRGICOS HOSPI TALARES TERMORRESISTENTES pela tecnologia de va por a alta temperatura a 134° (VTA) e à baixa t emperatura pelas tecnologias de peróxido de hid rogênio a baixa temperatura (PPH) e de vapor a baixa temperatura e formaldeído gasoso (VBTF) d os materiais termossensíveis e delicados, para atender às necessidades do Hospital de Aeronáut ica de Recife.",Av Armindo Moura 500 - Boa Viagem/PE,25313,2023-10-19,2023-10-04,2023-10-04,2023-10-04,2023-12-11T15:23:01,True,legado
9003105000312023,9003105312023,0008750-58.2023.4,90031,5,PREGÃO,312023,Publicado,eletronico,Nacional,CAMILA LIMA KELLY,Pregoeira,1.0,590000.0,671265.32,"Não será permitida a subcon tratação, no todo ou em parte, do objeto deste certame licitatório. Em caso de divergência entre as especificações deste objeto descritas no Comprasgovernamentais e as especificações t écnicas constantes deste Edital, prevalecerão a s últimas.","Pregão Eletrônico Contratação de emp resa especializada para execução dos serviços d e engenharia para a reforma/adaptação necessári a à readequação de área física para a instalaçã o de 02 miniauditórios no 2º andar do Edf. Sede , do Tribunal Regional Federal da 5ª Região.","Av. Cais do Apolo, S/n - Ed. Min. Djaci Falcao - Bairro do Recife/PE",25313,2023-10-23,2023-10-04,2023-10-04,2023-10-04,2023-11-16T18:03:27,True,legado
19500205000102023,19500205102023,59530001328202301,195002,5,PREGÃO,102023,Publicado,eletronico,Nacional,EDILAZIO WANDERLEY DE LIMA FILHO,Superintendente Regional da Codevasf   3.ª Sr,2.0,1260000.0,66045.54,Os interessados ficam desde já notificados da necessidade de acessarem os sites www.codevasf.gov.br e www.comprasgovernam entais.gov.br para ciência das eventuais altera ções e esclarecimentos.,"Pregão Eletrônico Fornecimento, carg a, transporte e descarga, por Sistema de Regist ro de PreçosSRP, de Máquinas e Equipamentos Apícolas para atendimento de diversas localidad es, no âmbito da 3ª Superintendência Regional d a CODEVASF, no estado de Pernambuco.","Rua Presidente Dutra, 160 - Centro/PE",25216,2023-10-17,2023-10-04,2023-10-04,2023-10-04,2023-11-28T08:57:28,False,legado
27505705000292023,27505705292023,045              ,275057,5,PREGÃO,292023,Publicado,eletronico,Nacional,PRISCILA SANTOS QUEIROZ,Ang - Administrador,1.0,3270000.0,3605314.59,,"Pregão Eletrônico Contratação de emp resa especializada para realização de serviço d e reforma de 15 (quinze) motores de tração, ti po G418AY, da frota de trens Santa Matilde (CIS M), da STU-REC, com fornecimento e aplicação de materiais e componentes. o objeto classifica-s e como serviço de natureza singular.","Rua José Natário,478 - Areias - Recife - Pe. - /PE",25313,2023-10-26,2023-10-04,2023-10-04,2023-10-04,2023-12-04T13:46:24,False,legado
16022505000172023,16022505172023,64361003986202358,160225,5,PREGÃO,172023,Publicado,eletronico,Nacional,CLEANTO ALVES DE FRANCA,Od b Adm Curado,11.0,,9338.07,,Pregão Eletrônico Contratação de ser viço de controle de pragas e manutenção de rese rvatório de água para atender as necessidades d a Base Administrativa do Curado e das Organizaç ões Militares participantes GCALC/ 7,Avenida Professor Luiz Freire N° 198 - Bairro Curado - /PE,25313,2023-10-30,2023-10-04,2023-10-04,2023-10-04,2023-12-01T10:19:28,True,legado
12063205000762023,12063205762023,67614021189202241,120632,5,PREGÃO,762023,Publicado,eletronico,Nacional,RODRIGO ANTONIO SILVEIRA DOS SANTOS,Ordenador de Despesas,1.0,,86512.38,,"Pregão Eletrônico Serviço de substit uição da estrutura metálica que sustenta o cabe amento elétrico e de sinal, assim como o guia d a onda do radar AS23SS do DTCEA-SL, a saber, le ito do radar, na localidade de São Luís-MA, inc luindo a desmontagem da estrutura antiga, assim como o fornecimento e montagem de todo o mater ial necessário à montagem do novo leito.",Av Armindo Moura - Boa Viagem/PE,25313,2023-11-16,2023-11-01,2023-11-01,2023-11-01,2023-12-21T13:38:04,False,legado
7001005000412023,7001005412023,0003962-07.2023  ,70010,5,PREGÃO,412023,Publicado,eletronico,Nacional,LILIAN RAFAELI DUTRA SILVEIRA,Pregoeira,3.0,466200.0,1318012.58,,"Pregão Eletrônico Contratação de sub scrição das licenças Windows Server e contrataç ão de CALs (Client Access Licences) de acesso p or usuário com software assurance, ambos por 36 meses, e de serviço anti-spam, anti-vírus e ga teway de correio eletrônico, por 12 meses, de a cordo com as especificações constantes do Termo de Referência (ANEXO I) deste Edital.","Av. Gov. Agamenon Magalhaes, 1.160 , 4º Andar, Sala 408 - Graças/PE",25313,2023-11-22,2023-11-01,2023-11-01,2023-11-01,2023-12-20T17:31:01,True,legado
16002305000052023,1600230552023,64408002818202361,160023,5,PREGÃO,52023,Publicado,eletronico,Nacional,PEDRO AFONSO DOS SANTOS JUNIOR,Ordenador de Despesas,379.0,,7003.18,,Pregão Eletrônico Aquisição de gêner os alimentícios para atender as demandas da 10ª Companhia de Engenharia de Combate e Unidade G estora Participante.,"Rod. Pe 180, Km 5 - São Bento do Una - Pe - /PE",25593,2023-11-14,2023-11-01,2023-11-01,2023-11-01,2024-01-22T09:29:57,True,legado
34300505000092023,3430050592023,014980005142023  ,343005,5,PREGÃO,92023,Publicado,eletronico,Nacional,JACQUES ALBERTO RIBEMBOIM,Superintendente,1.0,9182.0,18386.69,,Pregão Eletrônico Contratação de ser viços continuados de manutenção preventiva e co rretiva do elevador da Sede do IPHAN-PE.,"Rua Floriano Peixoto, S/n - Santo Antônio/PE",25313,2023-11-21,2023-11-01,2023-11-01,2023-11-01,2023-11-22T14:47:07,True,legado
34400205000152023,34400205152023,0453/2023-51     ,344002,5,PREGÃO,152023,Publicado,eletronico,Nacional,AIDA MARIA MONTEIRO SILVA,Diretora de Planejamento e Administração,2.0,66000.0,43.6,,"Pregão Eletrônico Contratação de emp resa especializada para confecção e acabamento de sacolas (Sacolas ecológicas em Sarja 100% al godão e Sacolas em Lona/ Ecobag), incluindo a a rte gráfica final, para atender às demandas da Fundação Joaquim Nabuco, pelo prazo de 12 (doze ) meses.","Av. 17 de Agosto, 2187 - Casa_forte - Casa Forte/PE",25313,2023-11-14,2023-11-01,2023-11-01,2023-11-01,2024-03-11T14:54:41,False,legado
12063205000842023,12063205842023,67230001669202381,120632,5,PREGÃO,842023,Publicado,eletronico,Nacional,RODRIGO ANTONIO SILVEIRA DOS SANTOS,Ordenador de Despesas,9.0,2850.0,2650.87,,"Pregão Eletrônico Registro de prec o s para a contratac a o de curso de atualizac a o e formac a o de condutores para dirigir vei c ulos de transporte coletivo de passageiros, tra nsporte de cargas indivisi veis, transporte de produtos perigosos e transporte de emerge ncia, bem como curso de Norma Regulamentadora nº 20 NR 20.",Av Armindo Moura - Boa Viagem/PE,25313,2023-11-16,2023-11-01,2023-11-01,2023-11-01,2024-05-21T14:02:03,False,legado
15442105000422023,15442105422023,23402022253202310,154421,5,PREGÃO,422023,Publicado,eletronico,Nacional,LEANDRO ALEXANDRINO PEREIRA CAMPOS,Pregoeiro,1.0,34800.0,332400.0,,"Pregão Eletrônico Contratação de ser viços Contratação de pessoa jurídica especializ ada na prestação de serviços de seguro coletivo contra acidentes pessoais, abrangendo morte ac idental, invalidez permanente total ou parcial por acidente, despesas médicas hospitalares e o dontológicas, e assistências gerais e específic as, destinado aos alunos da Universidade Feder al do Vale Do São Francisco, que estejam realiz ando estágio curricular obrigatório.",Av. José de Sá Maniçoba S/nº Centro-campus Universitário Petrolina - Centro/PE,25216,2023-11-20,2023-11-01,2023-11-01,2023-11-01,2023-11-28T17:36:51,True,legado
7001005000322023,7001005322023,0023301-83.2022  ,70010,5,PREGÃO,322023,Publicado,eletronico,Nacional,LILIAN RAFAELI DUTRA SILVEIRA,Pregoeira,1.0,154000.0,219985.38,,"Pregão Eletrônico A contratação de e mpresa para prestação de serviços de substituiç ão dos sistemas de impermeabilização e drenagem da laje de coberta do primeiro pavimento da Se ção de Almoxarifado (Anexo I Rui Barbosa), de acordo com as especificações constantes do Ter mo de Referência (ANEXO I) deste Edital.","Av. Gov. Agamenon Magalhaes, 1.160, 4º Andar, Sala 408 - Graças/PE",25313,2023-11-22,2023-11-01,2023-11-01,2023-11-01,2023-12-18T14:21:02,True,legado
13001605000312023,13001605312023,21002000345202318,130016,5,PREGÃO,312023,Publicado,eletronico,Nacional,VERA LUCIA RODRIGUES CHAVES,Pregoeira Mor do Lfda/pe,5.0,,3704.22,,"Pregão Eletrônico Aquisição de insum os para Influenza Aviária, AIE e Mormo.",Rua Dom Manoel de Medeiros S/n - Dois Irmaos - Dois Irmãos/PE,25313,2023-11-17,2023-11-01,2023-11-01,2023-11-01,2023-12-12T09:00:06,False,legado
9003105000512023,9003105512023,7213-27.2023.4.05,90031,5,PREGÃO,512023,Publicado,eletronico,Nacional,FRANCISCO REIS NOGUEIRA SOBRINHO,Pregoeiro,22.0,,22.0,"Não será permitida a subcon tratação, no todo ou em parte, do objeto deste certame licitatório.Em caso de divergência entr e as especificações deste objeto descritas no C omprasgovernamentais e as especificações técnic as constantes deste Edital, estas prevalecerão.","Pregão Eletrônico Contratação de emp resa para o fornecimento e entrega, sob demanda , de materiais de manutenção predial para o Tri bunal Regional Federal da 5ª Região, mediante S istema de Regsitro de PreçoSRP.","Av. Cais do Apolo, S/n - Edf. Ministro Djaci Falcão - Recife Antigo/PE",25313,2023-11-23,2023-11-03,2023-11-03,2023-11-03,2023-12-14T16:41:28,True,legado
15502205001112023,155022051112023,23536014555202391,155022,5,PREGÃO,1112023,Publicado,eletronico,Nacional,JOAO LUIZ CAVALCANTI MARANHAO DE ALBUQUERQUE,Chefe do Setor de Administração Hc/ufpe/ebserh,14.0,,893976.22,Mais informações: (81) 2126 -3939,"Pregão Eletrônico Registro de preços visando eventual aquisição de Equipamentos Hos pitalares para atender demanda do Hospital das Clínicas de Pernambuco, filial EBSERH.",Av. Professor Moraes Rego S/n - Cidade Universitária/PE,25313,2023-11-20,2023-11-03,2023-11-03,2023-11-03,2023-11-20T09:00:02,True,legado
9003105000342023,9003105342023,9515-29.2023.4.05,90031,5,PREGÃO,342023,Publicado,eletronico,Nacional,FRANCISCO REIS NOGUEIRA SOBRINHO,Pregoeiro,6.0,21900.0,88900.0,"Não será permitida a subcon tratação, no todo ou em parte, do objeto deste certame licitatório.Em caso de divergência entr e as especificações deste objeto descritas no C omprasgovernamentais e as especificações técnic as constantes deste Edital, estas prevalecerão.","Pregão Eletrônico Contratação de emp resa especializada para o fornecimento de área de hospedagem Moodle em servidor de internet pa ra a conta ""ead.trf5.jus.br"", com aplicativo We b instalado, bem como todos os programas de ser vidor necessários ao funcionamento e gestão ope racional do mesmo, para o Tribunal Regional Fed eral da 5ª Região.","Av. Cais do Apolo, S/n - Edf. Ministro Djaci Falcão - Recife Antigo/PE",25313,2023-11-17,2023-11-03,2023-11-03,2023-11-03,2023-11-27T14:23:06,False,legado
15316505000312023,15316505312023,23082026717202319,153165,5,PREGÃO,312023,Publicado,eletronico,Nacional,ALEX SILVA DE SALES,Pregoeiro,1.0,31736.4,31736.4,,Pregão Eletrônico Aquisição de Ração para animais do Biotério do Departamento de Mo rfologia e Fisiologia Animal DMFA da Universi dade Federal Rural de Pernambuco UFRPE.,Rua Dom Manoel de Medeiros S/n - Dois Irmaos - /PE,25313,2023-11-16,2023-11-03,2023-11-03,2023-11-03,2023-11-20T17:37:20,True,legado
16019905000342023,16019905342023,64583012300202313,160199,5,PREGÃO,342023,Publicado,eletronico,Nacional,HAILTON ANTONIO CASARA CAVALCANTE,Ordenador de Despesas,26.0,,18171.76,,"Pregão Eletrônico Registro de preços para contratação de serviço não continuado de manutenção preventiva e corretiva . instalação e desinstalação para aparelhos/ equipamentos co ndicionadores de ar, com reposição de peças e s em mão ode obra exclusiva, visando atender as n ecessidades do Hospital do Hospital Militar de Área de Recife (HMAR).","Rua do Hospício, 563 - Boa Vista - /PE",25313,2023-11-20,2023-11-03,2023-11-03,2023-11-03,2023-11-28T15:35:57,True,legado
16019805000082023,1601980582023,64453002758202331,160198,5,PREGÃO,82023,Publicado,eletronico,Nacional,FLAVIO SARAIVA QUINTELLA,Ordenador de Despesas,2.0,,288.27,,Pregão Eletrônico Aquisição de Ração Equina e Sal,Rua General Estilac Leal Nº 439 - Cabanga - Recife - /PE,25313,2023-11-20,2023-11-03,2023-11-03,2023-11-03,2023-12-11T10:53:21,True,legado
8000605000492023,8000605492023,17.443/2023      ,80006,5,PREGÃO,492023,Publicado,eletronico,Nacional,FABIANO ANTONIO MARQUES GUEDES DA CRUZ FILHO,Pregoeiro,2.0,131849.94,133296.6,,"Pregão Eletrônico Aquisição de condi cionadores de ar, tipo janela , a fim de atend er à demanda desses equipamentos nas Unidades d o Tribunal Regional do Trabalho da 6ª Região (T RT6).","Cais do Apolo Nº 739, Bairro do Recife, Recife/pe. - /PE",25313,2023-11-21,2023-11-06,2023-11-06,2023-11-06,2023-12-11T14:23:01,False,legado
7001005000382023,7001005382023,0006397-51.2023  ,70010,5,PREGÃO,382023,Publicado,eletronico,Nacional,LILIAN RAFAELI DUTRA SILVEIRA,Pregoeira,2.0,120000.0,424003.13,,"Pregão Eletrônico Contratação de sub scrições de licença de suporte para os firewall s de núcleo Sonicwall do TRE-PE (por 2 anos) e para os firewalls FORTINET FWF-40F (24x7 Suppor t), com garantia de hardware e firmware ativo ( por 3 anos).","Av. Gov. Agamenon Magalhaes, 1.160, 4º Andar, Sala 408 - Graças/PE",25313,2023-11-23,2023-11-06,2023-11-06,2023-11-06,2023-12-28T09:06:05,True,legado
25442105000182023,25442105182023,25382000168202301,254421,5,PREGÃO,182023,Publicado,eletronico,Nacional,ANA CRISTINA NOVAES MAIA CHAGAS,Pregoeira,2.0,626000.0,1643630.53,O edital e anexos estao dis poniveis para consulta nos endereços www.cpqam. fiocruz.br e www.tributar.fiocruz.br.,"Pregão Eletrônico Contratação de se rviços contínuos de manutenção preventiva e cor retiva, sem dedicação exclusiva de mão de obra, das instalações e equipamentos dos Laboratório s de Nível de Biossegurança 3 (NB3 e NBA3) do I nstituto Aggeu Magalhães IAM /Fiocruz-PE cont emplando peças, materiais, insumos e filtros de substituição obrigatória e serviço pontual de manutenção corretiva inicial do sistema de clim atização do Laboratório NB3, conforme condições estabelecidas no edital",Av. Prof. Moraes Rego S/n - Cidade Universitaria - Campus da Ufpe - Cidade Universitaria/PE,25313,2023-11-21,2023-11-06,2023-11-06,2023-11-06,2023-12-22T15:00:37,True,legado
15308005000332023,15308005332023,23076059849201920,153080,5,PREGÃO,332023,Publicado,eletronico,Nacional,RODRIGO DANNIEL DA SILVA ALEXANDRE,Coordenador de Licitações,30.0,9678.5,4947.22,Para mais informações:(81)2 126.8065,"Pregão Eletrônico Registro de Preços visando à contratação de empresa especializada na prestação de Serviço Comum de Engenharia pa ra execução de Revestimentos, Forros, Divisóri as e Vidros para atender ao Campus Recife da UF PE, conforme condições, quantidades e exigênci as estabelecidas no Edital e demais anexos.","Av da Arquitetura, S/n - Cidade Universitária/PE",25313,2023-11-17,2023-11-06,2023-11-06,2023-11-06,2024-05-15T16:11:56,False,legado
34300505000072023,3430050572023,01498.000318/2023,343005,5,PREGÃO,72023,Publicado,eletronico,Nacional,JACQUES ALBERTO RIBEMBOIM,Superntendente,2.0,39996.0,101537.88,,"Pregão Eletrônico Contratação de ser viços de recepcionista, a serem executados com regime de dedicação exclusiva de mão de obra, conforme condições e exigências estabelecidas no edital","Rua Floriano Peixo, Sn, - São José/PE",25313,2023-11-27,2023-11-06,2023-11-06,2023-11-06,2025-01-30T01:08:55,True,legado
9003105000472023,9003105472023,4436-69.2023.4.05,90031,5,PREGÃO,472023,Publicado,eletronico,Nacional,FRANCISCO REIS NOGUEIRA SOBRINHO,Pregoeiro,10.0,,1915609.97,"Não será permitida a subcon tratação, no todo ou em parte, do objeto deste certame licitatório, conforme o disposto no Cap ítulo 8 do MÓDULO ITermo de Referência do ed ital.Em caso de divergência entre as especifica ções deste objeto descritas no http://www.gov.b r/compras e as especificações técnicas constant es deste Edital, estas prevalecerão.","Pregão Eletrônico Contratação de sub scrições de software corporativo de código aber to do tipo plataforma de contêineres, sistemas operacionais e servidores de aplicação da red h at, com suporte e garantia de atualização de ve rsões pelo período de 36 (trinta e seis) meses; subscrições de treinamento oficial e de serviç os de gerenciamento técnico de conta da red hat , pelo período de 12 (doze) meses;e serviços té cnicos especializados da red hat, pelo período de 12 (doze) meses.","Av. Cais do Apolo, S/n - Edf. Ministro Djaci Falcão - Recife Antigo/PE",25313,2023-12-19,2023-12-01,2023-12-01,2023-12-01,2023-12-21T08:28:38,True,legado
9003105000522023,9003105522023,2841-35.2023.4.05,90031,5,PREGÃO,522023,Publicado,eletronico,Nacional,FRANCISCO REIS NOGUEIRA SOBRINHO,Pregoeiro,29.0,,1890052.93,"Não será permitida a subcon tratação, no todo ou em parte, do objeto deste certame licitatório, conforme o disposto no Cap ítulo 8 do MÓDULO ITermo de Referência do ed ital.Em caso de divergência entre as especifica ções deste objeto descritas no http://www.gov.b r/compras e as especificações técnicas constant es deste Edital, estas prevalecerão.","Pregão Eletrônico Aquisição de licen ças perpétuas e contratação de subscrições de s uporte e garantia para solução de virtualização VMware, pelo prazo de 36 meses, de serviços té cnicos especializados e de serviços de treiname nto, pelo prazo de 12 meses, para atender as ne cessidades de manutenção da infraestrutura de v irtualização instalada no Tribunal Regional Fed eral da 5ª Região e nos Órgãos Participantes.","Av. Cais do Apolo, S/n - Edf. Ministro Djaci Falcão - Recife Antigo/PE",25313,2023-12-19,2023-12-01,2023-12-01,2023-12-01,2023-12-27T18:37:15,True,legado
13001605000392023,13001605392023,21002001089202386,130016,5,PREGÃO,392023,Publicado,eletronico,Nacional,VERA LUCIA RODRIGUES CHAVES,Pregoeira Mor,31.0,5760.0,12446.59,,"Pregão Eletrônico Aquisição de insum os químicos , material laboratorial e Materiai s de Referências Certificados MRC e Químicos grau Padrão Analítico, para atender demandas da s unidades laboratoriais FCS, DIA, IQA/BEV, EE T E MIC do LFDA-PE.",Rua Dom Manoel de Medeiros S/n - Dois Irmaos - Dois Irmãos/PE,25313,2023-12-14,2023-12-01,2023-12-01,2023-12-01,2024-02-02T16:01:43,False,legado
13501205000732023,13501205732023,21198003489202386,135012,5,PREGÃO,732023,Publicado,eletronico,Nacional,MARIA AUXILIADORA COELHO DE LIMA,Chefe Geral,14.0,4590.0,31993.12,,Pregão Eletrônico Formação de Regist ro de Preços para eventual aquisição de Eletrod omésticos e acessórios,Br 428 Km 152 S/n Zona Rural Caixa Postal 023 - Zona Rural/PE,25216,2023-12-13,2023-12-01,2023-12-01,2023-12-01,2023-12-26T12:49:12,False,legado
12063205000962023,12063205962023,67230006430202305,120632,5,PREGÃO,962023,Publicado,eletronico,Nacional,RODRIGO ANTONIO SILVEIRA DOS SANTOS,Ordenador de Despesas,247.0,,108341.39,,"Pregão Eletrônico Registro de prec o s para aquisic a o de ferramentas em geral, fin s de atender a s necessidades do GAP-RF e Organ izac o es Militares apoiadas.",Av Armindo Moura - Boa Viagem/PE,25313,2023-12-13,2023-12-01,2023-12-01,2023-12-01,2024-02-20T16:40:00,True,legado
16022505000302023,16022505302023,64361008146202381,160225,5,PREGÃO,302023,Publicado,eletronico,Nacional,JOSE ADILSON ANDRADE SILVA,Od b Adm Curado,109.0,,11775.04,,Pregão Eletrônico Aquisição de mater ial de pintura em proveito da Base Administrati va do Curado e OM participantes,Avenida Professor Luiz Freire N° 198 - Bairro Curado - /PE,25313,2023-12-14,2023-12-01,2023-12-01,2023-12-01,2023-12-28T11:49:30,True,legado
92617105000372023,92617105372023,25800.002699/2023,926171,5,PREGÃO,372023,Publicado,eletronico,Nacional,MIRELLA MUZZI DE LIMA,Pregoeira,6.0,141259.0,331681.1,"Atentem para o disposto no comando disposições gerais do edital que diz: Em caso de divergência entre as especificaçõe s do objeto contidas no Edital (e anexos) e as contidas no comprasnet (CATMAT e CATSERV), para fins de cadastramento da licitação, prevalecer ão as especificações do instrumento convocatóri o da Hemobrás. .",Pregão Eletrônico Aquisição de reage ntes e colunas da marca Agilent para o laborató rio de Controle de Qualidade do Bloco B06.,"Rua Aloisio Pessoa de Araújo, Nº 75 (edifício Boa Viagem Corporate), 8º e 9º Andares - Boa Viagem/PE",25313,2023-12-13,2023-12-01,2023-12-01,2023-12-01,2023-12-14T15:00:02,False,legado
15316505000342023,15316505342023,23082033545202330,153165,5,PREGÃO,342023,Publicado,eletronico,Nacional,RAFAEL ALVES MARINO,Pregoeiro,3.0,7994.0,92788.0,Aquisição pertinente ao dis positivo indicado no fundamento legal (dentro d o limite previsto).,"Pregão Eletrônico O objeto da presen te licitação é a escolha da proposta mais vanta josa para a aquisição de Tecnologia Assistivas para atendimento de discentes com deficiência v isual, demanda do núcleo de acessibilidade da U niversidade Federal Rural de Pernambuco UFRPE , conforme condições, quantidades e exigências estabelecidas no Edital e seus anexos.",Rua Dom Manoel de Medeiros S/n - Dois Irmaos - /PE,25313,2023-12-13,2023-12-01,2023-12-01,2023-12-01,2023-12-28T10:52:30,True,legado
12063205000912023,12063205912023,67614035568202307,120632,5,PREGÃO,912023,Publicado,eletronico,Nacional,RODRIGO ANTONIO SILVEIRA DOS SANTOS,Ordenador de Despesas,26.0,,6292.0,,Pregão Eletrônico Registro de prec o s para Contratac a o de servic os de calibrac a o e aferic a o de balanc as do Terceiro Centro Integrado de Defesa Ae rea (CINDACTA III) e De stacamentos Subordinados.,Av Armindo Moura - Boa Viagem/PE,25313,2023-12-18,2023-12-01,2023-12-01,2023-12-01,2024-01-02T16:06:22,True,legado
12063205000932023,12063205932023,67230001375202359,120632,5,PREGÃO,932023,Publicado,eletronico,Nacional,RODRIGO ANTONIO SILVEIRA DOS SANTOS,Ordenador de Despesas,12.0,37120.0,16646.86,,"Pregão Eletrônico Registro de prec o s para aquisic a o de material para manutenc a o de viaturas, ma quinas e equipamentos dotados de motor a combusta o, visando atender a s ne cessidades do Grupamento de Apoio de Recife (GA P-RF).",Av Armindo Moura - Boa Viagem/PE,25313,2023-12-13,2023-12-01,2023-12-01,2023-12-01,2024-04-05T11:59:55,False,legado
15442105000482023,15442105482023,23402001286202318,154421,5,PREGÃO,482023,Publicado,eletronico,Nacional,SILVIA LETICIA DE FRANCA SOUZA,Pregoeira,66.0,,424.93,,"Pregão Eletrônico Concessão de espaç o físico das áreas de Cantina dos Campi da Univ ersidade Federal do Vale do São Francisco (Senh or do Bonfim/BA, Paulo Afonso/BA e São Raimundo Nonato/PI.",Av.jose de Sa Maniçoba S/n Centro-campus Universitário Petrolina - Centro/PE,25216,2023-12-18,2023-12-04,2023-12-04,2023-12-04,2023-12-18T09:00:06,False,legado
15846405000042023,1584640542023,23295019981202396,158464,5,PREGÃO,42023,Publicado,eletronico,Nacional,MARCIO MATEUS FERREIRA DE AQUINO,Pregoeiro Oficial,1.0,,184065.28,"Registro de preços para con tratação da prestação de serviços con+nuados de empresa especializada em locação de Centro de Usinagem Ver+cal com manutenção corre+va, prev en+va e predi+va das partes mecânica, elétrica e eletrônica. com comando Fanuc para atender a s necessidades da Coordenação do Curso de Enge nharia Mecânica (CACSEM) e Curso Técnico em Mec ânica (CACTM) do Ins+tuto Federal de Educação, Ciência e Tecnologia de Pernambuco Campus Reci fe",Pregão Eletrônico Prestação de servi ço de locação de centro de usinagem com comando Fanuc,Av Prof. Luiz Freire 500 Bloco A- Leste - Cidade Universitária/PE,25313,2023-12-15,2023-12-04,2023-12-04,2023-12-04,2023-12-15T09:00:03,False,legado
15846405000052023,1584640552023,23295032736202264,158464,5,PREGÃO,52023,Publicado,eletronico,Nacional,JOSE LEONE DE OLIVEIRA JUNIOR,Coordenador de Compras,17.0,53000.0,382541.67,,"Pregão Eletrônico Aquisição de de eq uipamentos de topográficos destinados às necess idades do laboratório de topografia deste Insti tuto Federal de Educação, Ciência e Tecnologia de PernambucoCampus Recife, indispensáveis n as atividades de ensino-aprendizagem, para aten der a demanda de novos cursos ( Engenharia Civi l, Saneamento e Edificações) e demais Campis. OBS: O Planejamento em tela é para atender o I FPE Campus Recife e demais campis que fazem par te do IFPE.",Av Prof. Luiz Freire 500 Bloco A- Leste - Cidade Universitária/PE,25313,2023-12-14,2023-12-04,2023-12-04,2023-12-04,2023-12-28T15:08:13,False,legado
20009105000072023,2000910572023,001411202206900/9,200091,5,PREGÃO,72023,Publicado,eletronico,Nacional,ANA CAROLINA LIMA VIEIRA,Procuradora-chefe,3.0,170000.0,402543.8,,"Pregão Eletrônico Contratação de ser viços de modernização pontual do sistema de cli matização tipo central multi-split VRV e de ser viços continuados de manutenção preventiva e co rretiva do sistema de climatização tipo central multi-split VRV, do sistema tipo ar-condiciona do unitário e do sistema de ventilação/exaustão , do edifício sede da Procuradoria Regional do Trabalho da 6ª Região, da PRT 6ª Região.","Rua Conselheiro Portela, 531, Aflitos - Aflitos/PE",25313,2023-12-18,2023-12-04,2023-12-04,2023-12-04,2024-04-24T12:25:35,True,legado
13528505000042023,1352850542023,21449000751202331,135285,5,PREGÃO,42023,Publicado,eletronico,Nacional,DAYVSON CASSIANO LIMA DOS SANTOS,Pregoeiro,1.0,91629.0,113500.0,"Exemplos de equipamentos ac eitos: Medidor Digital, Modelo û G2000 com Inte rfaces RS232C / USB 2.0 e Bluetooth e 999-ESI M EDIDOR DE UMIDADE AUTOMÁTICO MOTOMCO.","Pregão Eletrônico Aquisição de 03(tr ês) Determinadores de Umidades de Bancada para Grãos, Homologados pelo INMETRO e adequados à p ortaria INMETRO 47 de 07.02.22, que versa sobre a retirada do uso comercial de Determinadores de Umidade, visto que pretendemos adquirir os D eterminadores de Umidade sem prazo de validade de uso comercial. Exemplos de equipamentos acei tos: Medidor Digital, Modelo û G2000 com Interf aces RS232C / USB 2.0 e Bluetooth e 999-ESI MED IDOR DE UMIDADE AUTOMÁTICO MOTOMCO.","Estrada do Barbalho,960 Iputinga - /PE",25313,2023-12-18,2023-12-04,2023-12-04,2023-12-04,2023-12-20T10:45:34,False,legado
15502205001222023,155022051222023,23536030719202327,155022,5,PREGÃO,1222023,Publicado,eletronico,Nacional,JOAO LUIZ CAVALCANTI MARANHAO DE ALBUQUERQUE,Chefe do Setor de Administração Hc/ufpe/ebserh,2.0,,121596.0,Mais informações: (81) 2126 -3939,Pregão Eletrônico Registro de preços visando a eventual aquisição de Equipamento de Hemodiálise para atender demanda do Hospital d as Clínicas de Pernambuco Filial Ebserh.,Av. Professor Moraes Rego S/n - Cidade Universitária/PE,25313,2023-12-14,2023-12-04,2023-12-04,2023-12-04,2024-02-21T17:23:06,True,legado
15502205001212023,155022051212023,23536019096202331,155022,5,PREGÃO,1212023,Publicado,eletronico,Nacional,JOAO LUIZ CAVALCANTI MARANHAO DE ALBUQUERQUE,Chefe do Setor de Administração Hc/ufpe/ebserh,2.0,,32.04,Mais informações: (81) 2126 -3939,Pregão Eletrônico Registro de preços visando a eventual aquisição de Água Mineral p ara atender demanda do Hospital das Clínicas de Pernambuco Filial Ebserh.,Av. Professor Moraes Rego S/n - Cidade Universitária/PE,25313,2023-12-15,2023-12-04,2023-12-04,2023-12-04,2024-01-11T10:45:57,True,legado
15846505000122023,15846505122023,23298023907202362,158465,5,PREGÃO,122023,Publicado,eletronico,Nacional,MAURO DE SOUZA LEAO FRANCA,Diretor Geral,1.0,,690000.0,,"Pregão Eletrônico Aquisição de Ônibu s Escolar Rural (ORE) TIPO 03, nos termos da ta bela constante no Termo de Referência e conform e condições e exigências estabelecidas no instr umento convocatório.",Propriedade Terra Preta S/n Caixa Postal 0031 - Zona Rural/PE,26271,2023-12-15,2023-12-05,2023-12-05,2023-12-05,2023-12-18T09:42:28,True,legado
12063205000972023,12063205972023,67437002599202361,120632,5,PREGÃO,972023,Publicado,eletronico,Nacional,RODRIGO ANTONIO SILVEIRA DOS SANTOS,Ordenador de Despesas,376.0,,32343.59,,"Pregão Eletrônico Registro de prec o s para aquisic a o de material me dico-hospital ar (penso), para atender as necessidades do Hos pital de Aerona utica de Recife.",Av Armindo Moura 500 - Boa Viagem/PE,25313,2023-12-15,2023-12-05,2023-12-05,2023-12-05,2024-05-06T15:08:05,True,legado
38922205900012024,38922205900012024,41/2023          ,389222,5,PREGÃO,900012024,Publicado,eletronico,Nacional,SUELAINE SOARES DA SILVA,Agente de Contratação,22.0,,993.39,,Pregão Eletrônico Aquisição de mater ial de expediente e suprimentos de informática.,"Rua Senador José Henrique, 231, Emp. Charles Darwin, Sala 2105 - /PE",25313,2024-02-15,2024-02-01,2024-02-01,2024-02-01,2024-02-26T16:33:44,True,legado
25704705900032024,25704705900032024,25059003061202389,257047,5,PREGÃO,900032024,Publicado,eletronico,Nacional,JOSIAS ALVES DE LIMA,Agente Administrativo,24.0,1784115.0,20117307.6,,"Pregão Eletrônico Contratação de pre stação de serviço continuado de vigilância orgâ nica armada e desarmada com dedicação exclusiva de mão de obra, para atender às necessidades d o Distrito Sanitário Especial Indígena em Perna mbuco, como também a Casa de Saúde Indígena (CA SAI) e Polos Base.",Av. Norte Miguel Arraes de Alencar - Macaxeira/PE,25313,2024-02-22,2024-02-01,2024-02-01,2024-02-01,2024-04-01T15:27:03,True,legado
15502205900112024,15502205900112024,23536024917202351,155022,5,PREGÃO,900112024,Publicado,eletronico,Nacional,JOAO LUIZ CAVALCANTI MARANHAO DE ALBUQUERQUE,Chefe do Setor de Administração Hc/ufpe/ebserh,20.0,,62393.67,Mais informações: (81) 2126 -3939,"Pregão Eletrônico Registro de preços visando eventual aquisição de (Materiais para Urologia e Outros, com Clipador para o Lote Úni co (Itens 1, 2 e 3) e Bisturi Bipolar para o It em 4, em Regime de Comodato) para atender deman da do Hospital das Clínicas de Pernambuco, fili al EBSERH.",Av. Professor Moraes Rego S/n - Cidade Universitária/PE,25313,2024-02-19,2024-02-01,2024-02-01,2024-02-01,2024-04-05T14:14:46,True,legado
25704705900022024,25704705900022024,25059002299202397,257047,5,PREGÃO,900022024,Publicado,eletronico,Nacional,JOSIAS ALVES DE LIMA,Agente Administrativo,1.0,1087680.0,1636160.0,,"Pregão Eletrônico Contratação de emp resa para prestação de serviços continuados de locação de veículos, inclusos combustível, manu tenção e motorista, para atender às necessidade s do Distrito Sanitário Especial Indígena em Pe rnambuco, no atendimento as áreas da etnia Pipi pã, município de Floresta PE, no transporte d e pacientes indígenas, seus acompanhantes e pro fissionais de saúde.",Av. Norte Miguel Arraes de Alencar - Macaxeira/PE,25313,2024-02-21,2024-02-01,2024-02-01,2024-02-01,2024-02-23T13:32:16,True,legado
12063205900052024,12063205900052024,67230007463202364,120632,5,PREGÃO,900052024,Publicado,eletronico,Nacional,RODRIGO ANTONIO SILVEIRA DOS SANTOS,Ordenador de Despesas,97.0,,763589.55,,Pregão Eletrônico Registro de prec o s para aquisic a o de equipamentos de infraestr utura em geral para atender as necessidades do Grupamento de Apoio de Recife (GAP-RF) e Organi zac o es Militares Apoiadas.,Av Armindo Moura - Boa Viagem/PE,25313,2024-02-20,2024-02-02,2024-02-02,2024-02-02,2024-10-31T16:13:53,True,legado
12063205900032024,12063205900032024,67230007530202341,120632,5,PREGÃO,900032024,Publicado,eletronico,Nacional,RODRIGO ANTONIO SILVEIRA DOS SANTOS,Ordenador de Despesas,186.0,,8910.84,,"Pregão Eletrônico Registro de prec o s para aquisic a o de material de limpeza, desc arta veis, embalagens e tratamento de a gua, pa ra atendimento das necessidades do Grupamento d e Apoio de Recife e Organizac o es Militares se diadas na Guarnic a o da Aerona utica em Recife .",Av Armindo Moura - Boa Viagem/PE,25313,2024-02-20,2024-02-02,2024-02-02,2024-02-02,2024-05-23T13:43:38,True,legado
38922205900022024,38922205900022024,42/2023          ,389222,5,PREGÃO,900022024,Publicado,eletronico,Nacional,SUELAINE SOARES DA SILVA,Pregoeira,2.0,,2661.84,,Pregão Eletrônico Aquisição de Mobil iário para a Sala de Reuniões Plenárias e demai s setores do Conselho Regional de Nutricionist as 6ª Região.,"Rua Senador José Henrique, 231, Emp. Charles Darwin, Sala 2105 - /PE",25313,2024-02-20,2024-02-02,2024-02-02,2024-02-02,2024-02-26T16:34:02,True,legado
16019905000402023,16019905402023,64583021609420311,160199,5,PREGÃO,402023,Publicado,eletronico,Nacional,ANDREA GUIMARAES GURGEL,Ordenador de Despesas,4.0,,30.68,,"Pregão Eletrônico Registro de preços para eventual aquisição insumos laboratoriais com disponibilização de equipamento de automaçã o através de COMODATO, visando atender às neces sidades do Laboratório de Análises Clínicas no setor da HEMATOLOGIA, para atender as necessida des do Hospital Militar de Área de Recife (HMAR )","Rua do Hospício, 563 - Boa Vista - /PE",25313,2024-02-19,2024-02-05,2024-02-05,2024-02-05,2024-03-15T11:33:33,True,legado
15316505900022024,15316505900022024,23082009663202327,153165,5,PREGÃO,900022024,Publicado,eletronico,Nacional,MARIO LEAL DA SILVA,Agente de Contratação,12.0,,98002.49,,"Pregão Eletrônico A aquisição, por r egistro de preço, de microcomputadores do tipo desktops, notebooks e equipamentos de informáti ca para os diversos Campus da Universidade Fede ral Rural de PernambucoUFRPE",Rua Dom Manoel de Medeiros S/n - Dois Irmaos - Dois Irmaos/PE,25313,2024-02-19,2024-02-05,2024-02-05,2024-02-05,2024-06-28T16:50:53,True,legado
15518005900042024,15518005900042024,23542010043202376,155180,5,PREGÃO,900042024,Publicado,eletronico,Nacional,GILBERIO ITALO DE ARAUJO SANTOS,Agente de Licitação,2.0,1693440.0,3198381.74,,"Pregão Eletrônico Contratação de emp resa (s) especializada (s) na prestação de serv iços continuados de APOIO ÀS ATIVIDADES ADMINIS TRATIVAS E OPERACIONAIS, para atender às necess idades do Hospital Universitário da Universidad e Federal do Vale do São Francisco HU-UNIVASF , Policlínica do HU-UNIVASF e Depósitos (Almoxa rifado e Farmácia).",Av Jose de Sá Maniçoba S/n Centro - Centro/PE,25216,2024-02-26,2024-02-05,2024-02-05,2024-02-05,2024-03-25T16:15:16,True,legado
15502205900122024,15502205900122024,23536030581202366,155022,5,PREGÃO,900122024,Publicado,eletronico,Nacional,JOAO LUIZ CAVALCANTI MARANHAO DE ALBUQUERQUE,Chefe do Setor de Administração Hc/ufpe/ebserh,18.0,,1791.95,Mais informações: (81) 2126 -3939,"Pregão Eletrônico Registro de preços visando eventual aquisição de Papel Grau Cirúr gico e Insumos para a Unidade de Processamento de Materiais Esterilizados, com cessão de Equip amentos para atender demanda do Hospital das Cl ínicas de Pernambuco, filial EBSERH",Av. Professor Moraes Rego S/n - Cidade Universitária/PE,25313,2024-02-23,2024-02-06,2024-02-06,2024-02-06,2024-04-09T16:07:59,True,legado
16019905000492023,16019905492023,64583016164202322,160199,5,PREGÃO,492023,Publicado,eletronico,Nacional,ANDREA GUIMARAES GURGEL,Ordenadora de Despesas,181.0,,21520.19,"Ocorrendo possíveis divergê ncias entre a descrição do item contido neste T ermo e a descrição vinculada ao código do mater ial no sistema Comprasnet(CATMAT), prevalecerá a descrição contida no Anexo I do Edital -Termo de Referência.","Pregão Eletrônico Registro de Preços para Aquisição de Materiais de Consumo de uso odontológico GCALC, para o Hospital Militar d e Área de Recife (HMAR) e Órgãos Participantes , destinadas aos Beneficiários do Fundo de Saúd e do Exército (Fusex) e Órgãos Participantes, d e acordo com a Portaria C Ex nº 1802, de 4 de agosto de 2022.","Rua do Hospício, 563 - Boa Vista - Boa Vista/PE",25313,2024-02-20,2024-02-06,2024-02-06,2024-02-06,2024-04-22T15:03:50,True,legado
15502205900132024,15502205900132024,23536025167202335,155022,5,PREGÃO,900132024,Publicado,eletronico,Nacional,JOAO LUIZ CAVALCANTI MARANHAO DE ALBUQUERQUE,Chefe do Setor de Administração Hc/ufpe/ebserh,13.0,,216.75,Mais informações: (81) 2126 -3939,"Pregão Eletrônico Registro de preços visando eventual aquisição de (Aquisição de Pr odutos Químicos para atender a demanda do Hospi tal das Clínicas da Universidade Federal de Per nambuco) para atender demanda do Hospital das C línicas de Pernambuco, filial EBSERH.",Av. Professor Moraes Rego S/n - Cidade Universitária/PE,25313,2024-02-22,2024-02-06,2024-02-06,2024-02-06,2024-03-26T17:45:29,True,legado
15518005900052024,15518005900052024,23542006292202367,155180,5,PREGÃO,900052024,Publicado,eletronico,Nacional,GILBERIO ITALO DE ARAUJO SANTOS,Agente de Licitação,1.0,583952.75,607404.75,,Pregão Eletrônico Contratação de sol ução completa de terapia renal substitutiva: se ssão de hemodiálise,Av Jose de Sá Maniçoba S/n Centro - Centro/PE,25216,2024-02-28,2024-02-07,2024-02-07,2024-02-07,2024-03-25T14:32:06,True,legado
7001005900022024,7001005900022024,0006941-39.2023  ,70010,5,PREGÃO,900022024,Publicado,eletronico,Nacional,ELIANE RODRIGUES DE CARVALHO SILVA,Pregoeira,1.0,67499.99,68977.3,,"Pregão Eletrônico Prestação de servi ços de fornecimento e instalação de grades de s egurança, em aço galvanizado, na Central de Ate ndimento ao Eleitor do Cabo de Santo Agostinho.","Av. Gov. Agamenon Magalhaes, 1.160 - 4º Andar - Graças/PE",25313,2024-02-28,2024-02-07,2024-02-07,2024-02-07,2024-03-25T09:39:18,True,legado
16022505000252023,16022505252023,64361006266202344,160225,5,PREGÃO,252023,Publicado,eletronico,Nacional,JOSE ADILSON ANDRADE SILVA,Ordenador de Despesas,47.0,,4362.6,Informações pelo email: lic itacao.basecurado2@gmail.com ou pelo Fone: (81) 2129-6637,"Pregão Eletrônico Contratação de emp resa especializada para exercício de atividade de Cantina de forma segura e com qualidade sani tária, sensorial, nutricional e ambiental garan tidas, utilizando na execução dos serviços mão de obra especializada e capacitada com cessão d e uso a título oneroso de espaço.",Avenida Professor Luiz Freire N° 198 - Várzea/PE,25313,2024-02-23,2024-02-07,2024-02-07,2024-02-07,2024-02-26T09:11:51,True,legado
9000905900022024,9000905900022024,0006886-37.2023.4,90009,5,PREGÃO,900022024,Publicado,eletronico,Nacional,JOSE IVAN BARBOSA DE MELO FERRAZ,Pregoeiro,11.0,119691.0,395556.0,,"Pregão Eletrônico O objeto da presen te licitação é a contratação sob demanda de emp resa especializada para fornecimento contínuo d e água mineral natural em garrafão de 19,5 litr os, conforme condições, quantidades e exigência s estabelecidas neste Edital e seus anexos. A l icitação será dividida em ITENS, conforme tabel a constante do Termo de Referência, facultandose ao licitante a participação em quantos itens forem de seu interesse.","Av. Recife, 6250. Jiquiá . Recife Pe - Jiquiá/PE",25313,2024-02-27,2024-02-07,2024-02-07,2024-02-07,2024-04-30T15:14:45,True,legado
16017705000132023,16017705132023,64107007561202329,160177,5,PREGÃO,132023,Publicado,eletronico,Nacional,WALKER LOPES LIMA,Ordenador de Despesas,217.0,,13014.09,,Pregão Eletrônico Aquisição de Mater ial para manutenção de bens imóveis/instalações,"Rod Br 423, Km 94 - Heliópolis - /PE",24198,2024-02-22,2024-02-08,2024-02-08,2024-02-08,2024-03-10T21:37:18,True,legado
16017705000162023,16017705162023,64107009371202346,160177,5,PREGÃO,162023,Publicado,eletronico,Nacional,WALKER LOPES LIMA,Ordenador de Despesas,1.0,,1650.0,,Pregão Eletrônico Abertura de proces so licitatório para Contratação de serviços Out sourcing,"Rod Br 423, Km 94 - Heliópolis - /PE",24198,2024-02-26,2024-02-08,2024-02-08,2024-02-08,2024-02-28T19:43:33,True,legado
15518005900062024,15518005900062024,23542006795202332,155180,5,PREGÃO,900062024,Publicado,eletronico,Nacional,GILBERIO ITALO DE ARAUJO SANTOS,Agente de Licitação,2.0,,76817.4,,"Pregão Eletrônico Contratação de emp resa para prestação de serviços continuado de s aúde em patologia clínica por culturas microbio lógicas e de ensaio de proficiência laboratoria l, a fim de atender as necessidades do Hospital de Ensino Dr. Washington Antônio de Barros-HU, vinculado à Universidade Federal do Vale do Sã o Francisco (UNIVASF).",Av Jose de Sá Maniçoba S/n Centro - Centro/PE,25216,2024-02-29,2024-02-08,2024-02-08,2024-02-08,2024-02-29T09:00:01,True,legado
92617105900052024,92617105900052024,25800.002499/2023,926171,5,PREGÃO,900052024,Publicado,eletronico,Nacional,SAULO BANDEIRA DURVAL,Pregoeiro Oficial,38.0,69600.0,427585.49,"Demais especificações const am no Termo de Referência, Anexo I do Edital.",Pregão Eletrônico Contratação de ser viço de calibração/ajuste dos equipamentos/inst rumentos que compõem os planos de calibração da s áreas técnicas da Hemobrás.,"Rua Professor Eloísio Pessoa de Araújo, 75, Sala 809 - Boa Viagem/PE",25313,2024-02-27,2024-02-08,2024-02-08,2024-02-08,2024-03-08T14:43:27,True,legado
15518005900082024,15518005900082024,23542000249202479,155180,5,PREGÃO,900082024,Publicado,eletronico,Nacional,FABIA FERNANDES PINHEIRO DA COSTA LIMA,Agente de Licitações,6.0,,596.45,,Pregão Eletrônico Aquisição de Gases medicinais com cessão em regime de comodato de cilindros para o Hospital de Ensino Dr. Washin gton Antônio de Barros/HU-UNIVASF.,Av Jose de Sá Maniçoba S/n Centro - /PE,25216,2024-02-23,2024-02-09,2024-02-09,2024-02-09,2024-02-26T08:20:00,True,legado
78370205000102023,78370205102023,630660045382023  ,783702,5,PREGÃO,102023,Publicado,eletronico,Nacional,LISA TIEMI OGAWA,Ordenadora de Despesa,39.0,,1370.45,,"Pregão Eletrônico Eventual aquisição de dietas para Terapia Nutricional Enteral, Pa renteral e Oral para o Hospital Naval de Recife .","Avenida Cruz Cabuga, 1.200 - Santo Amaro/PE",25313,2024-03-13,2024-03-01,2024-03-01,2024-03-01,2024-04-30T10:09:29,True,legado
16018305900022024,16018305900022024,64108006967202384,160183,5,PREGÃO,900022024,Publicado,eletronico,Nacional,FELIPE JOSE FERREIRA DE GOES,Ordenador de Despesas,3.0,,283.46,,Pregão Eletrônico Eventual Contrataç ão dos Serviços de Limpeza e Conservação e Serv iços de Análise e Pesquisa Científica da Água.,"Av. Cardoso de Sa, S/n - Vila Eduardo - /PE",25216,2024-03-18,2024-03-04,2024-03-04,2024-03-04,2024-03-05T11:24:24,True,legado
39302905900462024,39302905900462024,50604002987202371,393029,5,PREGÃO,900462024,Publicado,eletronico,Nacional,EDUARDO DA COSTA PEREIRA DE OLIVEIRA,Pregoeiro,2.0,296567.04,296587.44,,"Pregão Eletrônico Contratação de emp resa especializada para a prestação de serviços continuados de agenciamento de viagens, compre endendo a cotação, reserva, marcação, remarcaçã o, emissão e cancelamento de passagens aéreas, nacionais (intermunicipais e interestaduais), e m atendimento às necessidades da Superintendênc ia Regional do DNIT no Estado de Pernambuco e s uas Unidades Locais, conforme as especificações e condições constantes no Edital e no Termo de Referência.","Av.antonio de Gois, 820 Bairro Pina - Recife - /PE",25313,2024-03-19,2024-03-04,2024-03-04,2024-03-04,2024-03-25T18:18:32,True,legado
7001005000512023,7001005512023,0016079-30.2023  ,70010,5,PREGÃO,512023,Publicado,eletronico,Nacional,WILLAMS DE LUCENA ALVES,Pregoeiro,2.0,,3134.5,,Pregão Eletrônico Contratação do ser viço de registro fotográfico e audiovisual de e ventos da Justiça Eleitoral em Pernambuco. O re gistro fotográfico e audiovisual de eventos com preende o serviço de fotografia e o serviço de filmagem.,"Av. Gov. Agamenon Magalhaes, 1.160 4° Andar Sala 408 - Graças/PE",25313,2024-03-22,2024-03-05,2024-03-05,2024-03-05,2024-04-02T17:33:42,True,legado
17005805900032024,17005805900032024,13083121545202322,170058,5,PREGÃO,900032024,Publicado,eletronico,Nacional,DREYFUS DIOGENES DE LIMA,Chefe da Dipol04,4.0,27360.0,620028.24,,"Pregão Eletrônico Contratação de ser viços de outsourcing de Plataforma PABX em Nuve m, licença de ramais IP, fornecimento de aparel hos IP em regime de comodato, entroncamento E1 ou equivalente, 01 link de internet para acesso à plataforma em nuvem a ser instalado na SRRF0 4 e suas unidades jurisdicionadas, assinatura D DR, 01 equipamento Gateway, ligações locais e n acionais ilimitadas, switches, roteadores etc., bem como serviço de instalação/ativação do sis tema.","Av. Alfredo Lisboa, 1152, 2º Andar, Bairro do Recife Antigo - /PE",25313,2024-03-21,2024-03-05,2024-03-05,2024-03-05,2024-04-04T17:40:29,True,legado
15502205900212024,15502205900212024,23536002163202389,155022,5,PREGÃO,900212024,Publicado,eletronico,Nacional,JOAO LUIZ CAVALCANTI MARANHAO DE ALBUQUERQUE,Chefe do Setor de Administração Hc/ufpe/ebserh,10.0,,11040.68,Mais informações: (81) 2126 -3939,"Pregão Eletrônico Registro de preços visando a eventual Contratação de empresa espe cializada para prestação de serviços de Poda e Erradicação de Árvores, Limpeza de Palmeiras e Coqueiros e Roçada, Capina e Corte de Grama, co m remoção de resíduos e descarrego em local ade quado, com fornecimento de mão de obra, materia is e equipamentos necessários à execução dos se rviços e respectivas licenças junto aos órgãos competentes atendendo a demanda do Hospital das Clínicas de PE Filial EBSERH.",Av. Professor Moraes Rego S/n - Cidade Universitária/PE,25313,2024-03-27,2024-03-05,2024-03-05,2024-03-05,2024-05-17T15:11:12,True,legado
7001005000552023,7001005552023,0018181-25.2023  ,70010,5,PREGÃO,552023,Publicado,eletronico,Nacional,WILLAMS DE LUCENA ALVES,Pregoeiro,1.0,,38188.29,,"Pregão Eletrônico Prestação de servi ços de manutenção preventiva e corretiva em sup orte elétrico para garrafão de 20 litros, de di versos modelos, marcas e capacidades, incluindo o fornecimento de peças originais e novas, de acordo com as especificações constantes do Term o de Referência (ANEXO I) do Edital.","Av. Gov. Agamenon Magalhaes, 1.160, 4º Andar, Sala 408 - Graças/PE",25313,2024-03-25,2024-03-05,2024-03-05,2024-03-05,2024-04-02T17:35:19,True,legado
9000905900032024,9000905900032024,0008150-89.2023  ,90009,5,PREGÃO,900032024,Publicado,eletronico,Nacional,JOAO BATISTA OLIVEIRA DA CUNHA,Pregoeiro,15.0,,955463.56,,"Pregão Eletrônico REGISTRO DE PREÇOS , através de PREGÃO ELETRÔNICO, para futura con tratação sob demanda, via pregão eletrônico, de empresa especializada no fornecimento de AR CO NDICIONADOS, para reposição no edifício-sede e Subseções Judiciárias desta Justiça Federal de Primeiro Grau em Pernambuco.","Av. Recife, 6250 - Jiquiá/PE",25313,2024-03-18,2024-03-05,2024-03-05,2024-03-05,2024-03-13T10:35:47,True,legado
15502205900232024,15502205900232024,23536028632202390,155022,5,PREGÃO,900232024,Publicado,eletronico,Nacional,JOAO LUIZ CAVALCANTI MARANHAO DE ALBUQUERQUE,Chefe do Setor de Administração Hc/ufpe/ebserh,9.0,,1367.46,Mais informações: (81) 2126 -3939,"Pregão Eletrônico Registro de preços visando a eventual aquisição de Gases Medicina is e Especiais, com fornecimento de equipamento s em comodato para atender demanda do Hospital das Clínicas de Pernambuco Filial Ebserh.",Av. Professor Moraes Rego S/n - Cidade Universitária/PE,25313,2024-03-19,2024-03-06,2024-03-06,2024-03-06,2024-04-22T12:18:10,True,legado
16019905000452023,16019905452023,64583016114202345,160199,5,PREGÃO,452023,Publicado,eletronico,Nacional,ANDREA GUIMARAES GURGEL,Ordenadora de Despesas,116.0,,10820.86,"Ocorrendo possíveis divergê ncias entre a descrição do item contido neste T ermo e a descrição vinculada ao código do mater ial no sistema Comprasnet(CATMAT), prevalecerá a descrição contida no Anexo I do Edital -Termo de Referência.","Pregão Eletrônico Registro de preços para eventual aquisição de dietas enterais , o rais , parenterais , suplementos Nutricionista s e equipos de nutrição enteral.","Rua do Hospício, 563 - Boa Vista - Boa Vista/PE",25313,2024-03-18,2024-03-06,2024-03-06,2024-03-06,2024-06-12T12:39:55,True,legado
15502205900222024,15502205900222024,23536031140202381,155022,5,PREGÃO,900222024,Publicado,eletronico,Nacional,JOAO LUIZ CAVALCANTI MARANHAO DE ALBUQUERQUE,Chefe do Setor de Administração Hc/ufpe/ebserh,8.0,,2036.68,Mais informações: (81) 2126 -3939,"Pregão Eletrônico Registro de preços visando eventual aquisição de Nutrições Parent erais em Bolsas Industrializadas para atender d emanda do Hospital das Clínicas de Pernambuco, filial EBSERH",Av. Professor Moraes Rego S/n - Cidade Universitária/PE,25313,2024-03-19,2024-03-06,2024-03-06,2024-03-06,2024-04-10T12:20:11,True,legado
15316505900032024,15316505900032024,23082036554202382,153165,5,PREGÃO,900032024,Publicado,eletronico,Nacional,ALEX SILVA DE SALES,Pregoeiro,40.0,140.0,29887.32,,Pregão Eletrônico Aquisição de compo nentes para o laboratório de eletrônica da Unid ade Acadêmica de Belo Jardim da Universidade Fe deral Rural de Pernambuco -UFRPE.,Rua Dom Manoel de Medeiros S/n - Dois Irmaos - /PE,25313,2024-03-18,2024-03-06,2024-03-06,2024-03-06,2024-03-21T12:03:01,True,legado
20009005900012024,20009005900012024,126000115/2024-18,200090,5,PREGÃO,900012024,Publicado,eletronico,Nacional,SARA DANIELA SANTOS MAMEDE,Pregoeira,23.0,288.0,59540.64,,"Pregão Eletrônico Contratação de emp resa especializada para fornecimento, anual e d e forma parcelada, de diversos materiais de lim peza, a fim de atender às unidades de 1ª instân cia do MPF em Pernambuco, durante o exercício d e 2024, conforme especificações (ANEXO I) e con soante as demais condições estatuídas no edital e seus anexos.","Av Governador Agamenon Magalhães, 1800 - Espinheiro - Espinheiro/PE",25313,2024-03-20,2024-03-07,2024-03-07,2024-03-07,2024-05-02T15:16:06,True,legado
9003105900042024,9003105900042024,0002477-63.2023.4,90031,5,PREGÃO,900042024,Publicado,eletronico,Nacional,FRANCISCO REIS NOGUEIRA SOBRINHO,Pregoeiro,5.0,,404680.29,"Não será permitida a subcon tratação, no todo ou em parte, do objeto deste certame licitatório, conforme o disposto no Cap ítulo 15 do Anexo ITermo de Referência do ed ital.Em caso de divergência entre as especifica ções deste objeto descritas no http://www.gov.b r/compras e as especificações técnicas constant es deste Edital, estas prevalecerão.","Pregão Eletrônico Contratação de ser viços para operação e manutenção, preventiva e corretiva, de componentes de Datacenter, a sere m executados com regime de dedicação exclusiva de mão de obra, nos termos da tabela abaixo, pa ra formação de Ata de Registro de Preços (ARP), para o Tribunal Regional Federal da 5ª Região (Órgão Gerenciador) e a Justiça Federal de 1ª I nstância do Estado de Pernambuco (Órgão Partici pante).","Av. Cais do Apolo, S/n, Ed. Min. Djaci Falcao - Bairro do Recife - Recife Antigo/PE",25313,2024-03-25,2024-03-07,2024-03-07,2024-03-07,2024-04-29T08:43:13,True,legado
16018305900052024,16018305900052024,64108008369202340,160183,5,PREGÃO,900052024,Publicado,eletronico,Nacional,FELIPE JOSE FERREIRA DE GOES,Ordenador de Despesas,1.0,,708.77,,Pregão Eletrônico Eventual contrataç ão do serviço de locação de veículos.,"Av. Cardoso de Sa, S/n - Vila Eduardo - /PE",25216,2024-03-25,2024-03-08,2024-03-08,2024-03-08,2024-03-26T15:32:18,True,legado
9000905900042024,9000905900042024,0000248-51.2024  ,90009,5,PREGÃO,900042024,Publicado,eletronico,Nacional,JOAO BATISTA OLIVEIRA DA CUNHA,Pregoeiro,1.0,35000.0,124800.0,,"Pregão Eletrônico Contratação de ser viços de levantamento, análise e envio de infor mações fiscais, tributárias, de RH e de folha d e pagamento de pessoal ao eSocial, EFD-REINF e DCTFWeb.","Av. Recife, 6250 - Jiquiá/PE",25313,2024-03-25,2024-03-08,2024-03-08,2024-03-08,2024-10-22T14:00:56,True,legado
9000905900052024,9000905900052024,0008150-89.2023  ,90009,5,PREGÃO,900052024,Publicado,eletronico,Nacional,JOAO BATISTA OLIVEIRA DA CUNHA,Pregoeiro,17.0,,150772.96,,"Pregão Eletrônico REGISTRO DE PREÇOS , através de PREGÃO ELETRÔNICO, para futura con tratação sob demanda, via pregão eletrônico, de empresa especializada no fornecimento de ARES CONDICIONADOS, para reposição no edifício-sede e Subseções Judiciárias desta Justiça Federal d e Primeiro Grau em Pernambuco.","Av. Recife, 6250 - Jiquiá/PE",25313,2024-04-11,2024-04-01,2024-04-01,2024-04-01,2024-05-21T16:46:35,True,legado
11461405900022024,11461405900022024,03626.000012/2024,114614,5,PREGÃO,900022024,Publicado,eletronico,Nacional,CARLOS ANTONIO CORREIA LIMA,Pregoeiro,1.0,978024.6,1020024.6,,"Pregão Eletrônico Contratação de Ser viços de locação de Veículos, sem motorista, co m quilometragem livre e seguro total, sem franq uia para a contratante.","Av. Eng. Domingos Ferreira, 1097, 4º And., Bairro Boa Viagem - Boa Viagem/PE",25313,2024-04-15,2024-04-01,2024-04-01,2024-04-01,2024-04-17T15:22:13,True,legado
15442105900122024,15442105900122024,23402027390202332,154421,5,PREGÃO,900122024,Publicado,eletronico,Nacional,SILVIA LETICIA DE FRANCA SOUZA,Pregoeira,4.0,843015.35,3809491.28,,"Pregão Eletrônico Contratação de ser viço especializado de gerenciamento de frota, p or meio de Tecnologia de Informação e rede cred enciada de empreendimentos, para abastecimento com combustíveis (diesel comum, diesel S10,gaso lina), manutenção preventiva e corretiva de veí culos e fornecimento de peças e acessórios, des tinados à cobertura da frota da UNIVASF e do Pr ojeto de Integração do Rio São Francisco com as Bacias do Nordeste SetentrionalPISF. Seten trionalPISF.",Av.jose de Sa Maniçoba S/n Centro-campus Universitário Petrolina - Centro/PE,25216,2024-04-16,2024-04-02,2024-04-02,2024-04-02,2024-04-18T11:28:50,True,legado
15502205900362024,15502205900362024,23536023744202354,155022,5,PREGÃO,900362024,Publicado,eletronico,Nacional,ALBERTO JOSE LOPES DE MENDONCA,Chefe Interino do Setor de Administração Hc/ufpe/ebserh,14.0,,273989.22,Mais informações: (81) 2126 -3939,Pregão Eletrônico Registro de preços visando a eventual aquisição de Equipamentos M édico Hospitalares para a Maternidade e para o atendimento de diversos setores atendendo deman da do Hospital das Clinicas de Pernambuco Fil ial Ebserh.,Av. Professor Moraes Rego S/n - Cidade Universitária/PE,25313,2024-04-17,2024-04-04,2024-04-04,2024-04-04,2024-08-07T11:51:03,True,legado
15502205900382024,15502205900382024,23536031286202327,155022,5,PREGÃO,900382024,Publicado,eletronico,Nacional,ALBERTO JOSE LOPES DE MENDONCA,Chefe Interino do Setor de Administração Hc/ufpe/ebserh,7.0,,1231.97,Mais informações: (81) 2126 -3939,"Pregão Eletrônico Registro de preços visando eventual aquisição de Kits de Diálise, da Marca Genius e fabricante Fresênius Medical Care, com Equipamentos em Comodato para atende r demanda do Hospital das Clínicas de Pernambuc o, filial EBSERH.",Av. Professor Moraes Rego S/n - Cidade Universitária/PE,25313,2024-04-19,2024-04-05,2024-04-05,2024-04-05,2024-05-15T11:30:54,True,legado
92513505900322024,92513505900322024,255577           ,925135,5,PREGÃO,900322024,Publicado,eletronico,Nacional,MARCUS VINICIUS DE SOUZA SILVA OLIVEIRA,Pregoeiro,1.0,95000.0,95242.41,,"Pregão Eletrônico Contratação para f ornecimento de 05 (cinco) serpentinas padrão, c onfeccionadas em tubos de cobre, aletas de alum ínio e com tratamento anticorrosão gold coated ou similar, para Chiller Hitachi de Condensaç ão a Ar, 150TR, modelo: RCU150SAZ4A7Z e número de série: RCU1405 000735, conforme condições, q uantidades e exigências estabelecidas no Edital e seus anexos.","Rua da Aurora, 1259 - Santo Amaro/PE",25313,2024-04-18,2024-04-05,2024-04-05,2024-04-05,2024-05-03T15:40:29,True,legado
15502205900372024,15502205900372024,23536033649202369,155022,5,PREGÃO,900372024,Publicado,eletronico,Nacional,ALBERTO JOSE LOPES DE MENDONCA,Chefe Interino do Setor de Administração Hc/ufpe/ebserh,132.0,,16021.73,Mais informações: (81) 2126 -3939,"Pregão Eletrônico Registro de preços visando eventual aquisição de Medicamentos Ger ais e Outros para atender demanda do Hospital d as Clínicas de Pernambuco, filial EBSERH.",Av. Professor Moraes Rego S/n - Cidade Universitária/PE,25313,2024-04-17,2024-04-05,2024-04-05,2024-04-05,2024-09-03T16:46:47,True,legado
16017705900012024,16017705900012024,64107007781202352,160177,5,PREGÃO,900012024,Publicado,eletronico,Nacional,WALKER LOPES LIMA,Ordenador de Despesas,30.0,,30.0,,Pregão Eletrônico Aquisição de peças de viaturas genuínas ou originais que atendam a norma da ABNT 15296/2015.,"Rod Br 423, Km 94 - Heliópolis - /PE",24198,2024-04-17,2024-04-05,2024-04-05,2024-04-05,2024-05-10T19:46:08,True,legado
16019905000532023,16019905532023,64583018127202359,160199,5,PREGÃO,532023,Publicado,eletronico,Nacional,LUIZ AUGUSTO FRANCO CESAR,Ordenador de Despesas,8.0,,4527.08,,"Pregão Eletrônico Registro de preços para eventual aquisição de insumos para o seto r de radiologia raio x , para atender as nece ssidades dos setores de radiologia. emergência e centro cirúrgico..","Rua do Hospício, 563 - Boa Vista - /PE",25313,2024-04-17,2024-04-05,2024-04-05,2024-04-05,2024-05-14T13:40:14,True,legado
16019905900062024,16019905900062024,64583000909202412,160199,5,PREGÃO,900062024,Publicado,eletronico,Nacional,ANDREA GUIMARAES GURGEL,Ordenadora de Despesas,178.0,,1244814.66,"Ocorrendo possíveis divergê ncias entre a descrição do item contido neste T ermo e a descrição vinculada ao código do mater ial no sistema Comprasnet (CATMAT), prevalecerá a descrição contida no Anexo I do Edital -Term o de Referência.","Pregão Eletrônico Registro de preços para eventual aquisição de Órteses, Próteses e Materiais Especiais (OPME) para as especialida des de Cirurgia Vascular e Mastologia, incluind o comodato de equipamentos, visando atender as necessidades do Hospital do Hospital Militar de Área de Recife (HMAR).","Rua do Hospício, 563 - Boa Vista - Boa Vista/PE",25313,2024-05-14,2024-05-02,2024-05-02,2024-05-02,2024-11-22T12:43:44,True,legado
12063205900132024,12063205900132024,67230000861202431,120632,5,PREGÃO,900132024,Publicado,eletronico,Nacional,RODRIGO ANTONIO SILVEIRA DOS SANTOS,Ordenador de Despesas,31.0,,693.81,,"Pregão Eletrônico Registro de prec o s para aquisic a o de a gua mineral, visando at ender ao Grupamento de Apoio de Recife (GAP-RF) e Organizac o es Militares apoiadas.",Av Armindo Moura 500 - Boa Viagem/PE,25313,2024-05-14,2024-05-02,2024-05-02,2024-05-02,2024-06-12T17:12:26,True,legado
15502203900502024,15502203900502024,23536011946202353,155022,3,CONCORRÊNCIA,900502024,Publicado,eletronico,Nacional,ALBERTO JOSE LOPES DE MENDONCA,Chefe Interino do Setor de Administração Hc/ufpe/ebserh,1.0,1843415.52,1843415.52,Mais informações: (81) 2126 -3939,Contratação de empresa especializada pa ra executar a obra de Reforma dos Sanitários do s Ambulatórios do HC-UFPE,Av. Professor Moraes Rego S/n - Cidade Universitária/PE,25313,2024-05-23,2024-05-02,2024-05-02,2024-05-02,2024-12-03T15:02:11,True,legado
16020005900042024,16020005900042024,64621001333202415,160200,5,PREGÃO,900042024,Publicado,eletronico,Nacional,PAULO HENRIQUE PUEHRINGER,Ordenador de Despesas,6.0,,6.0,,"Pregão Eletrônico Aquisição de Peças para Viaturas AGRALE GCALC compreendendo as Guarnições de Recife, Olinda e Jaboatão dos Gua rarapes e unidades autorizadas pelo Comando da 7ª RM.",Av. 17 de Agosto 784 - Casa Forte - Casa Forte/PE,25313,2024-05-15,2024-05-02,2024-05-02,2024-05-02,2024-05-23T13:35:56,True,legado
11009605900092024,11009605900092024,00587000984202380,110096,5,PREGÃO,900092024,Publicado,eletronico,Nacional,SARAH LEANDRO VALENCA REGUEIRA,Pregoeira,18.0,2072.8,128024.55,"O edital e seus anexos enco ntram-se disponíveis no Portal Nacional de Cont ratações Públicas (PNCP) e no Portal de Compras do Governo Federal, nos endereços eletrônicos, respectivamente: https://www.gov.br/pncp/pt-br , https://www.gov.br/compras/pt-br","Pregão Eletrônico Contratação de ser viços continuados de controle integrado de veto res e pragas urbanas (desinsetização, desratiza ção e descupinização)","Avenida Herculano Bandeira, 716 - Pina/PE",25313,2024-05-17,2024-05-02,2024-05-02,2024-05-02,2024-06-13T18:24:05,True,legado
15442105900182024,15442105900182024,23402005730202455,154421,5,PREGÃO,900182024,Publicado,eletronico,Nacional,TELIO NOBRE LEITE,Reitor,94.0,,20716.9,,Pregão Eletrônico Registro de preços para futura aquisição de Material e Equipament os Laboratório de Mecânica Projeto Aerodesign SAE UNIVASF,Av.jose de Sa Maniçoba S/n Centro-campus Universitário Petrolina - /PE,25216,2024-05-14,2024-05-02,2024-05-02,2024-05-02,2024-05-29T09:18:30,True,legado
15502205900522024,15502205900522024,23536007657202431,155022,5,PREGÃO,900522024,Publicado,eletronico,Nacional,ALBERTO JOSE LOPES DE MENDONCA,Chefe Interino do Setor de Administração Hc/ufpe/ebserh,10.0,,39409.03,Mais informações: (81) 2126 -3939,"Pregão Eletrônico Registro de preços visando eventual aquisição de Materiais de Neu rocirurgia com Equipamentos em Regime de Comoda to para atender demanda do Hospital das Clínica s de Pernambuco, filial EBSERH.",Av. Professor Moraes Rego S/n - Cidade Universitária/PE,25313,2024-05-16,2024-05-03,2024-05-03,2024-05-03,2024-07-08T15:40:42,True,legado
11009605900082024,11009605900082024,00587000423202381,110096,5,PREGÃO,900082024,Publicado,eletronico,Nacional,FAYE SHIRLEY GONCALVES FIDELIS DE CARVALHO ALVES,Pregoeira,12.0,90842.16,1011727.44,"Edital e anexos disponíveis : Portal Nacional de Contratações Públicas (PNC P), Portal de Compras do Governo Federal e Port al da AGU, nos endereços eletrônicos, respectiv amente: https://www.gov.br/pncp/pt-br , https:/ /www.gov.br/compras/pt-br e https://antigo.agu. gov.br/servico/licitacao.","Pregão Eletrônico Contratação de emp resa especializada para prestação de serviços c ontínuos de manutenção predial preventiva e cor retiva, com dedicação exclusiva de mão de obra, para atender às necessidades das unidades da A dvocacia Geral da União situadas nas cidades de Salvador/BA, Ilhéus/BA, Feira de Santana/BA, V itória da Conquista/BA, Barreiras/BA e Maceió/A L.","Avenida Herculano Bandeira, 716 - Pina/PE",25313,2024-05-17,2024-05-03,2024-05-03,2024-05-03,2024-06-10T12:47:54,True,legado
15518005900202024,15518005900202024,23542002962202457,155180,5,PREGÃO,900202024,Publicado,eletronico,Nacional,FABIA FERNANDES PINHEIRO DA COSTA LIMA,Agente de Licitação,19.0,,778.53,,"Pregão Eletrônico Aquisição de DIETA S ENTERAIS INDUSTRIALIZADAS, SUPLEMENTOS E MÓDU LOS NUTRICIONAIS , visando suprir as demandas d os serviços realizados no Hospital de Ensino Do utor Washington Antônio de Barros / HU-Univasf.",Av Jose de Sá Maniçoba S/n Centro - /PE,25216,2024-05-16,2024-05-03,2024-05-03,2024-05-03,2024-06-17T17:27:08,True,legado
15502203900512024,15502203900512024,23536004766202315,155022,3,CONCORRÊNCIA,900512024,Publicado,eletronico,Nacional,ALBERTO JOSE LOPES DE MENDONCA,Chefe Interino do Setor de Administração Hc/ufpe/ebserh,1.0,15594358.23,19836464.79,Mais informações: (81) 2126 -3939,Contratação de empresa para execução de obra de reestruturação (retrofit) das instalaç ões elétricas de média e baixa tensão do Hospit al das Clínicas de Pernambuco-filial EBSERH,Av. Professor Moraes Rego S/n - Cidade Universitária/PE,25313,2024-07-11,2024-05-03,2024-05-03,2024-05-03,2024-11-29T09:01:11,True,legado
7001005000472023,7001005472023,0001873-11.2023  ,70010,5,PREGÃO,472023,Publicado,eletronico,Nacional,WILLAMS DE LUCENA ALVES,Pregoeiro,1.0,70065.34,92120.84,,"Pregão Eletrônico Contratação de ser viços continuados de condução de motocicletas p ertencentes à frota oficial do Tribunal Regiona l Eleitoral de Pernambuco para transporte, entr ega e coleta de documentos e pequenos volumes, com alocação de postos vinculados à categoria d e motoqueiro, sob o regime de dedicação exclusi va de mão de obra, de acordo com as especificaç ões constantes do Termo de Referência (ANEXO I) do Edital.","Av. Gov. Agamenon Magalhaes, 1.160, 4º Andar, Sala 408 - Graças/PE",25313,2024-05-22,2024-05-06,2024-05-06,2024-05-06,2024-06-28T11:55:24,True,legado
16020005900032024,16020005900032024,64621001305202490,160200,5,PREGÃO,900032024,Publicado,eletronico,Nacional,PAULO HENRIQUE PUEHRINGER,Ordenador de Despesas,117.0,,117.0,"Devido à nova catalogação d e material/serviço do Siasgnet, esclarecemos qu e não existem alguns códigos apropriados à nece ssidade desta unidade conforme estabelecido no Termo de Referência. Sendo assim, haverá diverg ência entre a descrição detalhada disponibiliza da no Comprasnet e a do Edital. Nesse sentido, os senhores licitantes, ao cadastrarem suas pro postas no sistema eletrônico deverão considerar as descrições detalhadas do Termo de Referênci a.","Pregão Eletrônico Aquisição de peças de viaturas genuínas ou originais que atendam a norma da ABNT 15296 GCALC 7ª RM compreenden do as Guarnições de Recife, Olinda e Jaboatão d os Guararapes e unidades autorizadas pelo Coman do da 7ª RM.",Av. 17 de Agosto 784 - Casa Forte - Casa Forte/PE,25313,2024-05-17,2024-05-07,2024-05-07,2024-05-07,2024-08-22T14:54:11,True,legado
15502205900532024,15502205900532024,23536002716202484,155022,5,PREGÃO,900532024,Publicado,eletronico,Nacional,ALBERTO JOSE LOPES DE MENDONCA,Chefe Interino do Setor de Administração Hc/ufpe/ebserh,9.0,,1400.41,Mais informações: (81) 2126 -3939,"Pregão Eletrônico Registro de preços visando eventual aquisição de Insumos Para Máq uina Unitarizadora de Medicamentos Modelo Opus 30 G Fabricante Opuspac para atender demanda do Hospital das Clínicas de Pernambuco, filial EBSERH.",Av. Professor Moraes Rego S/n - Cidade Universitária/PE,25313,2024-05-17,2024-05-07,2024-05-07,2024-05-07,2024-08-01T09:19:11,True,legado
78360205900032024,78360205900032024,63133000075202481,783602,5,PREGÃO,900032024,Publicado,eletronico,Nacional,DANIEL DE ANDRADE FERREIRA,Ordenador de Despesas,9.0,,154.41,"Não será divulgada IRP, poi s o objeto a ser licitado são os gêneros alimen tícios fracassados/desertos do PE 02/2024 desta UASG. Sendo assim, os órgãos participantes do referido pregão serão incluídos manualmente por esta UASG, garantindo o atendimento do inciso III, Art. 3º do DECRETO Nº 11.462, DE 31 DE MAR ÇO DE 2023.",Pregão Eletrônico Registro de preços para a eventual aquisição de GÊNEROS ALIMENTÍC IOS E MATERIAIS DESCARTÁVEIS para os itens frac assados/desertos do PE 02/2024.,"Av. Olinda Dom Helder Camara, S/n , Complexo Salgadinho - Olinda - Salgadinho/PE",24910,2024-05-17,2024-05-07,2024-05-07,2024-05-07,2024-06-06T14:02:58,True,legado
7001005900182024,7001005900182024,0023211-41.2023  ,70010,5,PREGÃO,900182024,Publicado,eletronico,Nacional,WILLAMS DE LUCENA ALVES,Pregoeiro,10.0,6600.0,70132.9,,"Pregão Eletrônico Aquisição de remov edor de etiquetas, cabo extensor USB 3.0 flexív el, malote tipo envelope para acondicionar mídi as de eleições, chave com ponta philips, chave de fenda, chave-teste, cadeado e cartela de eti quetas autoadesivas, para as eleições municipai s de 2024, de acordo com as especificações cons tantes do Termo de Referência (ANEXO I) do Edit al.","Av. Gov. Agamenon Magalhaes, 1.160, 4º Andar, Sala 408 - Graças/PE",25313,2024-05-21,2024-05-07,2024-05-07,2024-05-07,2024-06-13T15:28:47,True,legado
51067705900042024,51067705900042024,35014299320202337,510677,5,PREGÃO,900042024,Publicado,eletronico,Nacional,DERALDO SALVADOR DE LIMA,Coordenador de Gestão de Orc. Fin e Logistica,3.0,-287346.88,1707618.29,Critério de Julgamento: mai or desconto por item global Modo de disputa: aberto e fechado Preferência ME/EPP/equiparad as: NÃO.,"Pregão Eletrônico Contratação de emp resa especializada na prestação de serviços de manutenção corretiva e preventiva nos equipamen tos de ar condicionado instalados nas unidades pertencentes às Gerências Executivas de Fortale za, Juazeiro do Norte e Sobral, no estado do C eará.","Av. Dantas Barreto, Nº 300 , Sala 101 - Santo Antonio/PE",25313,2024-05-22,2024-05-08,2024-05-08,2024-05-08,2025-02-13T09:38:15,True,legado
16018505900012024,16018505900012024,64132001573202413,160185,5,PREGÃO,900012024,Publicado,eletronico,Nacional,HUMBERTO ANDRE PRAZERES GUAITA,Ordenador de Despesas,62.0,,5045.46,,"Pregão Eletrônico Contratação de emp resa especializada em serviços de manutenção de veículos com aplicação de peças, a fim de aten der as necessidades do 14º Batalhão Logístico e demais Organizações Militares participantes. ( Restrito as Organizações Militares integrantes do GCALC/Recife)","Rua São Miguel, Nr 898 - Afogados - Afogados/PE",25313,2024-06-17,2024-06-03,2024-06-03,2024-06-03,2024-08-13T15:26:31,True,legado
15316505900082024,15316505900082024,23082033646202319,153165,5,PREGÃO,900082024,Publicado,eletronico,Nacional,RAFAEL ALVES MARINO,Pregoeiro,1.0,,1349.5,,"Pregão Eletrônico O objeto da presen te licitação é a escolha da proposta mais vanta josa para aquisição, por registro de preço, de conjunto modular de arquivos deslizantes com ac ionamento mecânico para o Campus Sede da Univer sidade Federal Rural de Pernambuco, conforme co ndições, quantidades e exigências estabelecidas no Edital e seus anexos.",Rua Dom Manoel de Medeiros S/n - Dois Irmaos - /PE,25313,2024-06-13,2024-06-03,2024-06-03,2024-06-03,2024-08-01T11:29:07,True,legado
7001005900292024,7001005900292024,0010982-49.2023  ,70010,5,PREGÃO,900292024,Publicado,eletronico,Nacional,RITA MARIA DE CARVALHO FALCAO,Pregoeira,5.0,,31532.52,,"Pregão Eletrônico Prestação de servi ços contínuos de manutenção preventiva e corret iva em plataformas elevatórias instaladas em un idades administrativas do TRE-PE, incluindo o f ornecimento de peças e componentes, ferramentas e equipamentos necessários.","Av. Gov. Agamenon Magalhaes, 1.160 - Graças/PE",25313,2024-06-20,2024-06-04,2024-06-04,2024-06-04,2024-07-30T12:11:24,True,legado
15668705900062024,15668705900062024,23082010633202444,156687,5,PREGÃO,900062024,Publicado,eletronico,Nacional,CARLOS WILLIAN FERREIRA DE ARAUJO,Pregoeiro,1.0,,2279385.48,,"Pregão Eletrônico Contratação, media nte Pregão Eletrônico, tipo menor preço global, para execução indireta e contínua, sob o regim e de empreitada por preço unitário de pessoa ju rídica para contratação de serviço continuado d e Vigilância Armada, Armada Motorizada e Desarm ada, para atender à Universidade Federal do Agr este de PernambucoUFAPE, com fornecimento de mão de obra e todos os materiais e equipamento s necessários a sua execução.","Av.bom Pastor, S/n, Bairro Boa   Vista - Garanhuns - Pe - /PE",24198,2024-06-19,2024-06-05,2024-06-05,2024-06-05,2024-06-18T15:39:00,True,legado
15518005900282024,15518005900282024,23542005048202468,155180,5,PREGÃO,900282024,Publicado,eletronico,Nacional,JOSEMBERTO GREGORIO SIQUEIRA,Agente de Licitação,5.0,,859.863,,"Pregão Eletrônico Aquisição de EMBAL AGENS E RIBBON PARA OS MEDICAMENTOS FRACIONADOS , visando suprir as demandas dos serviços real izados no Hospital de Ensino Doutor Washington Antônio de Barros / HU-Univasf.",Av Jose de Sá Maniçoba S/n - Centro/PE,25216,2024-06-17,2024-06-05,2024-06-05,2024-06-05,2024-08-14T11:42:43,True,legado
16008405900022024,16008405900022024,64257001967202465,160084,5,PREGÃO,900022024,Publicado,eletronico,Nacional,RICARDO VIEIRA COELHO JUNIOR,Ordenador de Despesas,1.0,103446.71,137928.95,,"Pregão Eletrônico Contratação de emp resa especializada em fornecimento e instalação de kit disjuntor de média tensão em subestação coberta, realização de estudo de proteção e pa rametrização de relé.","Av.visconde de Sao Leopoldo , 198, Engenho do Meio - Recife - Pe - /PE",25313,2024-06-19,2024-06-05,2024-06-05,2024-06-05,2024-07-05T11:00:21,True,legado
15668705900082024,15668705900082024,23082003983202454,156687,5,PREGÃO,900082024,Publicado,eletronico,Nacional,CARLOS WILLIAN FERREIRA DE ARAUJO,Pregoeiro,1.0,14060.8,21602.88,,"Pregão Eletrônico O objeto da presen te licitação é a prestação do serviço de coleta , transporte, tratamento e disposição final ade quada dos resíduos sólidos da saúde dos grupos a (biológicos), b (medicamentos) e ""e"" (perfuro cortantes).","Av.bom Pastor, S/n, Bairro Boa   Vista - Garanhuns - Pe - /PE",24198,2024-06-20,2024-06-05,2024-06-05,2024-06-05,2024-06-21T22:35:58,True,legado
9003105900112024,9003105900112024,0003342-52.2024.4,90031,5,PREGÃO,900112024,Publicado,eletronico,Nacional,FRANCISCO REIS NOGUEIRA SOBRINHO,Pregoeiro,1.0,81475.2,165600.0,"Não será permitida a subcon tratação, no todo ou em parte, do objeto deste certame licitatório, conforme o disposto no Cap ítulo 19 do Anexo ITermo de Referência deste Edital.Em caso de divergência entre as especif icações deste objeto descritas no http://www.go v.br/compras/pt-br e as especificações técnicas constantes deste Edital, estas prevalecerão.","Pregão Eletrônico Contratação de emp resa especializada em serviço de transcrição de áudios (degravação), em língua portuguesa, pro venientes das Seções, Turmas e Plenos do Tribun al Regional Federal da 5º Região.","Av. Cais do Apolo, S/n - Edf. Ministro Djaci Falcão - Recife Antigo/PE",25313,2024-06-21,2024-06-06,2024-06-06,2024-06-06,2024-07-01T13:58:04,True,legado
9003105900082024,9003105900082024,0003959-12.2024.4,90031,5,PREGÃO,900082024,Publicado,eletronico,Nacional,FRANCISCO REIS NOGUEIRA SOBRINHO,Pregoeiro,1.0,,70.0,"Não será permitida a subcon tratação, no todo ou em parte, do objeto deste certame licitatório, conforme o disposto no Cap ítulo 18 do Anexo ITermo de Referência deste Edital.Em caso de divergência entre as especif icações deste objeto descritas no cadastro do C OMPRASNET e as especificações técnicas constant es neste Edital e seus Anexos, estas prevalecer ão.","Pregão Eletrônico Contratação de emp resa especializada no fornecimento de alimentaç ão, neste, compreendidos gêneros alimentícios p rontos, industrializados, in natura e bebidas ( sucos, refrigerantes, leites e chás) para os ma gistrados, nos intervalos das Sessões de Julgam ento do Pleno do Tribunal Regional Federal da 5 ª Região, por meio do Sistema de Registro de Pr eços (SRP).","Av. Cais do Apolo, S/n - Edf. Ministro Djaci Falcão - Recife Antigo/PE",25313,2024-06-21,2024-06-06,2024-06-06,2024-06-06,2024-06-21T10:00:10,True,legado
15668705900072024,15668705900072024,23082005994202479,156687,5,PREGÃO,900072024,Publicado,eletronico,Nacional,CARLOS WILLIAN FERREIRA DE ARAUJO,Pregoeiro,2.0,245740.7,450128.61,,"Pregão Eletrônico Contratação de ser viços para implantação e operação de um sistema informatizado, via internet, integrado de gest ão de frota de veículos, com vistas ao fornecim ento contínuo e ininterrupto de combustíveis, e afins, bem como, manutenção preventiva e corre tiva, com fornecimento de peças e acessórios, s erviços de mecânica e elétrica, funilaria, pint ura, ar condicionado, troca de óleo, reboque e demais peças dos veículos e implementos agrícol as da frota da UFAPE.","Av.bom Pastor, S/n, Bairro Boa   Vista - Garanhuns - Pe - /PE",24198,2024-06-21,2024-06-06,2024-06-06,2024-06-06,2024-08-23T16:41:34,True,legado
16019905900102024,16019905900102024,10               ,160199,5,PREGÃO,900102024,Publicado,eletronico,Nacional,ANDREA GUIMARAES GURGEL,Ordenadora de Despesa,71.0,,8409.83,,"Pregão Eletrônico Registro de preços para eventual aquisição de produtos para Saúde CME e SANEANTESvisando atender às necessid ades da Central de Material e Esterilização(CME ),Clinicas (Unidades) de Internação, Emergência , Ambulatório e Centro Cirúrgico do Hospital Mi litar de Área de Recife (HMAR).","Rua do Hospício, 563 - Boa Vista - /PE",25313,2024-06-18,2024-06-06,2024-06-06,2024-06-06,2025-02-06T11:40:04,True,legado
13001605900032024,13001605900032024,21002000272202445,130016,5,PREGÃO,900032024,Publicado,eletronico,Nacional,VERA LUCIA RODRIGUES CHAVES,Pregoeira,74.0,,5933.57,,"Pregão Eletrônico Aquisição de Mater ial de Laboratório, para suprir as necessidades das unidades analíticas (FCS, DIA, NGBIO, DIA -EET, MIC e LASO) do LFDA-PE, nos termos da tab ela abaixo, conforme condições e exigências est abelecidas na Minuta do Termo de Referência.",Rua Dom Manoel de Medeiros S/n - Dois Irmaos - Dois Irmãos/PE,25313,2024-06-19,2024-06-06,2024-06-06,2024-06-06,2024-07-22T12:40:55,True,legado
34400205900062024,34400205900062024,0311/2024-74     ,344002,5,PREGÃO,900062024,Publicado,eletronico,Nacional,AIDA MARIA MONTEIRO SILVA,Diretora de Planejamento e Administração,7.0,4800.0,57269.23,,"Pregão Eletrônico Contratação de ser viços de empresa especializada em Instalação e/ ou Substituição de Aparelho de Ar Condicionado (evaporadora + condensadora) tipo Split Piso Te to Inverter e Split Hi Wall Inverter, para a Fu ndação Joaquim Nabuco.","Av. 17 de Agosto, 2187 - Casa_forte - Casa Forte/PE",25313,2024-06-20,2024-06-06,2024-06-06,2024-06-06,2024-07-10T13:56:00,True,legado
7001005900262024,7001005900262024,0002950-21.2024  ,70010,5,PREGÃO,900262024,Publicado,eletronico,Nacional,JOANA D ARC SIMOES DE BARROS,Pregoeira,2.0,4034164.54,4231207.46,,"Pregão Eletrônico Contratação de ser viços de apoio às Eleições 2024 e supervisão, c om alocação exclusiva de mão de obra vinculada à categoria de Auxiliar de Apoio Administrativo .","Av. Gov. Agamenon Magalhaes, 1.160 - Sala 408 - Graças/PE",25313,2024-06-26,2024-06-06,2024-06-06,2024-06-06,2024-07-09T10:02:13,True,legado
16019405900072024,16019405900072024,64318008579202443,160194,5,PREGÃO,900072024,Publicado,eletronico,Nacional,ALEXANDRE DA SILVA GALDINO,Ordenador de Despesas,2.0,,613.0,"Colchão tipo: espuma; mater ial: espuma poliuretano convencional; densidade : D-33; tamanho: largura x comprimento: 0,78 x 1,98 m, altura: 0,12 m. Os colchões devem ser f ornecidos em capa de tecido na cor cinza, com e tiqueta personalizada, conforme especificações constantes no anexo deste TR.",Pregão Eletrônico Aquisição de colch ões de espuma D33 personalizados para atendimen to das demandas do Comando da 7Região Militar e Organizações Militares subordinadas.,"Av. Visconde de Sao Leopoldo, 198 - Engenho do Meio - Várzea/PE",25313,2024-06-25,2024-06-07,2024-06-07,2024-06-07,2024-07-04T15:43:18,True,legado
7001005900142024,7001005900142024,0010583-20.2023  ,70010,5,PREGÃO,900142024,Publicado,eletronico,Nacional,JOANA D ARC SIMOES DE BARROS,Pregoeira,1.0,551230.0,573702.96,,"Pregão Eletrônico Contratação de ser viços contínuos de auxiliar de saúde bucal em r egime de dedicação exclusiva de mão de obra, co m fornecimento de materiais.","Av. Gov. Agamenon Magalhaes, 1.160 - Sala 408 - /PE",25313,2024-07-18,2024-07-01,2024-07-01,2024-07-01,2024-08-27T12:19:10,True,legado
25704705900082024,25704705900082024,25059004211202371,257047,5,PREGÃO,900082024,Publicado,eletronico,Nacional,ANTONIO DE CARVALHO SA,Agente de Saúde Pública,30.0,,23896.31,,"Pregão Eletrônico Aquisição de mobil iários, equipamentos e eletrodomésticos para me lhor adequação física do DSEI/PE e de suas unid ades descentralizadas.",Av. Norte Miguel Arraes de Alencar - Macaxeira/PE,25313,2024-07-26,2024-07-01,2024-07-01,2024-07-01,2025-01-16T09:27:50,True,legado
15502205900672024,15502205900672024,23536007825202498,155022,5,PREGÃO,900672024,Publicado,eletronico,Nacional,ALBERTO JOSE LOPES DE MENDONCA,Chefe do Setor de Administração Hc/ufpe/ebserh,78.0,,2225.7,Mais informações: (81) 2126 -3939,"Pregão Eletrônico Registro de preços visando eventual aquisição de Medicamentos Con trolados, incluindo Propofol com fornecimento d e Equipamento em Regime de Comodato para atende r demanda do Hospital das Clínicas de Pernambuc o, filial EBSERH",Av. Professor Moraes Rego S/n - Cidade Universitária/PE,25313,2024-07-11,2024-07-01,2024-07-01,2024-07-01,2024-08-22T14:51:34,True,legado
25704705900072024,25704705900072024,25059004229202373,257047,5,PREGÃO,900072024,Publicado,eletronico,Nacional,ANTONIO DE CARVALHO SA,Agente de Saúde Pública,65.0,,1430.8451,,Pregão Eletrônico Aquisição de Mater iais Médico-Hospitalares (MMH).,Av. Norte Miguel Arraes de Alencar - Macaxeira/PE,25313,2024-07-15,2024-07-01,2024-07-01,2024-07-01,2024-12-09T10:56:51,True,legado
15518005900382024,15518005900382024,23542006034202461,155180,5,PREGÃO,900382024,Publicado,eletronico,Nacional,GILBERIO ITALO DE ARAUJO SANTOS,Agente de Licitações,1.0,6166368.0,6689894.4,,Pregão Eletrônico Contratação de emp resa para prestação de Serviços Médicos de Neur ocirurgia,Av Jose de Sá Maniçoba S/n Centro - /PE,25216,2024-07-22,2024-07-01,2024-07-01,2024-07-01,2024-07-23T17:41:08,True,legado
13001605900052024,13001605900052024,21002000378202449,130016,5,PREGÃO,900052024,Publicado,eletronico,Nacional,CARLAINE BATISTA DE CARVALHO,Pregoeira,9.0,,37362.47,,"Pregão Eletrônico Aquisição de Insum os químicos, biológicos e materiais de laborató rio, para suprir as necessidades da Unidade de Microbiologia de Alimentos (MIC) do LFDA-PE.",Rua Dom Manoel de Medeiros S/n - Dois Irmaos - Dois Irmãos/PE,25313,2024-07-15,2024-07-02,2024-07-02,2024-07-02,2024-07-29T15:30:02,True,legado
9003105900182024,9003105900182024,3959-12.2024.4.05,90031,5,PREGÃO,900182024,Publicado,eletronico,Nacional,FRANCISCO REIS NOGUEIRA SOBRINHO,Pregoeiro,1.0,,70.0,"Não será permitida a subcon tratação, no todo ou em parte, do objeto deste certame licitatório, conforme o disposto no Cap ítulo 18 do Anexo ITermo de Referência deste Edital.Em caso de divergência entre as especif icações deste objeto descritas no cadastro do C OMPRASNET e as especificações técnicas constant es neste Edital e seus Anexos, estas prevalecer ão.","Pregão Eletrônico Contratação de emp resa especializada no fornecimento de alimentaç ão, neste, compreendidos gêneros alimentícios p rontos, industrializados, in natura e bebidas ( sucos, refrigerantes, leites e chás) para os ma gistrados, nos intervalos das Sessões de Julgam ento do Pleno do Tribunal Regional Federal da 5 ª Região, por meio do Sistema de Registro de Pr eços (SRP).","Av. Cais do Apolo, S/n, Ed. Min. Djaci Falcao - Bairro do Recife - Recife Antigo/PE",25313,2024-07-18,2024-07-02,2024-07-02,2024-07-02,2024-07-31T09:07:29,True,legado
13001605900042024,13001605900042024,21002000419202405,130016,5,PREGÃO,900042024,Publicado,eletronico,Nacional,VERA LUCIA RODRIGUES CHAVES,Pregoeira,8.0,,1511.11,,"Pregão Eletrônico Aquisição de Gás E special, para suprir as necessidades das Unidad es do LFDA-PE, nos termos da tabela abaixo, con forme condições e exigências estabelecidas no T ermo de Referência.",Rua Dom Manoel de Medeiros S/n - Dois Irmaos - Dois Irmãos/PE,25313,2024-07-12,2024-07-02,2024-07-02,2024-07-02,2024-10-04T16:20:04,True,legado
15316505900122024,15316505900122024,23082010611202484,153165,5,PREGÃO,900122024,Publicado,eletronico,Nacional,ALEX SILVA DE SALES,Pregoeiro,30.0,6800.0,27282.27,,Pregão Eletrônico Aquisição de mater ial de consumo necessário para a realização das aulas práticas de Botânica e áreas afins nos s emestres de 2024.1 e 2024.2 destinados ao Depar tamento de Biologia/DB Área de Botânica da UF RPE.,Rua Dom Manoel de Medeiros S/n - Dois Irmaos - /PE,25313,2024-07-12,2024-07-02,2024-07-02,2024-07-02,2024-07-29T11:17:01,True,legado
8000605900052024,8000605900052024,12049/2024       ,80006,5,PREGÃO,900052024,Publicado,eletronico,Nacional,FABIANO ANTONIO MARQUES GUEDES DA CRUZ FILHO,Pregoeiro,25.0,,534.94,,Pregão Eletrônico Registro de preços para aquisição de material gráfico.,"Cais do Apolo Nº 739, Bairro do Recife, Recife/pe. - /PE",25313,2024-07-17,2024-07-02,2024-07-02,2024-07-02,2024-09-16T13:33:02,True,legado
78370205901032024,78370205901032024,63066002211202418,783702,5,PREGÃO,901032024,Publicado,eletronico,Nacional,LISA TIEMI OGAWA,Ordenadora de Despesa,1.0,101520.0,128520.0,,"Pregão Eletrônico Contratação de ser viço continuo para realização de exames de hema tologia, com fornecimento de equipamento, em re gime de comodato.","Avenida Cruz Cabuga, 1.200 - Santo Amaro/PE",25313,2024-07-16,2024-07-02,2024-07-02,2024-07-02,2024-07-24T13:20:56,True,legado
9000905900162024,9000905900162024,0001930-41.2024.4,90009,5,PREGÃO,900162024,Publicado,eletronico,Nacional,JOSE IVAN BARBOSA DE MELO FERRAZ,Pregoeiro,1.0,94733.95,95210.0,,"Pregão Eletrônico Contratação sob de manda de empresa especializada na prestação de serviços de administração, aquisição, fornecime nto, gerenciamento e controle de combustíveis p ara o grupo de geradores e roçadeiras da Justiç a Federal em Pernambuco.","Av. Recife, 6250. Jiquiá . Recife Pe - Jiquiá/PE",25313,2024-07-18,2024-07-02,2024-07-02,2024-07-02,2024-08-14T15:14:02,True,legado
9000905900122024,9000905900122024,0002262-08.2024.4,90009,5,PREGÃO,900122024,Publicado,eletronico,Nacional,JOSE IVAN BARBOSA DE MELO FERRAZ,Pregoeiro,4.0,,38.79,,"Pregão Eletrônico Registro de preços visando ao fornecimento de BATERIAS/PILHAS,, p ara reposição no edifício-sede e Subseções Judi ciárias desta Justiça Federal de Primeiro Grau em Pernambuco, pelo prazo de 12 (doze) meses.","Av. Recife, 6250. Jiquiá . Recife Pe - Jiquiá/PE",25313,2024-07-17,2024-07-02,2024-07-02,2024-07-02,2024-07-26T12:04:12,True,legado
25704705900092024,25704705900092024,25059004163202311,257047,5,PREGÃO,900092024,Publicado,eletronico,Nacional,ANTONIO DE CARVALHO SA,Agente de Saúde Pública,32.0,,230.89,,Pregão Eletrônico Aquisição de medic amento que foram desertos e desclassificados no s processos licitatórios do exercício de 2023 p ara atender às necessidades do Distrito Sanitár io Indígena Pernambuco (DSEI-PE).,Av. Norte Miguel Arraes de Alencar - Macaxeira/PE,25313,2024-07-16,2024-07-03,2024-07-03,2024-07-03,2024-08-07T14:48:51,True,legado
25704705900102024,25704705900102024,25059001063202333,257047,5,PREGÃO,900102024,Publicado,eletronico,Nacional,ANTONIO DE CARVALHO SA,Agente de Saúde Pública,6.0,,7462.66,,"Pregão Eletrônico Aquisição de Hipoc lorito de sódio, Hipoclorito de cálcio, Policlo reto de alumínio, substratocromogênio defi nido ONPG-MUG 24H, substrato cromogênico defi nido CPRG-MUG 48H e reagente paradeterminação de clo ro livre (Cl2).",Av. Norte Miguel Arraes de Alencar - Macaxeira/PE,25313,2024-07-22,2024-07-03,2024-07-03,2024-07-03,2024-10-31T16:47:12,True,legado
11009605900132024,11009605900132024,00587001434202388,110096,5,PREGÃO,900132024,Publicado,eletronico,Nacional,RENATA CRISTINA DE QUEIROZ MELO,Pregoeira,7.0,105713.52,1415839.8,"O edital e seus anexos enco ntram-se disponíveis no Portal Nacional de Cont ratações Públicas (PNCP) e no Portal de Compra s do Governo Federal, nos endereços eletrônicos , respectivamente: https://www.gov.br/pncp/pt-b r, https://www.gov.br/compras/pt-br","Pregão Eletrônico Contratação do ser viço continuado de vigilância orgânica armada p ara atender às necessidades das unidades da Adv ocacia Geral da União nos estados da Paraíba e do Piauí, a serem executados com regime de de dicação exclusiva de mão de obra","Avenida Herculano Bandeira, 716 - Pina/PE",25313,2024-07-19,2024-07-03,2024-07-03,2024-07-03,2024-09-26T10:29:03,True,legado
16019905900122024,16019905900122024,64583004790202457,160199,5,PREGÃO,900122024,Publicado,eletronico,Nacional,ANDREA GUIMARAES GURGEL,Ordenador de Despesas,14.0,,848.64,,Pregão Eletrônico Registro de preços para eventual aquisição de enxoval hospital do Hospital,"Rua do Hospício, 563 - Boa Vista - /PE",25313,2024-07-15,2024-07-03,2024-07-03,2024-07-03,2024-11-12T14:55:59,True,legado
15502205900682024,15502205900682024,23536004780202408,155022,5,PREGÃO,900682024,Publicado,eletronico,Nacional,ALBERTO JOSE LOPES DE MENDONCA,Chefe do Setor de Administração Hc/ufpe/ebserh,12.0,,12318.47,Mais informações: (81) 2126 -3939,Pregão Eletrônico Registro de Preços visando a eventual aquisição de Materiais para Urologia com equipamentos em regime de comodat o parea atender demanda do Hospital das Clínica s de Pernambuco Filial Ebserh.,Av. Professor Moraes Rego S/n - Cidade Universitária/PE,25313,2024-07-18,2024-07-03,2024-07-03,2024-07-03,2024-09-20T09:21:15,True,legado
15502205900692024,15502205900692024,23536007849202447,155022,5,PREGÃO,900692024,Publicado,eletronico,Nacional,ALBERTO JOSE LOPES DE MENDONCA,Chefe do Setor de Administração Hc/ufpe/ebserh,78.0,,13697.15,Mais informações: (81) 2126 -3939,Pregão Eletrônico Registro de preços visando a eventual aquisição de Medicamentos A ntiinfecciosos para atender demanda do Hospital das Clínicas de Pernambuco Filial Ebserh.,Av. Professor Moraes Rego S/n - Cidade Universitária/PE,25313,2024-07-18,2024-07-03,2024-07-03,2024-07-03,2024-09-03T16:32:28,True,legado
15502205900702024,15502205900702024,23536007514202429,155022,5,PREGÃO,900702024,Publicado,eletronico,Nacional,ALBERTO JOSE LOPES DE MENDONCA,Chefe do Setor de Administração Hc/ufpe/ebserh,55.0,,17466.36,Mais informações: (81) 2126 -3939,"Pregão Eletrônico Insumos para proce ssamento de Produtos para Saúde, com Fornecimen to de Equipamentos em Regime de Comodato (invól ucros, desinfetantes; escovas e esponjas; indic adores químicos e biológicos; lubrificantes e m arcadores de instrumentais; insumos para o sist ema de esterilização por plasma de peróxido de hidrogênio compatíveis com o equipamento ster rad 100s)",Av. Professor Moraes Rego S/n - Cidade Universitária/PE,25313,2024-07-25,2024-07-04,2024-07-04,2024-07-04,2024-10-25T16:06:37,True,legado
11009605900142024,11009605900142024,00587001435202322,110096,5,PREGÃO,900142024,Publicado,eletronico,Nacional,SARAH LEANDRO VALENCA REGUEIRA,Pregoeira,7.0,365682.96,666561.84,"O edital e seus anexos enco ntram-se disponíveis no Portal Nacional de Cont ratações Públicas (PNCP) e no Portal de Compra s do Governo Federal, nos endereços eletrônicos , respectivamente: https://www.gov.br/pncp/pt-b r, https://www.gov.br/compras/pt-br","Pregão Eletrônico Contratação de ser viços de limpeza, asseio e conservação com forn ecimento de material e utensílios sob demanda, para atender às necessidades das unidades da Ad vocaciaGeral da União no estado da Paraíba, a serem executados com regime de dedicação exclu siva de mão de obra","Avenida Herculano Bandeira, 716 - Pina/PE",25313,2024-07-22,2024-07-04,2024-07-04,2024-07-04,2024-08-06T15:59:55,True,legado
12063205900272024,12063205900272024,67614032476202367,120632,5,PREGÃO,900272024,Publicado,eletronico,Nacional,RODRIGO ANTONIO SILVEIRA DOS SANTOS,Ordenador de Despesas,7.0,133847.04,299570.62,,"Pregão Eletrônico Contratação de emp resa especializada para prestação de serviço co ntinuado de limpeza, higiene e conservação de b ens móveis/imóveis, com fornecimento de materia is necessários à sua execução no âmbito do DEST ACAMENTO DE CONTROLE DO ESPAÇO AÉREO DE NATAL/R N (DTCEA-NT), incluindo fornecimento de mão-deobra especializada.",Av Armindo Moura - Boa Viagem/PE,25313,2024-07-22,2024-07-05,2024-07-05,2024-07-05,2024-10-03T15:09:23,True,legado
15502203900712024,15502203900712024,23536035539202331,155022,3,CONCORRÊNCIA,900712024,Publicado,eletronico,Nacional,ALBERTO JOSE LOPES DE MENDONCA,Chefe do Setor de Administração Hc/ufpe/ebserh,1.0,10113369.14,12997395.12,,"Contratação de empresa de engenharia pa ra a execução de serviços de Recuperação e Refo rço de Elementos Estruturais do Subsolo do Hosp ital das Clínicas da Universidade Federal de Pe rnambuco, filial da Ebserh, contemplando o forn ecimento de mão de obra, ferramentas, equipamen tos e materiais necessários para realização dos serviços mencionados",Av. Professor Moraes Rego S/n - Cidade Universitária/PE,25313,2024-08-09,2024-07-05,2024-07-05,2024-07-05,2024-12-23T09:23:11,True,legado
15502205900782024,15502205900782024,23536013437202446,155022,5,PREGÃO,900782024,Publicado,eletronico,Nacional,ALBERTO JOSE LOPES DE MENDONCA,Chefe do Setor de Administração Hc/ufpe/ebserh,,,,Mais informações: (81) 2126 -3939,"Pregão Eletrônico Registro de preços visando eventual aquisição de Papéis Especiais para atender demanda do Hospital das Clínicas de Pernambuco, filial EBSERH.",Av. Professor Moraes Rego S/n - Cidade Universitária/PE,25313,2024-08-14,2024-08-01,2024-08-01,2024-08-01,2024-08-21T15:21:20,True,legado
20011303900012024,20011303900012024,08654003751202481,200113,3,CONCORRÊNCIA,900012024,Publicado,eletronico,Nacional,MARIA LUIZA DIAS GANDRA CIRNE DE AZEVEDO,Agente de Contratação,,7230999.0,,Para dúvidas ou esclarecime ntos: nucont.pe@prf.gov.br,"Contratação semi-integrada de empresa d e engenharia para desenvolvimento do projeto ex ecutivo de engenharia; execução de todas as eta pas e ações necessárias, bem como cumprimento d e todas as obrigações e condicionantes, incluin do todos os licenciamentos em especial o ambien tal e execução das obras de construção da Deleg acia e Unidade Operacional da Polícia Rodoviári a Federal em Recife/PE.","Av. Antonio de Goes, 820 - Pina - Pina/PE",25313,2024-09-24,2024-08-01,2024-08-01,2024-08-01,2024-10-09T11:38:03,True,legado
16019905900142024,16019905900142024,64583006921202431,160199,5,PREGÃO,900142024,Publicado,eletronico,Nacional,LUIZ AUGUSTO FRANCO CESAR,Ordenador de Despesa,,,,,Pregão Eletrônico Registro de preços para eventual aquisição de Materiais Descartáv eis para o Serviço de Nutrição hospital do Hos pital Militar de Área de Recife (HMAR).,"Rua do Hospício, 563 - Boa Vista - /PE",25313,2024-08-13,2024-08-01,2024-08-01,2024-08-01,2024-11-04T14:57:45,True,legado
16020105900072024,16020105900072024,64329.001371/2024,160201,5,PREGÃO,900072024,Publicado,eletronico,Nacional,MARCIO LEANDRO ALVES DE AREDES,Ordenador de Despesas,,644000.0,,,Pregão Eletrônico Adequação da rede elétrica de baixa tensão da 4ª e 8ª ui do Hospi tal Militar de Área do Recife.,"Av Norte, 245 - Santo Amaro - /PE",25313,2024-08-15,2024-08-01,2024-08-01,2024-08-01,2024-10-02T16:03:53,True,legado
7001005900312024,7001005900312024,0023608-03.2023  ,70010,5,PREGÃO,900312024,Publicado,eletronico,Nacional,RITA MARIA DE CARVALHO FALCAO,Pregoeira,,,,,Pregão Eletrônico Aquisição de Medal has e Bottons. IRP.,"Av. Gov. Agamenon Magalhaes, 1.160 - Graças/PE",25313,2024-08-16,2024-08-02,2024-08-02,2024-08-02,2024-08-29T11:38:02,True,legado
15442105900062024,15442105900062024,23402044182202306,154421,5,PREGÃO,900062024,Publicado,eletronico,Nacional,GIVANILDO DOS SANTOS,Pregoeiro,,,,,"Pregão Eletrônico Registro de preços para eventual aquisição de Materiais de Constr ução, conforme condições e exigências estabelec idas no Edital e seus anexos.",Av.jose de Sa Maniçoba S/n Centro-campus Universitário Petrolina - Centro/PE,25216,2024-08-29,2024-08-02,2024-08-02,2024-08-02,2024-09-16T09:56:22,True,legado
15502205900792024,15502205900792024,23536007319202407,155022,5,PREGÃO,900792024,Publicado,eletronico,Nacional,ALBERTO JOSE LOPES DE MENDONCA,Chefe do Setor de Administração Hc/ufpe/ebserh,,,,Mais informações: (81) 2126 -3939,"Pregão Eletrônico Registro de preços visando eventual aquisição de Material Médico Hospitalar do Grupo Tubos e Sondas para atender demanda do Hospital das Clínicas de Pernambuco , filial EBSERH.",Av. Professor Moraes Rego S/n - Cidade Universitária/PE,25313,2024-08-16,2024-08-02,2024-08-02,2024-08-02,2024-12-23T12:54:12,True,legado
15518005900452024,15518005900452024,23542004938202452,155180,5,PREGÃO,900452024,Publicado,eletronico,Nacional,GILBERIO ITALO DE ARAUJO SANTOS,Agente de Licitação,,,,,Pregão Eletrônico Aquisição de venti ladores pulmonares.,Av Jose de Sá Maniçoba S/n Centro - Centro/PE,25216,2024-08-14,2024-08-02,2024-08-02,2024-08-02,2024-10-01T15:24:33,True,legado
15518005900462024,15518005900462024,23542009772202380,155180,5,PREGÃO,900462024,Publicado,eletronico,Nacional,GILBERIO ITALO DE ARAUJO SANTOS,Agente de Licitação,,,,,"Pregão Eletrônico Contratação de emp resas para fornecimento de REAGENTES LABORATORI AIS, com fornecimento de equipamentos em regime de comodato.",Av Jose de Sá Maniçoba S/n Centro - Centro/PE,25216,2024-08-14,2024-08-02,2024-08-02,2024-08-02,2024-08-26T08:28:29,True,legado
25704705900112024,25704705900112024,25059004352202394,257047,5,PREGÃO,900112024,Publicado,eletronico,Nacional,ANTONIO DE CARVALHO SA,Agente de Saúde Pública,,8915400.0,,,"Pregão Eletrônico Contratação de emp resa especializada na prestação de serviço de m ão-de-obra de motoristas para condução de veícu los oficiais para atendimento das necessidades da região do Sertão (Municípios de Salgueiro, C arnaubeira da Penha, Cabrobó, Orocó, Floresta, Belém de São Francisco, Ibimirim, Inajá, Tacara tu, Jatobá e Petrolândia-PE).",Av. Norte Miguel Arraes de Alencar - Macaxeira/PE,25313,2024-08-16,2024-08-02,2024-08-02,2024-08-02,2024-09-19T16:16:12,True,legado
25704705900122024,25704705900122024,25059002559202324,257047,5,PREGÃO,900122024,Publicado,eletronico,Nacional,ANTONIO DE CARVALHO SA,Agente de Saúde Pública,,321230.0,,,"Pregão Eletrônico Contratação de emp resa para prestação do serviço de Transporte Hi droviário com embarcações equipadas com motores de popa, incluso combustível, manutenção e mot orista para garantir o meio de transporte fluvi al visando o deslocamento das EMSI até os aldea mentos indígenas ilhéus (Aldeias: Ilha de São F elix e Ilha da Tapera), no município de Orocó/P E.",Av. Norte Miguel Arraes de Alencar - Macaxeira/PE,25313,2024-08-20,2024-08-02,2024-08-02,2024-08-02,2024-09-12T11:49:47,True,legado
15442105900042024,15442105900042024,2340204263202329 ,154421,5,PREGÃO,900042024,Publicado,eletronico,Nacional,GIVANILDO DOS SANTOS,Pregoeiro,,,,,"Pregão Eletrônico Registro de preços para eventual aquisição de Vasilhame (Botijão 13kg), Gás 45Kg e Gás GLP 13kg, conforme condi ções e exigências estabelecidas no Edital e seu s anexos.",Av.jose de Sa Maniçoba S/n Centro-campus Universitário Petrolina - Centro/PE,25216,2024-08-20,2024-08-02,2024-08-02,2024-08-02,2024-09-07T10:39:47,True,legado
15316505900182024,15316505900182024,23082032629202275,153165,5,PREGÃO,900182024,Publicado,eletronico,Nacional,ALEX SILVA DE SALES,Pregoeiro,,,,,Pregão Eletrônico Aquisição de mate rial de consumo diversos para atender às demand as do Curso de Licenciatura em Educação Física do Departamento de Educação Física DEFIS da U niversidade Federal Rural de Pernambuco UFRPE .,Rua Dom Manoel de Medeiros S/n - Dois Irmaos - /PE,25313,2024-08-14,2024-08-02,2024-08-02,2024-08-02,2024-08-14T09:00:04,True,legado
15316505900172024,15316505900172024,23082013076202413,153165,5,PREGÃO,900172024,Publicado,eletronico,Nacional,MARIO LEAL DA SILVA,Pregoeiro,,,,,"Pregão Eletrônico Aquisição parcelad a de insumos nutricionais para confecção de con centrados que irão prover a alimentação dos ani mais que compõem o plantel de ovinos e caprinos , da área de Zootecnia do CODAI-UFRPE.",Rua Dom Manoel de Medeiros S/n - Dois Irmaos - Dois Irmãos/PE,25313,2024-08-15,2024-08-02,2024-08-02,2024-08-02,2024-08-01T08:46:52,True,legado
24013705900092024,24013705900092024,01202000388202411,240137,5,PREGÃO,900092024,Publicado,eletronico,Nacional,EDUARDO EUGENIO FERREIRA CAMPOS,Pregoeiro,,,,,"Pregão Eletrônico Aquisição de Mater iais Gráficos de Divulgação para o Centro de Te cnologias Estratégicas do Nordeste CETENE, po r meio de pregão eletrônico (SRP), expostos na lista de itens apensada aos autos deste process o.","Av. Prof. Luis Freire, 1 - Cidade Universitaria - /PE",25313,2024-08-19,2024-08-05,2024-08-05,2024-08-05,2024-08-26T14:17:27,True,legado
9003105900192024,9003105900192024,2993-49.2024.4.05,90031,5,PREGÃO,900192024,Publicado,eletronico,Nacional,FRANCISCO REIS NOGUEIRA SOBRINHO,Pregoeiro,,46000.0,,"Não será permitida a subcon tratação, no todo ou em parte, do objeto deste certame licitatório, conforme o disposto no Cap ítulo 20 do Anexo ITermo de Referência deste Edital. Em caso de divergência entre as especi ficações deste objeto descritas no http://www.g ov.br/compras/pt-br e as especificações técnica s constantes deste Edital, estas prevalecerão.",Pregão Eletrônico Contratação de emp resa especializada em serviço de blindagem em v eículo automotor do Tribunal Regional Federal d a 5ª Região.,"Av. Cais do Apolo, S/n, Ed. Min. Djaci Falcao - Bairro do Recife - Recife Antigo/PE",25313,2024-08-20,2024-08-05,2024-08-05,2024-08-05,2024-08-28T09:35:04,True,legado
15502205900802024,15502205900802024,23536031971202353,155022,5,PREGÃO,900802024,Publicado,eletronico,Nacional,ALBERTO JOSE LOPES DE MENDONCA,Chefe do Setor de Administração Hc/ufpe/ebserh,,,,Mais informações: (81) 2126 -3939,"Pregão Eletrônico Registro de preços visando eventual aquisição de Materiais de Con sumo para o Almoxarifado de Manutenção do Setor de Infraestrutura Física para atender demanda do Hospital das Clínicas de Pernambuco, filial EBSERH",Av. Professor Moraes Rego S/n - Cidade Universitária/PE,25313,2024-08-15,2024-08-05,2024-08-05,2024-08-05,2025-01-30T17:08:21,True,legado
15502205900812024,15502205900812024,23536012569202451,155022,5,PREGÃO,900812024,Publicado,eletronico,Nacional,ALBERTO JOSE LOPES DE MENDONCA,Chefe do Setor de Administração Hc/ufpe/ebserh,,,,Mais informações: (81) 2126 -3939,Pregão Eletrônico Registro de preços visando a eventual aquisição de Medicamentos I njetáveis para atender demanda do Hospital das Clínicas de Pernambuco Filial Ebserh.,Av. Professor Moraes Rego S/n - Cidade Universitária/PE,25313,2024-08-15,2024-08-05,2024-08-05,2024-08-05,2024-11-19T12:15:28,True,legado
15316505900192024,15316505900192024,23082033194202367,153165,5,PREGÃO,900192024,Publicado,eletronico,Nacional,RAFAEL ALVES MARINO,Pregoeiro,,123.58,,,"Pregão Eletrônico Aquisição de insum os e material de consumo para o Laboratório de Saneamento Ambiental do Departamento de Tecnolo gia Rural da Universidade Federal Rural de Per nambuco (UFRPE), conforme condições e exigência s estabelecidas no Edital e Anexos.",Rua Dom Manoel de Medeiros S/n - Dois Irmaos - /PE,25313,2024-08-15,2024-08-05,2024-08-05,2024-08-05,2024-10-08T15:58:15,True,legado
51067705900142024,51067705900142024,35014.479158/2023,510677,5,PREGÃO,900142024,Publicado,eletronico,Nacional,DERALDO SALVADOR DE LIMA,"Coordenador de Gestão de Orçamento, Finanças e Logística (cofl-srne)",,133189.8,,,"Pregão Eletrônico Contratação de pre stação dos serviços de Manutenção, Operação e C ontrole (PMOC) com atividades corretivas e prev entivas com abrangência integral, monitoramento e análise da qualidade do ar interior de ambie ntes climatizados, inclusive em sistemas de re frigeração (geladeira e bebedouros), das unidad es administrativas da Gerências Executiva de Ar acaju, no Estado do Sergipe.","Av. Dantas Barreto, Nº 300 , Sala 101, Santo Antonio, - /PE",25313,2024-08-20,2024-08-06,2024-08-06,2024-08-06,2024-10-02T19:46:19,True,legado
20039805900052024,20039805900052024,08400008621202335,200398,5,PREGÃO,900052024,Publicado,eletronico,Nacional,FERNANDO FERRAZ FERNANDES DE OLIVEIRA,Agente de Contratação / Pregoeiro,,876000.0,,,"Pregão Eletrônico Contratação de ser viços continuados de suporte técnico especializ ado de operação de infraestrutura e de atendime nto aos usuários de Tecnologia da Informação e Comunicação (TIC), conforme condições e exigênc ias estabelecidas no Edital da licitação e seus anexos.","Avenida Antônio de Góes, 60 Sl 1501, - Pina/PE",25313,2024-08-29,2024-08-06,2024-08-06,2024-08-06,2024-09-11T16:55:07,True,legado
16022505900162024,16022505900162024,64361002474202455,160225,5,PREGÃO,900162024,Publicado,eletronico,Nacional,JOSE ADILSON ANDRADE SILVA,Ordenador de Despesas,,,,,"Pregão Eletrônico Aquisição de mater ial de ferragens (GCALC), a fim de atender as n ecessidades da Base Administrativa do Curado e Organizações Militares Vinculadas.",Avenida Professor Luiz Freire N° 198 - Bairro Curado - /PE,25313,2024-09-12,2024-09-02,2024-09-02,2024-09-02,2024-10-02T15:45:33,True,legado
16020005900082024,16020005900082024,64621.002642/2024,160200,5,PREGÃO,900082024,Publicado,eletronico,Nacional,PAULO HENRIQUE PUEHRINGER,Ordenador de Despesas,,,,Informamos que é pra seguir a descrição dos itens do Termo de Referência,Pregão Eletrônico Aquisição de Bater ias,Av. 17 de Agosto 784 - Casa Forte - Parnamirim/PE,25313,2024-09-19,2024-09-02,2024-09-02,2024-09-02,2024-10-28T11:08:52,True,legado
15502203900862024,15502203900862024,23536010208202470,155022,3,CONCORRÊNCIA,900862024,Publicado,eletronico,Nacional,ALBERTO JOSE LOPES DE MENDONCA,Chefe do Setor de Administração Hc/ufpe/ebserh,,665725.44,,Mais informações: (81) 2126 -3939,"Contratação de empresa especializada pa ra acompanhamento, gerenciamento, supervisão e fiscalização técnica das atividades da ""Obra de Recuperação e Reforço de Elementos Estruturais do Subsolo do Hospital das Clínicas da Univers idade Federal de Pernambuco, filial da Ebserh.",Av. Professor Moraes Rego S/n - Cidade Universitária/PE,25313,2024-10-07,2024-09-02,2024-09-02,2024-09-02,2024-10-29T15:01:42,True,legado
25442105900032024,25442105900032024,25382000503202444,254421,5,PREGÃO,900032024,Publicado,eletronico,Nacional,ANA CRISTINA NOVAES MAIA CHAGAS,Pregoeira,,,,O edital e anexos estao dis poniveis nos sites www.cpqam.fiocruz.br e www.g overnanca.fiocruz.br,"Pregão Eletrônico Aquisição de equip amentos de climatização, refrigeração, tratamen to e monitoramento do ar para o Instituto Agge u Magalhães (IAM), por Sistema de Registro de Preços (SRP), nos termos da tabela abaixo, conf orme condições e exigências estabelecidas nest e instrumento.",Av. Prof. Moraes Rego S/n - Cidade Universitaria - Campus da Ufpe - /PE,25313,2024-09-13,2024-09-03,2024-09-03,2024-09-03,2024-10-11T09:20:23,True,legado
51067705900032024,51067705900032024,35014472525202373,510677,5,PREGÃO,900032024,Publicado,eletronico,Nacional,ERICO LEONAM DE OLIVEIRA SILVA,Técnico do Seguro Social,,30000.0,,"A licitação será realizada em grupo único, formados por 2 (dois) itens, co nforme tabela constante no Termo de Referência, devendo o licitante oferecer proposta para tod os os itens que o compõem.","Pregão Eletrônico O objeto da presen te licitação é a escolha da proposta mais vanta josa para a aquisição de ÁGUA MINERAL em garra fões de 20 litros e VASILHAME (Garrafão Materi al: Plástico, Capacidade: 20 L), conforme condi ções, quantidades e exigências estabelecidas ne ste Edital e seus anexos,","Av. Dantas Barreto, Nº 300 , Sala 101, Santo Antonio, - Santo Antonio/PE",25313,2024-09-17,2024-09-03,2024-09-03,2024-09-03,2024-09-30T15:38:18,True,legado
51067705900072024,51067705900072024,35014386256202242,510677,5,PREGÃO,900072024,Publicado,eletronico,Nacional,ERICO LEONAM DE OLIVEIRA SILVA,Técnico do Seguro Social,,24384.55,,,"Pregão Eletrônico Contratação do ser viço de CONTROLE DE VETORES e PRAGAS URBANAS c ompreendendo o controle de vetores, desinsetiz ação, desratização, descupinização, desalojamen to de pombos/morcegos, desinfecção e desinsetiz ação de piolhos e controle e monitoramento de larvas de mosquitos nos espelhos d'água para as unidades vinculadas à Gerência Executiva de Mossoró/RN, subordinada a SRNE conforme condiç ões, quantidades e exigências estabelecidas no edital e seus anexos.","Av. Dantas Barreto, Nº 300 , Sala 101, Santo Antonio, - Santo Antonio/PE",25313,2024-09-18,2024-09-03,2024-09-03,2024-09-03,2025-04-24T14:39:04,True,legado
7001005900492024,7001005900492024,0002772-72.2024  ,70010,5,PREGÃO,900492024,Publicado,eletronico,Nacional,WILLAMS DE LUCENA ALVES,Pregoeiro,,,,,"Pregão Eletrônico Aquisição de Placa s, Letreiros e Brasões Pregão Eletrônico SR P.","Av. Gov. Agamenon Magalhaes, 1.160, 4º Andar, Sala 408 - Graças/PE",25313,2024-09-17,2024-09-03,2024-09-03,2024-09-03,2024-09-20T18:05:54,True,legado
16019905900152024,16019905900152024,64583.004600/2024,160199,5,PREGÃO,900152024,Publicado,eletronico,Nacional,ANDREA GUIMARAES GURGEL,Ordenadora de Despesa,,,,,Pregão Eletrônico Registro de preços para aquisição de insumos laboratoriais com di sponibilização de equipamento de automação atra vés de comodato.,"Rua do Hospício, 563 - Boa Vista - /PE",25313,2024-09-13,2024-09-03,2024-09-03,2024-09-03,2024-11-14T13:30:51,True,legado
12063205900372024,12063205900372024,67230003171202433,120632,5,PREGÃO,900372024,Publicado,eletronico,Nacional,RODRIGO ANTONIO SILVEIRA DOS SANTOS,Ordenador de Despesas,,,,,"Pregão Eletrônico Registro de prec o s para prestac a o de servic o de expedic a o e classificac a o de Carteira Nacional de Habili tac a o CNH, exame toxicolo gico para renova c a o da CNH e curso para formac a o de instrut ores de tra nsito, com o objetivo de atender a s necessidades do Grupamento de Apoio de Recife (GAP-RF) e Organizac o es Militares Apoiadas.",Av Armindo Moura - Boa Viagem/PE,25313,2024-09-19,2024-09-03,2024-09-03,2024-09-03,2024-10-29T16:29:07,True,legado
15814905900052024,15814905900052024,23302100512202371,158149,5,PREGÃO,900052024,Publicado,eletronico,Nacional,KARISA KELLY MAHON BARROS DE SOUZA,Equipe de Apoio ao Pregoeiro,,,,,Pregão Eletrônico Aquisição de Insum os Para Laboratório de Agroindústria / Alimento s,"Rua Aristarco Lopes,nº 240 - Centro/PE",25216,2024-09-13,2024-09-03,2024-09-03,2024-09-03,2024-09-18T09:58:05,True,legado
15502205900872024,15502205900872024,23536011956202470,155022,5,PREGÃO,900872024,Publicado,eletronico,Nacional,ALBERTO JOSE LOPES DE MENDONCA,Chefe do Setor de Administração Hc/ufpe/ebserh,,,,Mais informações: (81) 2126 -3939,Pregão Eletrônico Registro de preços visando a eventual aquisição de Instrumentais Cirúrgicos Diversos para atender demanda do Hos pítal das Clínicas de Pernambuco Filial Ebser h.,Av. Professor Moraes Rego S/n - Cidade Universitária/PE,25313,2024-09-17,2024-09-04,2024-09-04,2024-09-04,2024-10-25T14:46:30,True,legado
15502205900882024,15502205900882024,23536012817202463,155022,5,PREGÃO,900882024,Publicado,eletronico,Nacional,ALBERTO JOSE LOPES DE MENDONCA,Chefe do Setor de Administração Hc/ufpe/ebserh,,,,Mais informações: (81) 2126 -3939,"Pregão Eletrônico Registro de preços visando eventual aquisição de Fármacos para o Serviço de Medicina Nuclear para atender demand a do Hospital das Clínicas de Pernambuco, filia l EBSERH.",Av. Professor Moraes Rego S/n - Cidade Universitária/PE,25313,2024-09-23,2024-09-04,2024-09-04,2024-09-04,2024-10-29T14:52:49,True,legado
16022505900182024,16022505900182024,64361002977202421,160225,5,PREGÃO,900182024,Publicado,eletronico,Nacional,JOSE ADILSON ANDRADE SILVA,Ordenador de Despesas,,,,,"Pregão Eletrônico Contratação de ser viços de manutenção e instalação de vidros e es quadrias, para atender as necessidades da Base Administrativa do Curado, suas Organizações Mil itares Vinculadas e da 7ª Região Militar.",Avenida Professor Luiz Freire N° 198 - Bairro Curado - Varzea/PE,25313,2024-09-18,2024-09-04,2024-09-04,2024-09-04,2024-10-07T13:56:36,True,legado
7001005900392024,7001005900392024, 0008029-78.2024 ,70010,5,PREGÃO,900392024,Publicado,eletronico,Nacional,JOANA D ARC SIMOES DE BARROS,Pregoeira,,55000.0,,,"Pregão Eletrônico Contratação de ser viço de implantação de telas protetivas contra queda de mangas, para instalação no estacioname nto do anexo à Sede do TRE (casarão).","Av. Gov. Agamenon Magalhaes, 1.160 - Sala 408 - Graças/PE",25313,2024-09-23,2024-09-04,2024-09-04,2024-09-04,2024-10-14T13:26:17,True,legado
16019505900012024,16019505900012024,64284008294202447,160195,5,PREGÃO,900012024,Publicado,eletronico,Nacional,ANDRE LUIZ DE SOUZA MATOS,Ordenador e Despesas,,111000.0,,A licitação selecionará o f ornecedor que oferecer o MENOR PREÇO POR GRUPO.,"Pregão Eletrônico Aquisição de soluç ão de vídeowall composta por equipamentos de áu dio e vídeo com desinstalação dos equipamentos existentes, entrega e instalação de novos, capa citação de operadores, garantia, assistência té cnica e suporte técnico de 36 meses para a Sala de Guerra do Comando da 7ª Divisão de Exército . Despesa condicionada à liberação da suspensão à execução imposta em decorrência da ADI 7.688.","Br 232, Km 07 Curado - Curado/PE",25313,2024-09-23,2024-09-04,2024-09-04,2024-09-04,2024-11-05T14:54:56,True,legado
9000905900222024,9000905900222024,0004407-37.2024.4,90009,5,PREGÃO,900222024,Publicado,eletronico,Nacional,JOSE IVAN BARBOSA DE MELO FERRAZ,Pregoeiro,,2510351.59,,,"Pregão Eletrônico Contratação de emp resa de engenharia para fornecimento e instalaç ão de Sistema de Geração de Energia Solar Fotov oltaica, conectada à rede, do tipo ON-GRID, par a a Sede da Justiça Federal em Pernambuco.","Av. Recife, 6250. Jiquiá . Recife Pe - Jiquiá/PE",25313,2024-09-18,2024-09-04,2024-09-04,2024-09-04,2024-10-15T12:23:55,True,legado
12063205900322024,12063205900322024,67437003258202494,120632,5,PREGÃO,900322024,Publicado,eletronico,Nacional,RODRIGO ANTONIO SILVEIRA DOS SANTOS,Ordenador de Despesas,,,,,"Pregão Eletrônico Registro de prec o s para aquisic a o de MATERIAL ME DICO-HOSPITAL AR, para atender as necessidades do Hospital de Aerona utica de Recife.",Av Armindo Moura 500 - Boa Viagem/PE,25313,2024-09-16,2024-09-04,2024-09-04,2024-09-04,2024-10-04T16:26:33,True,legado
16002305900042024,16002305900042024,64408002192202474,160023,5,PREGÃO,900042024,Publicado,eletronico,Nacional,RONALD FELIPE DE PAULA SANTANA,Ordenador de Despesas,,,,,"Pregão Eletrônico Aquisição de mater iais permanentes e de consumo, médicos e odonto lógicos para atender as necessidades da 10ª Com panhia de Engenharia de Combate e Organizações Militares Participantes.","Rod. Pe 180, Km 5 - São Bento do Una - Pe - /PE",25593,2024-09-16,2024-09-04,2024-09-04,2024-09-04,2024-11-06T13:15:26,True,legado
15308005900122024,15308005900122024,23076036184202374,153080,5,PREGÃO,900122024,Publicado,eletronico,Nacional,RODRIGO DANNIEL DA SILVA ALEXANDRE,Coordenador de Licitações,,656880.0,,Mais informações: (81) 2126 -8065,"Pregão Eletrônico Contratação de emp resa especializada na prestação do serviço de acondicionamento, coleta, transporte e destinaç ão final dos resíduos sólidos urbanos (RSU) ger ados na Universidade Federal de Pernambuco, Cam pus Recife, exceto Hospital das Clínicas, inclu ídas a mão de obra e a cessão e manutenção prev entiva e corretiva de equipamentos.","Av. Prof. Moraes Rego,1235 - Cidade Universitária - Recife - /PE",25313,2024-09-19,2024-09-05,2024-09-05,2024-09-05,2024-10-17T09:38:51,True,legado
9000905900232024,9000905900232024,0004451-56.2024  ,90009,5,PREGÃO,900232024,Publicado,eletronico,Nacional,JOAO BATISTA OLIVEIRA DA CUNHA,Pregoeiro,,85500.0,,,"Pregão Eletrônico Contratação de emp resa de engenharia para execução dos serviços d e manutenção predial única na Subseção Judiciár ia de Petrolina da Justiça Federal em Pernambuc o, nos termos da tabela abaixo, conforme condiç ões e exigências estabelecidas no edital e seus anexos.","Av. Recife, 6250 - Jiquiá/PE",25313,2024-09-19,2024-09-05,2024-09-05,2024-09-05,2024-09-27T12:39:47,True,legado
15668705900102024,15668705900102024,23082014092202423,156687,5,PREGÃO,900102024,Publicado,eletronico,Nacional,CARLOS WILLIAN FERREIRA DE ARAUJO,Pregoeiro,,,,,"Pregão Eletrônico Contratação de ser viços continuados de vigilância ostensiva armad a (motorizada, posto estático de vigilância e p redial) e de supervisão operacional desarmada, sob os regimes de escala diarista /plantonista, para atender à Universidade Federal do Agreste de Pernambuco UFAPE), incluindo mão de obra, uniformes e todos os materiais e equipamentos necessários à sua execução.","Av.bom Pastor, S/n, Bairro Boa   Vista - Garanhuns - Pe - /PE",24198,2024-09-19,2024-09-05,2024-09-05,2024-09-05,2024-09-18T15:19:56,True,legado
16020105900062024,16020105900062024,64329.001325/2024,160201,5,PREGÃO,900062024,Publicado,eletronico,Nacional,MARCIO LEANDRO ALVES DE AREDES,Ordenador de Despesas,,319985.0,,"Trata-se de adequação da re de elétrica interna do Bloco B, primeiro e segu ndo pavimentos, do Hospital Militar de Área de Recife.","Pregão Eletrônico Contratação de emp resa especializada para obra de adequação da re de elétrica interna do Bloco B, primeiro e segu ndopavimentos, do Hospital Militar de Área d e Recife.","Av Norte, 245 - Santo Amaro - /PE",25313,2024-09-19,2024-09-05,2024-09-05,2024-09-05,2024-10-03T14:30:06,True,legado
12063205900332024,12063205900332024,67445000331202477,120632,5,PREGÃO,900332024,Publicado,eletronico,Nacional,RODRIGO ANTONIO SILVEIRA DOS SANTOS,Ordenador de Despesas,,,,,"Pregão Eletrônico Registro de prec o s para aquisic a o de Materiais Odontolo gicos de Ortodontia, para atender a s necessidades da ODONTOCLI NICA DE AERONA UTICA DE RECIFE.",Av Armindo Moura 500 - Boa Viagem/PE,25313,2024-09-17,2024-09-05,2024-09-05,2024-09-05,2024-10-11T16:33:15,True,legado
15518005900492024,15518005900492024,23542008464202418,155180,5,PREGÃO,900492024,Publicado,eletronico,Nacional,FABIA FERNANDES PINHEIRO DA COSTA LIMA,Agente de Licitação,,,,,"Pregão Eletrônico Aquisição de medic amentos, visando suprir as demandas dos serviço s de saúde realizados no Hospital de Ensino Dou tor Washington Antônio de Barros / HU-Univasf.",Av Jose de Sá Maniçoba S/n Centro - /PE,25216,2024-09-17,2024-09-05,2024-09-05,2024-09-05,2024-10-16T10:27:03,True,legado
9000905900242024,9000905900242024,50907420244057500,90009,5,PREGÃO,900242024,Publicado,eletronico,Nacional,MARCOS ANTONIO CABRAL DA SILVA,Pregoeiro,,2345472.5,,,Pregão Eletrônico Obra de requalific ação do edifício-sede da Justiça Federal em Per nambuco4ª etapa Térreo e 1º andar,"Av. Recife, 6250. Jiquiá . Recife Pe - Jiquiá/PE",25313,2024-09-19,2024-09-05,2024-09-05,2024-09-05,2024-10-16T21:40:54,True,legado
7001005900332024,7001005900332024,0011592-17.2023  ,70010,5,PREGÃO,900332024,Publicado,eletronico,Nacional,WILLAMS DE LUCENA ALVES,Pregoeiro,,89499.98,,,"Pregão Eletrônico Contratação de ser viço de controle de pragas e vetores (serviços de desratização, descupinização e desinsetizaçã o de baratas, escorpiões, formigas e mosquitos) , em unidades deste Regional, de acordo com as especificações constantes do Termo de Referênci a (ANEXO II) do Edital.","Av. Gov. Agamenon Magalhaes, 1.160, 4º Andar - Graças/PE",25313,2024-09-23,2024-09-05,2024-09-05,2024-09-05,2024-11-06T16:01:13,True,legado
15502205900892024,15502205900892024,23536011193202467,155022,5,PREGÃO,900892024,Publicado,eletronico,Nacional,ALBERTO JOSE LOPES DE MENDONCA,Chefe do Setor de Administração Hc/ufpe/ebserh,,,,Mais informações: (81) 2126 -3939,"Pregão Eletrônico Registro de preços visando eventual aquisição de Medicamentos Onc ológicos, Imunológicos e Afins para atender dem anda do Hospital das Clínicas de Pernambuco, fi lial EBSERH",Av. Professor Moraes Rego S/n - Cidade Universitária/PE,25313,2024-09-18,2024-09-06,2024-09-06,2024-09-06,2024-11-14T16:48:13,True,legado
7001005900422024,7001005900422024,0004065-77.2024  ,70010,5,PREGÃO,900422024,Publicado,eletronico,Nacional,ELIANE RODRIGUES DE CARVALHO SILVA,Pregoeira,,,,,Pregão Eletrônico Aquisição de Mobil iário em Geral (ND 52.42) Pregão Eletrônico S RP 2024.,"Av. Gov. Agamenon Magalhaes, 1.160 - 4 Andar - Graças/PE",25313,2024-09-23,2024-09-06,2024-09-06,2024-09-06,2024-10-03T14:57:56,True,legado
12063205900452024,12063205900452024,67230004650202477,120632,5,PREGÃO,900452024,Publicado,eletronico,Nacional,RODRIGO ANTONIO SILVEIRA DOS SANTOS,Ordenador de Despesas,,,,,"Pregão Eletrônico Registro de prec o s para aquisic a o de ge neros alimenti cios (c arne e frios), para atender as necessidades da Guarnic a o de Aerona utica de Recife.",Av Armindo Moura - Boa Viagem/PE,25313,2024-09-19,2024-09-06,2024-09-06,2024-09-06,2024-10-21T13:56:18,True,legado
15847805900032024,15847805900032024,23359035332202304,158478,5,PREGÃO,900032024,Publicado,eletronico,Nacional,JOSE ROBERTO AMARAL NASCIMENTO,Diretor-geral,,,,,Pregão Eletrônico Contratação de ser viço de condução de veículos (motoristas),Rua Padre Agobar Valença  S/n - Severiano Moraes Filho/PE,23337,2024-09-23,2024-09-06,2024-09-06,2024-09-06,2024-11-01T14:56:14,True,legado
7001005900512024,7001005900512024,0002108-12.2022  ,70010,5,PREGÃO,900512024,Publicado,eletronico,Nacional,ELIANE RODRIGUES DE CARVALHO SILVA,Pregoeira,,175000.0,,,"Pregão Eletrônico Contratação de ser viço para implantação do projeto de sistema de segurança contra incêndio do Fórum Eleitoral de Caruaru, situado na Rua Olívio Ferreira de Aze vedo, 263, Bairro Universitário.","Av. Gov. Agamenon Magalhaes, 1.160 - 4º Andar - Sala 408 - Graças/PE",25313,2024-10-18,2024-10-01,2024-10-01,2024-10-01,2024-12-13T15:34:14,True,legado
34400205900212024,34400205900212024,1688/2024-41     ,344002,5,PREGÃO,900212024,Publicado,eletronico,Nacional,AIDA MARIA MONTEIRO SILVA,Diretora de Planejamento e Administração,,960.0,,"Realização do evento: ""Enco ntro de Educação em Direitos Humanos: diversida des e equidade nas políticas educacionais em di reitos humanos"", que acontecerá no período de 2 5 a 27 de novembro de 2024, na Fundaj em parcer ia com Secretaria de Educação Continuada, Alfab etização de Jovens e Adultos, Diversidade e Inc lusão (Secadi).","Pregão Eletrônico Contratação de pes soa jurídica especializada em prestação de serv iço de organização de eventos de médio e grande porte, compreendendo ações de: planejamento, e xecução, instalação e operação dos equipamentos e estruturas necessárias, bem como, compra de passagens aéreas, fornecimento de diárias, hosp edagem, alimentação e taxa de deslocamento dos participantes durante o evento. Coordenar os pr ofissionais a serem disponibilizados para a pre stação dos serviços.","Av. 17 de Agosto, 2187 - Casa_forte - Casa Forte/PE",25313,2024-10-15,2024-10-01,2024-10-01,2024-10-01,2024-10-21T14:41:37,True,legado
7001005900552024,7001005900552024,0003492-39.2024  ,70010,5,PREGÃO,900552024,Publicado,eletronico,Nacional,WILLAMS DE LUCENA ALVES,Pregoeiro,,75400.0,,,"Pregão Eletrônico Contratação de pre stação de serviço para suporte de software de g erência que integra e centraliza o controle de todos os equipamentos firewalls de pequeno port e da marca FORTINET em uma única plataforma, de acordo com as especificações constantes do Ter mo de Referência (ANEXO II) do Edital.","Av. Gov. Agamenon Magalhaes, 1.160, 4º Andar, Sala 408 - Graças/PE",25313,2024-10-18,2024-10-01,2024-10-01,2024-10-01,2024-11-06T16:02:50,True,legado
15316505900272024,15316505900272024,23082017868202467,153165,5,PREGÃO,900272024,Publicado,eletronico,Nacional,RAFAEL ALVES MARINO,Agente de Contratação,,536.0,,,"Pregão Eletrônico Aquisição de ração animal para a Estação Experimental de Pequenos Animais da Universidade Federal Rural de Perna mbuco UFRPE, conforme condições e exigências estabelecidas no Edital e Anexos.",Rua Dom Manoel de Medeiros S/n - Dois Irmaos - /PE,25313,2024-10-11,2024-10-01,2024-10-01,2024-10-01,2024-10-21T16:39:09,True,legado
16022505900242024,16022505900242024,643610086742024  ,160225,5,PREGÃO,900242024,Publicado,eletronico,Nacional,JOSE ADILSON ANDRADE SILVA,Ordenador de Despesas,,,,,"Pregão Eletrônico Contratação de emp resa de telecomunicações para prestação de serv iço de telefonia fixa, na modalidade de tráfego ilimitado para ligações locais e nacionais, fi xo-fixo e fixo-móvel, baseado em tecnologias Vo IP (Voz sobre IP), e aquisição de equipamentos do tipo Session Border Controller (SBC), para atender às necessidades das OM da 7ª RM, confor me condições, quantidades e exigências estabele cidas neste Edital e seus anexos.",Avenida Professor Luiz Freire N° 198 - Bairro Curado - Varzea/PE,25313,2024-10-16,2024-10-01,2024-10-01,2024-10-01,2024-11-07T14:49:45,True,legado
41300705900022024,41300705900022024,53532001539202410,413007,5,PREGÃO,900022024,Publicado,eletronico,Nacional,ALEXANDRE ATAIDE GONCALVES OLIVEIRA,Gerente Regional,,1289792.17,,,"Pregão Eletrônico Contratação de ser viços continuados de vigilância para a Unidade Operacional no Estado de Alagoas (UO061) e Unid ade Operacional no Estado da Paraíba (UO062) co nforme condições, quantidades e exigências esta belecidas neste Edital e seus anexos","Rua Joaquim Bandeira, Nº 492 - Imbiribeira/PE",25313,2024-10-21,2024-10-01,2024-10-01,2024-10-01,2024-11-06T15:43:38,True,legado
15814905900102024,15814905900102024,23302100591202409,158149,5,PREGÃO,900102024,Publicado,eletronico,Nacional,FRANKLIN TORRES BRANDAO,Equipe de Apoio ao Pregoeiro,,,,,Pregão Eletrônico Aquisição de gás d e cozinha para atender aos Campi e Reitoria do IFSertãoPE.,"Rua Aristarco Lopes, Nº 240 - Centro/PE",25216,2024-10-11,2024-10-01,2024-10-01,2024-10-01,2024-10-22T15:31:47,True,legado
17005805900122024,17005805900122024,13083039922202461,170058,5,PREGÃO,900122024,Publicado,eletronico,Nacional,DREYFUS DIOGENES DE LIMA,Chefe da Divisão de Programação e Logística,,52826.4,,,"Pregão Eletrônico Contratação de ser viços continuados de roçada/limpeza de área (me canizada/manual) e capina a serem realizados no terreno da Receita Federal do Brasil localizad o na Avenida Gov. Juvenal Lamartine, esquina co m a Avenida Prudente de Morais, Tirol, Natal, R N, conforme condições e exigências estabelecida s no instrumento convocatório.","Av. Alfredo Lisboa, 1152, 2º Andar, Bairro do Recife Antigo - /PE",25313,2024-10-15,2024-10-01,2024-10-01,2024-10-01,2024-11-29T17:12:40,True,legado
16019405900102024,16019405900102024,64318020158202491,160194,5,PREGÃO,900102024,Publicado,eletronico,Nacional,ALEXANDRE DA SILVA GALDINO,Ordenador de Despesas,,,,,Pregão Eletrônico Aquisição de Gêner os Alimentícios do Quantitativo de Rancho pro dutos de origem vegetal.,"Av. Visconde de Sao Leopoldo, 198 - Engenho do Meio - /PE",25313,2024-10-14,2024-10-01,2024-10-01,2024-10-01,2024-11-22T08:52:25,True,legado
11461405900032024,11461405900032024,03626000149202413,114614,5,PREGÃO,900032024,Publicado,eletronico,Nacional,GLINER DIAS ALENCAR,Superintendente da Ses/pe,,,,,"Pregão Eletrônico Contratação de pre stação do serviço de limpeza e conservação, vis ando à obtenção de adequadas condições de salub ridade e higiene, com a disponibilização de mão de obra,saneantes domissanitários, materiais, utensílios e equipamentos, todos da melhor qual idade possível,para atender as necessidades das agências de coleta da Superintendência Estadua l do IBGE em conforme condições, quantidades e exigências estabelecidas neste Edital e Pernam bucoSES/PE,","Av. Eng. Domingos Ferreira, 1097, 4º And., Bairro Boa Viagem - Boa Viagem/PE",25313,2024-10-16,2024-10-02,2024-10-02,2024-10-02,2024-10-02T13:30:14,True,legado
20009105900042024,20009105900042024,000233.2024.06.90,200091,5,PREGÃO,900042024,Publicado,eletronico,Nacional,ANA CAROLINA LIMA VIEIRA,Procuradora-chefe,,39000.0,,,"Pregão Eletrônico Contratação de emp resa especializada para acompanhamento e fiscal ização da obra de reforma e de ampliação da edi ficação que abrigará a nova sede da Procuradori a do Trabalho no Município de Caruaru/PE, unida de da Procuradoria Regional do Trabalho da 6ª R egião, imóvel localizado na Rua Padre Antônio T omaz, nº 100, Bairro Maurício de Nassau, Caruar u/PE, CEP 55012-630, conforme especificações co ntidas no Termo de Referência e as demais condi ções estatuídas no edital.","Rua Conselheiro Portela, 531 - Aflitos/PE",25313,2024-10-17,2024-10-02,2024-10-02,2024-10-02,2024-10-30T13:52:30,True,legado
51067705900312024,51067705900312024,35014416451202395,510677,5,PREGÃO,900312024,Publicado,eletronico,Nacional,MAGNO DE MESQUITA SILVA,Pregoeiro,,32000.0,,,"Pregão Eletrônico Fornecimento e ins talação de um transformador de 75 kVA, entrada em 13,8 kV saída trifásica 380/220 V, conforme especificações técnicas, na Agência do INSS Buí que, em Buíque -PE. Inclui-se nesta contratação a desinstalação do transformador danificado qu e se encontra na subestação (poste).","Av. Dantas Barreto, Nº 300 , Sala 101 - Santo Antonio/PE",25313,2024-10-21,2024-10-02,2024-10-02,2024-10-02,2024-10-29T08:51:20,True,legado
51067705900222024,51067705900222024,35014.233074/2024,510677,5,PREGÃO,900222024,Publicado,eletronico,Nacional,DERALDO SALVADOR DE LIMA,Deraldo Salvador de Lima,,,,,"Pregão Eletrônico Registro de Preços , para pretensa aquisição dos materiais (meios auxiliares de locomoção e acessórios), para at ender requerentes do Programa de Reabilitação P rofissional da Superintendência Regional Nordes te SRNE e SRSEII, além de segurados oriundos de Sentenças Judiciais e segurados amparados pe la Ação Civil Pública existentes nas duas Super intendências.","Av. Dantas Barreto, Nº 300 , Sala 101, Santo Antonio, - Centro/PE",25313,2024-10-15,2024-10-03,2024-10-03,2024-10-03,2024-10-25T09:19:51,True,legado
51067705900322024,51067705900322024,35014049474202461,510677,5,PREGÃO,900322024,Publicado,eletronico,Nacional,DERALDO SALVADOR DE LIMA,Coordenador de Gestão de Orc. Fin e Logistica,,202023.25,,"PREGÃO, na forma ELETRÔNICA com critério de julgamento pelo Maior Desconto .","Pregão Eletrônico Contratação do ser viço de administração e gerenciamento informati zado de frota de veículos com fornecimento de c ombustíveis gasolina, álcool(etanol comum) e óleo diesel , na rede de postos credenciados da circunscrição da Superintendência Regional Nor deste.","Av. Dantas Barreto, Nº 300 , Sala 101 - Santo Antonio/PE",25313,2024-10-18,2024-10-03,2024-10-03,2024-10-03,2024-10-29T16:19:01,True,legado
34400205900232024,34400205900232024,0453/2024-31     ,344002,5,PREGÃO,900232024,Publicado,eletronico,Nacional,AIDA MARIA MONTEIRO SILVA,Diretora de Planejamento e Administração,,80000.0,,"Pasta Suspensa. Tipo/modelo : pasta suspensa, cartão Timbó (Marmorizado), f ibra longa para maior resistência, sem prendedo r; no tamanho 235 mm; comsuportes em poliestire no na cor cinza, visor de poliestireno cristal transparente, com lombo plástico de3 cm também","Pregão Eletrônico Contratação de emp resa para o fornecimento de 5.000 (cinco mil un idades) pastas suspensas, Tipo/modelo: pasta su spensa, cartão Timbó (Marmorizado), fibra longa para maior resistência, sem prendedor; no tama nho 235 mm; comsuportes em poliestireno na cor cinza, visor de poliestireno cristal transparen te, com lombo plástico de3 cm também na cor cin za, conforme condições, quantidades e exigência s estabelecidas neste Edital e seus anexos.","Av. 17 de Agosto, 2187 - Casa_forte - Casa Forte/PE",25313,2024-10-17,2024-10-03,2024-10-03,2024-10-03,2024-10-29T12:15:43,True,legado
8000605900102024,8000605900102024,19925/2024       ,80006,5,PREGÃO,900102024,Publicado,eletronico,Nacional,AURELAIDE DE SOUZA NASCIMENTO MENEZES,Pregoeira,,18444.4,,,"Pregão Eletrônico Contratação de emp resa especializada na prestação de serviços de apoio administrativo relacionadas às atividades de gestão de documentos, a fim de garantir o a tendimento às necessidades deste Tribunal Regio nal do Trabalho da Sexta Região, a serem execut ados com regime de dedicação exclusiva de mão d e obra.","Cais do Apolo Nº 739, Bairro do Recife, Recife/pe. - /PE",25313,2024-10-18,2024-10-03,2024-10-03,2024-10-03,2024-12-30T16:14:56,True,legado
39302903903662024,39302903903662024,50604001854/24-68,393029,3,CONCORRÊNCIA,903662024,Publicado,eletronico,Nacional,BRUNO LEZAN BITTENCOURT,Superintendente Regional,,2900000.0,,,"Contratação de empresa para ELABORAÇÃO DOS ESTUDOS, PROJETOS BÁSICO E EXECUTIVO DE ENG ENHARIA, EXECUÇÃO DAS OBRAS DE REABILITAÇÃO DE 01 (UMA) OBRA DE ARTE ESPECIAL LOCALIZADA NA RO DOVIA BR-101/PE (LOTE ÚNICO), conforme condiçõe s, quantidades e exigências estabelecidas neste instrumento e seus anexos, na sua forma eletrô nica.","Av.antonio de Gois, 820 Bairro Pina - Recife - /PE",25313,2025-01-06,2024-10-03,2024-10-03,2024-10-03,2025-01-13T11:13:22,True,legado
8000605900132024,8000605900132024,21908/2024       ,80006,5,PREGÃO,900132024,Publicado,eletronico,Nacional,FABIANO ANTONIO MARQUES GUEDES DA CRUZ FILHO,Pregoeiro,,8017.14,,,Pregão Eletrônico Aquisição de equip amentos de som para a realização de eventos de pequeno porte do TRT6.,"Cais do Apolo Nº 739, Bairro do Recife, Recife/pe. - /PE",25313,2024-10-17,2024-10-03,2024-10-03,2024-10-03,2025-01-30T11:06:16,True,legado
16019805900072024,16019805900072024,64453004429202414,160198,5,PREGÃO,900072024,Publicado,eletronico,Nacional,FLAVIO SARAIVA QUINTELLA,Ordenador de Despesas,,5.0,,,Pregão Eletrônico Cessão de uso a tí tulo oneroso destinado a instalação e ao funcio namento de uma cantina em favor do 7º D Sup e 2 ª Cia Sup,Rua General Estilac Leal Nº 439 - Cabanga - Recife - /PE,25313,2024-10-22,2024-10-04,2024-10-04,2024-10-04,2025-06-09T14:48:46,True,legado
7001005900572024,7001005900572024,0011007-28.2024  ,70010,5,PREGÃO,900572024,Publicado,eletronico,Nacional,JOANA D ARC SIMOES DE BARROS,Pregoeira,,93490.86,,,"Pregão Eletrônico Contratação de ser viço para reforma nos dois banheiros do pavimen to térreo do edifício Antônio Camarotti, sede do TRE/PE em Recife, com implantação de dois ba nheiros adicionais.","Av. Gov. Agamenon Magalhaes, 1.160 - Sala 408 - Graças/PE",25313,2024-10-23,2024-10-04,2024-10-04,2024-10-04,2024-11-06T16:01:49,True,legado
9000905900252024,9000905900252024,0005420-71.2024.4,90009,5,PREGÃO,900252024,Publicado,eletronico,Nacional,JOSE IVAN BARBOSA DE MELO FERRAZ,Pregoeiro,,373500.0,,,"Pregão Eletrônico Contratação SOB DE MANDA de empresa especializada no fornecimento de veículos automotores novos (zero quilômetro) , destinados ao uso da Justiça Federal de Prime iro Grau em Pernambuco, cujas especificações té cnicas, quantidades e demais condições encontra m-se detalhadas neste Edital e seus anexos.","Av. Recife, 6250. Jiquiá . Recife Pe - Jiquiá/PE",25313,2024-11-14,2024-11-01,2024-11-01,2024-11-01,2024-11-21T19:01:24,True,legado
25704705900142024,25704705900142024,25059001244202441,257047,5,PREGÃO,900142024,Publicado,eletronico,Nacional,JOSIAS ALVES DE LIMA,Agente Administrativo,,600960.0,,,"Pregão Eletrônico Contratação de emp resa para prestação de serviços continuados de locação de veículos, inclusos combustível, manu tenção e motorista.",Av. Norte Miguel Arraes de Alencar - Macaxeira/PE,25313,2024-11-18,2024-11-01,2024-11-01,2024-11-01,2024-12-06T13:42:54,True,legado
12063205900592024,12063205900592024,67230004650202477,120632,5,PREGÃO,900592024,Publicado,eletronico,Nacional,RODRIGO ANTONIO SILVEIRA DOS SANTOS,Ordenador de Despesas,,,,,"Pregão Eletrônico Aquisic a o de ge neros alimenti cios (carnes e frios), para aten der a s necessidades da Guarnic a o de Aerona u tica de Recife (GUARNAER-RF).",Av Armindo Moura - Boa Viagem/PE,25313,2024-11-13,2024-11-01,2024-11-01,2024-11-01,2024-12-13T12:31:29,True,legado
11009605900222024,11009605900222024,00587000693202391,110096,5,PREGÃO,900222024,Publicado,eletronico,Nacional,FAYE SHIRLEY GONCALVES FIDELIS DE CARVALHO ALVES,Pregoeira,,,,"Edital e anexos disponível em: https://www.gov.br/pncp/pt-br , https://www .gov.br/compras/pt-br e https://antigo.agu.gov. br/servico/licitacao . Informações: (81) 21022509/2505.","Pregão Eletrônico Aquisição eventual de mobiliário, incluindo montagem e instalação , para atender as demandas oriundas das unidade s da AGU circunscritas à Superintendência Regi onal de Administração da 5ª Região SAD/5R.","Avenida Herculano Bandeira, 716 - Pina/PE",25313,2024-11-13,2024-11-01,2024-11-01,2024-11-01,2024-12-03T10:31:57,True,legado
15308003900022024,15308003900022024,23076070262202410,153080,3,CONCORRÊNCIA,900022024,Publicado,eletronico,Nacional,RODRIGO DANNIEL DA SILVA ALEXANDRE,Coordenador de Licitações,,18912799.75,,Para maiores informações: ( 81) 2126-8065.,"Contratação de empresa especializada em obra de engenharia para Construção da 4ª Etapa do Centro Acadêmico de Vitória / CAV da UFPE, com mão de obra, material, equipamentos de prot eção individual e coletiva, uniforme, utensílio s e equipamentos necessários à execução de todo s os serviços.","Avenida Professor Moraes Rego, N°1235. - Cidade Universitária/PE",25313,2024-11-18,2024-11-01,2024-11-01,2024-11-01,2025-04-01T11:18:42,True,legado
15502205901122024,15502205901122024,23477024836202301,155022,5,PREGÃO,901122024,Publicado,eletronico,Nacional,ALBERTO JOSE LOPES DE MENDONCA,Chefe do Setor de Administração Hc/ufpe/ebserh,,,,Mais informações: (81) 2126 -3939,"Pregão Eletrônico Registro de preços visando eventual aquisição centralizada de Órt eses, Próteses e Materiais Especiais (OPME) Car diovasculares para as unidades hospitalares da Rede Ebserh",Av. Professor Moraes Rego S/n - Cidade Universitária/PE,25313,2024-11-18,2024-11-04,2024-11-04,2024-11-04,2025-04-04T08:24:51,True,legado
34400205900182024,34400205900182024,001180/2024-42   ,344002,5,PREGÃO,900182024,Publicado,eletronico,Nacional,AIDA MARIA MONTEIRO SILVA,Diretora de Planejamento e Administração,,,,,"Pregão Eletrônico Contratação de emp resa especializada, através de registro de preç os, para eventual aquisição de eletroeletrônico s e equipamentos, para a Fundação Joaquim Nabuc o, por um período contratual de 12 (doze) meses , modalidade Pregão Eletrônico (SRP). A licitaç ão será dividida em 04 grupos, formados por 13 (treze) itens, conforme tabela constante do Ter mo de Referência do edital.","Av. 17 de Agosto, 2187 - Casa_forte - Casa Forte/PE",25313,2024-11-18,2024-11-05,2024-11-05,2024-11-05,2024-12-05T12:43:37,True,legado
9000905900282024,9000905900282024,1272320244057500 ,90009,5,PREGÃO,900282024,Publicado,eletronico,Nacional,MARCOS ANTONIO CABRAL DA SILVA,Agente de Contratação,,,,,"Pregão Eletrônico Contratação de ser viço de impressão corporativa gerenciada (manag ed printing services) incluindo disponibilizaçã o de equipamentos multitarefa para impressão, c ópia e digitalização de documentos sob demanda, fornecimento contínuo de suprimentos de impres são (exceto papel e mídias de impressão)","Av. Recife, 6250. Jiquiá . Recife Pe - Jiquiá/PE",25313,2024-11-21,2024-11-05,2024-11-05,2024-11-05,2024-12-17T17:40:56,True,legado
15502205901152024,15502205901152024,23536020624202486,155022,5,PREGÃO,901152024,Publicado,eletronico,Nacional,ALBERTO JOSE LOPES DE MENDONCA,Chefe do Setor de Administração Hc/ufpe/ebserh,,,,Mais informações: (81) 2126 -3939,"Pregão Eletrônico Registro de preços visando eventual aquisição de Insumos para Lab oratório com cessão de equipamentos Bioquímica, Hematologia, Imunohormônio, Gasometria, Hemost asia e Reagente para Uroanálise para atender de manda do Hospital das Clínicas de Pernambuco, f ilial EBSERH.",Av. Professor Moraes Rego S/n - Cidade Universitária/PE,25313,2024-11-22,2024-11-05,2024-11-05,2024-11-05,2025-01-24T15:23:43,True,legado
16022505000362023,16022505362023,64151.002988/2023,160225,5,PREGÃO,362023,Publicado,eletronico,Nacional,JOSE ADILSON ANDRADE SILVA,Ordenador de Despesas,,34000.0,,,Pregão Eletrônico Instalação de caix a separadora de água e óleo no posto de lavagem e lubrificação do 4º Batalhão de Polícia do Ex ército (4º BPE).,Avenida Professor Luiz Freire N° 198 - Bairro Curado - /PE,25313,2024-11-21,2024-11-05,2024-11-05,2024-11-05,2024-11-27T11:11:26,True,legado
15502205901132024,15502205901132024,23536006878202491,155022,5,PREGÃO,901132024,Publicado,eletronico,Nacional,ALBERTO JOSE LOPES DE MENDONCA,Chefe do Setor de Administração Hc/ufpe/ebserh,,,,Mais informações: (81) 2126 -3939,"Pregão Eletrônico Registro de preços visando eventual aquisição de Material Médico Hospitalar dos Grupos Respiratório; Agulhas, Se ringas e Cateteres; Uso Geral e Paramentação Ci rúrgica para atender demanda do Hospital das Cl ínicas de Pernambuco, filial EBSERH.",Av. Professor Moraes Rego S/n - Cidade Universitária/PE,25313,2024-11-18,2024-11-05,2024-11-05,2024-11-05,2025-01-31T11:18:22,True,legado
15442105900322024,15442105900322024,23402031285202306,154421,5,PREGÃO,900322024,Publicado,eletronico,Nacional,GIVANILDO DOS SANTOS,Pregoeiro,,371391.31,,,"Pregão Eletrônico Contratação de SER VIÇO DE RECUPERAÇÃO DA PISCINA DO CAMPUS PETROL INA, conforme condições e exigências estabeleci das no Edital e seus anexos.",Av.jose de Sa Maniçoba S/n Centro-campus Universitário Petrolina - /PE,25216,2024-12-03,2024-11-05,2024-11-05,2024-11-05,2024-12-19T17:10:44,True,legado
15502205901142024,15502205901142024,23536016160202411,155022,5,PREGÃO,901142024,Publicado,eletronico,Nacional,ALBERTO JOSE LOPES DE MENDONCA,Chefe do Setor de Administração Hc/ufpe/ebserh,,,,Mais informações: (81) 2126 -3939,Pregão Eletrônico Registro de preços visando a eventual contratação de contratação de empresa especializada para prestação de serv iço de manutenção mensal preventiva e corretiva (conserto) em instrumentais cirúrgicos diverso s do Hospital das Clínicas de Pernambuco fili al EBSERH.,Av. Professor Moraes Rego S/n - Cidade Universitária/PE,25313,2024-11-28,2024-11-05,2024-11-05,2024-11-05,2024-12-17T10:54:41,True,legado
15502205901162024,15502205901162024,23536024954202441,155022,5,PREGÃO,901162024,Publicado,eletronico,Nacional,ALBERTO JOSE LOPES DE MENDONCA,Chefe do Setor de Administração Hc/ufpe/ebserh,,,,Mais informações: (81) 2126 -3939,"Pregão Eletrônico Registro de preços visando eventual aquisição de Nutrições Enter ais, Suplementos Nutricionais orais, Módulos Di etéticos para uso por via oral e/ou enteral e N utrições Parenterais Manipuladas ) para atender demanda do Hospital das Clínicas de Pernambuco , filial EBSERH.",Av. Professor Moraes Rego S/n - Cidade Universitária/PE,25313,2024-11-19,2024-11-06,2024-11-06,2024-11-06,2025-03-21T10:04:05,True,legado
12063205900462024,12063205900462024,67228000253202475,120632,5,PREGÃO,900462024,Publicado,eletronico,Nacional,RODRIGO ANTONIO SILVEIRA DOS SANTOS,Ordenador de Despesas,,,,,"Pregão Eletrônico Contratação de pes soa jurídica especializada na prestação de serv iços de manutenção predial sem dedicação exclus iva de mão de obra, com fornecimento de materia is de primeira linha e mão de obra especializad a, serviços inerentes à manutenção e conservaçã o dos PRÓPRIOS NACIONAIS RESIDENCIAIS pertencen tes ao COMANDO DA AERONÁUTICA e administrados p ela PREFEITURA DE AERONÁUTICA DE RECIFE (PARF) e edificações da sede da PARF.",Av Armindo Moura - Boa Viagem/PE,25313,2024-11-22,2024-11-06,2024-11-06,2024-11-06,2024-11-11T11:57:29,True,legado
15316505900352024,15316505900352024,23082024278202491,153165,5,PREGÃO,900352024,Publicado,eletronico,Nacional,RAFAEL ALVES MARINO,Agente de Contratação,,1160.0,,,"Pregão Eletrônico Aquisição de mater ial de consumo para a Clínica de Bovinos de Gar anhuns da UFRPE, conforme condições e exigência s estabelecidas no Edital e Anexos.",Rua Dom Manoel de Medeiros S/n - Dois Irmaos - /PE,25313,2024-11-19,2024-11-06,2024-11-06,2024-11-06,2024-12-09T10:25:51,True,legado
16019905900222024,16019905900222024,64583014430202463,160199,5,PREGÃO,900222024,Publicado,eletronico,Nacional,ANDREA GUIMARAES GURGEL,Ordenador de Despesas,,,,,Pregão Eletrônico Registro de preço para eventual contratação de empresa para prest ação de serviço de fabricação e montagem de est ruturas metálicas e cobertura de telhas termo a cústicas e galvalume.,"Rua do Hospício, 563 - Boa Vista - /PE",25313,2024-11-22,2024-11-06,2024-11-06,2024-11-06,2024-12-23T12:26:26,True,legado
13001605900142024,13001605900142024,21002000828202401,130016,5,PREGÃO,900142024,Publicado,eletronico,Nacional,VERA LUCIA RODRIGUES CHAVES,Pregoeira,,,,,"Pregão Eletrônico Aquisição de insum os químicos (Materiais de Referências Certifica dos MRC e Químicos grau Padrão Analítico), pa ra atender demandas das unidades laboratoriais (FCS, IQA-POA, IQA-BEV, LASO, MIC e DIA-EET) do LFDA-PE.",Rua Dom Manoel de Medeiros S/n - Dois Irmaos - Dois Irmãos/PE,25313,2024-12-12,2024-12-02,2024-12-02,2024-12-02,2024-12-24T12:20:39,True,legado
78370205901072024,78370205901072024,63066005903202418,783702,5,PREGÃO,901072024,Publicado,eletronico,Nacional,LISA TIEMI OGAWA,Ordenadora de Despesa,,7003.96,,,"Pregão Eletrônico Contratação do ser viço continuado, sem dedicação de mão de obra e xclusiva, para a manutenção corretiva de equipa mentos da Seção de Municiamento, do Hospital Na val de Recife.","Avenida Cruz Cabuga, 1.200       Santo Amaro - /PE",25313,2024-12-16,2024-12-02,2024-12-02,2024-12-02,2025-01-14T11:33:07,True,legado
15502205901272024,15502205901272024,23536026236202417,155022,5,PREGÃO,901272024,Publicado,eletronico,Nacional,CIMONE MORAES DOS SANTOS,Chefe Interino do Setor de Administração Hc/ufpe/ebserh,,,,Mais informações: (81) 2126 -3939,"Pregão Eletrônico Registro de preços visando eventual aquisição de Materiais Diver sos (Água Mineral, Organização, Limpeza, Higien e, Copa e Cozinha) para atender demanda do Hosp ital das Clínicas de Pernambuco, filial EBSERH",Av. Professor Moraes Rego S/n - Cidade Universitária/PE,25313,2024-12-12,2024-12-02,2024-12-02,2024-12-02,2025-02-27T16:53:30,True,legado
9000905900322024,9000905900322024,0006705-02.2024.4,90009,5,PREGÃO,900322024,Publicado,eletronico,Nacional,JOSE IVAN BARBOSA DE MELO FERRAZ,Pregoeiro,,4560.0,,,"Pregão Eletrônico Contratação SOB DE MANDA de empresa especializada no fornecimento de MOBILIÁRIO PARA SUPRIR O SALÃO NOBRE, ESPAÇO MEMÓRIA E A CAFETERIA do edifício-sede da Just iça Federal em Primeiro Grau de Pernambuco Té rreo e 1º andar cujas especificações técnicas, quantidades e demais condições encontram-se det alhadas neste Edital e seus anexos","Av. Recife, 6250. Jiquiá . Recife Pe - Jiquiá/PE",25313,2024-12-12,2024-12-02,2024-12-02,2024-12-02,2024-12-24T13:07:10,True,legado
16019905900282024,16019905900282024,64583014519202420,160199,5,PREGÃO,900282024,Publicado,eletronico,Nacional,ANDREA GUIMARAES GURGEL,Ordenador de Despesas,,,,,"Pregão Eletrônico Registro de preços para eventual aquisição de Materiais e insumos Laboratoriais LAC II, para atender as necess idades do Hospital Militar de Área de Recife (H MAR).","Rua do Hospício, 563 - Boa Vista - /PE",25313,2024-12-12,2024-12-02,2024-12-02,2024-12-02,2025-03-24T16:46:43,True,legado
34400205900272024,34400205900272024,1015/2024-91     ,344002,5,PREGÃO,900272024,Publicado,eletronico,Nacional,AIDA MARIA MONTEIRO SILVA,Diretora de Planejamento e Administração,,,,,"Pregão Eletrônico Contratação de Pes soa Jurídica em caráter eventual, na modalidade de registro de preços, para a serviços de poda e erradicação de árvores, limpeza de palmeiras de grande porte, com remoção de resíduos e des carrego em local adequado, para a Fundação Joaq uim Nabuco, por um período contratual de 12 (do ze) meses.","Av. 17 de Agosto, 2187 - Casa_forte - Casa Forte/PE",25313,2024-12-17,2024-12-03,2024-12-03,2024-12-03,2025-01-16T14:28:31,True,legado
16019905900322024,16019905900322024,64583016140202454,160199,5,PREGÃO,900322024,Publicado,eletronico,Nacional,ANDREA GUIMARAES GURGEL,Ordenadora de Despesa,,,,,"Pregão Eletrônico Aquisição de insum os laboratoriais com disponibilização de equipa mento em comodato, visando atender às necessida des do Laboratório HMAR.","Rua do Hospício, 563 - Boa Vista - /PE",25313,2024-12-13,2024-12-03,2024-12-03,2024-12-03,2025-02-05T14:07:14,True,legado
13001605900132024,13001605900132024,21002000763202496,130016,5,PREGÃO,900132024,Publicado,eletronico,Nacional,CARLAINE BATISTA DE CARVALHO,Pregoeira,,,,,"Pregão Eletrônico Aquisição de Meios de cultura e afins, para atender as necessidad es da Unidade de Microbiologia de Alimentos (MI C) do LFDA-PE.",Rua Dom Manoel de Medeiros S/n - Dois Irmaos - Dois Irmãos/PE,25313,2024-12-16,2024-12-04,2024-12-04,2024-12-04,2025-02-06T17:25:35,True,legado
15502205901282024,15502205901282024,23536025483202498,155022,5,PREGÃO,901282024,Publicado,eletronico,Nacional,CIMONE MORAES DOS SANTOS,Chefe Interino do Setor de Administração Hc/ufpe/ebserh,,,,Mais informações: (81) 2126 -3939,Pregão Eletrônico Registro de preços visando a eventual aquisição de Tablets para a tende demanda do Hospital das Clínicas de Perna mbuco Filial Ebserh.,Av. Professor Moraes Rego S/n - Cidade Universitária/PE,25313,2024-12-16,2024-12-04,2024-12-04,2024-12-04,2024-12-23T09:46:20,True,legado
7001005900622024,7001005900622024,0014811-38.2023  ,70010,5,PREGÃO,900622024,Publicado,eletronico,Nacional,ELIANE RODRIGUES DE CARVALHO SILVA,Pregoeira,,,,,"Pregão Eletrônico Prestação de servi ço para outsourcing de impressão para as Zonas Eleitorais e as Centrais de Atendimento ao Elei tor do TRE-PE, localizadas na Região Metropolit ana do Recife, de acordo com as especificações constantes do Termo de Referência (ANEXO I) do Edital.","Av. Gov. Agamenon Magalhaes, 1.160 - 4º Andar - Sala 408 - Graças/PE",25313,2024-12-20,2024-12-04,2024-12-04,2024-12-04,2025-02-25T16:06:20,True,legado
9003105900392024,9003105900392024,12423-25.2024.4.0,90031,5,PREGÃO,900392024,Publicado,eletronico,Nacional,FRANCISCO REIS NOGUEIRA SOBRINHO,Pregoeiro,,67600.0,,"Não será permitida a subcon tratação, no todo ou em parte, do objeto deste certame licitatório, conforme o disposto no sub item 4.9. do Anexo ITermo de Referência dest e Edital. Em caso de divergência entre as espec ificações deste objeto descritas no http://www. gov.br/compras/pt-br e as especificações técnic as constantes deste Edital, estas prevalecerão.","Pregão Eletrônico Contratação de emp resa especializada para a prestação de serviços continuados de seguro predial para o Edifício Sede, Edifício-Anexo (Ampliação) e Prédio Anexo I (ESMAFE), pertencentes ao Tribunal Regional Federal da 5ª Região (TRF5).","Av. Cais do Apolo, S/n, Ed. Min. Djaci Falcao - Bairro do Recife - Recife Antigo/PE",25313,2024-12-20,2024-12-05,2024-12-05,2024-12-05,2024-12-26T13:59:26,True,legado
16019805900092024,16019805900092024,64453004266202461,160198,5,PREGÃO,900092024,Publicado,eletronico,Nacional,FLAVIO SARAIVA QUINTELLA,Ordenador de Despesas,,,,,"Pregão Eletrônico Aquisição de pneus , câmara de ar, óleos/lubrificantes e baterias em favor do 7º D Sup",Rua General Estilac Leal Nº 439 - Cabanga - Recife - /PE,25313,2024-12-17,2024-12-05,2024-12-05,2024-12-05,2025-04-14T11:34:41,True,legado
8000605900212024,8000605900212024,27.493/2024      ,80006,5,PREGÃO,900212024,Publicado,eletronico,Nacional,FABIANO ANTONIO MARQUES GUEDES DA CRUZ FILHO,Pregoeiro,,58560.0,,,"Pregão Eletrônico Contratação de ser viço de fornecimento contínuo de água mineral n atural, sem gás, envasada em garrafões retornáv eis de 20 (vinte) litros, para unidades do Trib unal Regional do Trabalho da 6ª Região.","Cais do Apolo Nº 739, Bairro do Recife, Recife/pe. - /PE",25313,2024-12-19,2024-12-05,2024-12-05,2024-12-05,2025-01-15T09:49:08,True,legado
20009105000112020,20009105112020,6000003343/201994,200091,5,PREGÃO,112020,Publicado,eletronico,Nacional,ANA CAROLINA LIMA VIEIRA,Procuradora-chefe,1.0,,251088.1,,"Pregão Eletrônico Contratação de emp resa de engenharia para recuperação do piso do estacionamento (Subsolo, G1 e G2) no imóvel da Procuradoria Regional do Trabalho da 6ª Região.","Rua Conselheiro Portela, Nº 531 - Espinheiro/PE",25313,2020-08-14,2020-08-03,2020-08-03,2020-08-03,2020-07-30T16:12:04,False,legado
16019105000022020,1601910522020,64215002099202001,160191,5,PREGÃO,22020,Publicado,eletronico,Nacional,ALEXANDRE LUCKEMEYER MACHADO CARRION,Ordenador de Despesas,126.0,107312.5,5923.41,,Pregão Eletrônico Aquisição de Mater ial de Limpeza para o GCALC,"Av. 17 de Agosto, 1020 - Casa Forte - Casa Forte/PE",25313,2020-08-13,2020-08-03,2020-08-03,2020-08-03,2021-10-15T09:31:18,False,legado
7001005000442020,7001005442020,0036671-37.2019  ,70010,5,PREGÃO,442020,Publicado,eletronico,Nacional,ELIANE RODRIGUES DE CARVALHO SILVA,Pregoeira,8.0,25960.0,4565.4,,"Pregão Eletrônico Registro de Preços para eventual aquisição de mobiliário em geral (madeira e aço), de acordo com as especificaçõ es constantes do Termo de Referência (ANEXO I) do edital.","Av. Gov. Agamenon Magalhaes, 1.160 - Gracas - 4º Andar - Sala 408 - Graças/PE",25313,2020-08-19,2020-08-03,2020-08-03,2020-08-03,2020-09-23T11:10:36,False,legado
20009005000172020,20009005172020,126002287/2020-01,200090,5,PREGÃO,172020,Publicado,eletronico,Nacional,SARA DANIELA SANTOS MAMEDE,Pregoeira,4.0,61820.0,77738.6,,"Pregão Eletrônico Contratação de emp resa especializada para fornecimento de diverso s aparelhos de ar condicionado, tipo Split, a f im de atender às necessidades da Procuradoria d a República em Pernambuco, conforme especificaç ões (ANEXO I) e consoante as demais condições e statuídas neste edital e seus anexos.","Av Governador Agamenon Magalhães, 1800 - Espinheiro - Espinheiro/PE",25313,2020-08-14,2020-08-03,2020-08-03,2020-08-03,2020-08-26T13:46:42,False,legado
7001005000342020,7001005342020,0027656-44.2019  ,70010,5,PREGÃO,342020,Publicado,eletronico,Nacional,CRISTIANE KOZIKOWSKI PACHECO NOCKO,Pregoeira,2.0,59100.0,85366.66,,"Pregão Eletrônico Aquisição de licen ças de software de backup para o CPD, de acordo com as especificações técnicas e as condições constantes do Termo de Referência (ANEXO ÚNICO) do Edital.","Av. Gov. Agamenon Magalhaes, 1.160 - Gracas, 4 Andar Sala 408 - Graças/PE",25313,2020-08-18,2020-08-03,2020-08-03,2020-08-03,2020-09-11T15:53:03,False,legado
15308005000262020,15308005262020,23076.020450/2020,153080,5,PREGÃO,262020,Publicado,eletronico,Nacional,RODRIGO DANNIEL DA SILVA ALEXANDRE,Coordenador de Licitações,3.0,16146.0,113.97,Mais informações: 81 2126-8 065,"Pregão Eletrônico O objeto da presen te licitação é a escolha da proposta mais vanta josa para a aquisição de MARAVALHA PINUS, para atender as necessidades da Universidade Federal de Pernambuco, conforme condições, quantidades e exigências estabelecidas neste Edital e seus anexos.","Av.prof.moraes Rego,1235 - Cidade Universitaria - Recife - Cidade Universitária/PE",25313,2020-08-18,2020-08-03,2020-08-03,2020-08-03,2020-12-29T19:57:07,False,legado
12063205000372020,12063205372020,67437.005326/2020,120632,5,PREGÃO,372020,Publicado,eletronico,Nacional,ISAAC CORDEIRO DA FONSECA NETO,Ordenador de Despesas,33.0,,15998.12,,"Pregão Eletrônico Registro de preços para a aquisição de material médico-hospitalar , para fins de enfrentamento da emergência de saúde pública de importância internacional deco rrente do novo coronavírus, causador da COVID-1 9, para atender as necessidades do Hospital de aeronáutica de Recife","Av Maria Irene, S/n - Jordão/PE",25313,2020-08-11,2020-08-04,2020-08-04,2020-08-04,2021-04-05T13:42:00,False,legado
15518005000182020,15518005182020,23542008496201956,155180,5,PREGÃO,182020,Publicado,eletronico,Nacional,GILBERIO ITALO DE ARAUJO SANTOS,Agente de Licitação,36.0,1215.15,9160.26,,Pregão Eletrônico Aquisição de Equip amentos de Proteção Individual (EPI) e Equipame ntos de Proteção Coletiva (EPC),Av Jose de Sá Maniçoba S/n Centro - /PE,25216,2020-08-14,2020-08-04,2020-08-04,2020-08-04,2020-11-23T14:56:55,False,legado
12063205000272020,12063205272020,67437.005171/2020,120632,5,PREGÃO,272020,Publicado,eletronico,Nacional,ISAAC CORDEIRO DA FONSECA NETO,Ordenador de Despesas,4.0,,2.86,,Pregão Eletrônico Aquisição de nutri ção parenteral manipulada.,"Av Maria Irene, S/n - Jordão/PE",25313,2020-08-14,2020-08-04,2020-08-04,2020-08-04,2020-09-18T13:55:13,False,legado
20009005000182020,20009005182020,126002314/2020-37,200090,5,PREGÃO,182020,Publicado,eletronico,Nacional,SARA DANIELA SANTOS MAMEDE,Pregoeira,1.0,,13079.5,,"Pregão Eletrônico Contratação de emp resa especializada para fornecimento de mobiliá rio para o Refeitório da PRPE, conforme especif icações (ANEXO I) e consoante as demais condiçõ es estatuídas no edital e seus anexos.","Av Governador Agamenon Magalhães, 1800 - Espinheiro - Espinheiro/PE",25313,2020-08-18,2020-08-05,2020-08-05,2020-08-05,2020-09-01T13:36:16,False,legado
15502205000932020,15502205932020,23536007091202013,155022,5,PREGÃO,932020,Publicado,eletronico,Nacional,ALBERTO JOSE LOPES DE MENDONCA,Chefe de Setor de Administração,1.0,404949.6,420.14,,Pregão Eletrônico Registro de preços visando a eventual aquisição de Kit dialisador com cessão de equipamentos em regime de comoda to para o Hospital das Clínicas de Pernambuco Filial Ebserh.,Av. Professor Moraes Rego S/n - Cidade Universitária/PE,25313,2020-08-25,2020-08-05,2020-08-05,2020-08-05,2020-12-28T14:31:39,False,legado
15518005000092020,1551800592020,23542001672202062,155180,5,PREGÃO,92020,Publicado,eletronico,Nacional,SAULO ALVES DAVID,Agente de Licitações,5.0,655000.0,825000.0,,"Pregão Eletrônico Contratação de emp resa especializada na prestação de serviços com plementares de imagem para o diagnóstico e tera pia nas especialidades de neurologia e vascular , eventualmente, com uso de dispositivos médico implantáveis para os pacientes atendidos pelo Hospital de Ensino Dr. Washington Antônio de Ba rros HU-UNIVASF.",Av Jose de Sá Maniçoba S/n Centro - /PE,25216,2020-08-26,2020-08-05,2020-08-05,2020-08-05,2020-10-08T15:39:43,False,legado
15502205000882020,15502205882020,23536019319201988,155022,5,PREGÃO,882020,Publicado,eletronico,Nacional,ALBERTO JOSE LOPES DE MENDONCA,Chefe Interino do Setor de Administração do Hc/ufpe - Ebserh,48.0,210.0,7417.04,Mais informações: (81) 2126 -3939.,Pregão Eletrônico Registro de preços visando a eventual aquisição de Material para o Serviço de Anatomia Patológica do Hospital da s Clínicas de Pernambuco Filial Ebserh.,Av. Professor Moraes Rego S/n - Cidade Universitária/PE,25313,2020-08-17,2020-08-05,2020-08-05,2020-08-05,2020-12-02T16:01:38,False,legado
16019105000062020,1601910562020,64215004402202001,160191,5,PREGÃO,62020,Publicado,eletronico,Nacional,ALEXANDRE LUCKEMEYER MACHADO CARRION,Ordenador de Despesas,56.0,7978.8,34015.48,,Pregão Eletrônico Eventual contrataç ão de serviço de manutenção de máquinas e equip amentos.,"Av. 17 de Agosto, 1020 - Casa Forte/PE",25313,2020-08-17,2020-08-05,2020-08-05,2020-08-05,2020-11-24T13:35:18,False,legado
15502205000892020,15502205892020,23536010617202042,155022,5,PREGÃO,892020,Publicado,eletronico,Nacional,ALBERTO JOSE LOPES DE MENDONCA,Chefe Interino do Setor de Administração do Hc/ufpe - Ebserh,2.0,18240.0,43.09,Mais informações: (81) 2126 -3939.,Pregão Eletrônico Registro de preços visando a eventual aqusição de Esterilizantes para o Serviço de Nefrologia do Hospital das Cl ínicas de Pernambuco Filial Ebserh.,Av. Professor Moraes Rego S/n - Cidade Universitária/PE,25313,2020-08-18,2020-08-05,2020-08-05,2020-08-05,2020-12-16T18:07:01,False,legado
11009605000102020,11009605102020,00587.000560/2020,110096,5,PREGÃO,102020,Publicado,eletronico,Nacional,SARAH LEANDRO VALENCA,Pregoeira,3.0,581000.1,705199.8,O edital e seus anexos enco ntram-se disponíveis nos portais: www.comprasgo vernamentais.gov.br e www.agu.gov.br,"Pregão Eletrônico Contratação de ser viços, sob demanda, de manutenção predial preve ntiva e corretiva, para atender às necessidades da Advocacia Geral da União situada nos esta dos de Sergipe e Rio Grande do Norte","Avenida Herculano Bandeira, 716 - Pina - Recife/pe - Pina/PE",25313,2020-08-18,2020-08-05,2020-08-05,2020-08-05,2020-12-14T13:45:30,False,legado
25501705000032020,2550170532020,25225001559201961,255017,5,PREGÃO,32020,Publicado,eletronico,Nacional,MARCELO CAVALCANTI DE MENDONCA E SILVA,Pregoeiro,5.0,543016.96,581894.88,,"Pregão Eletrônico O objeto da presen te licitação é a escolha da proposta mais vanta josa para a contratação de empresa especializad a para a prestação de serviços continuados e co m dedicação exclusiva de mão de obra de técnico em secretariado, auxiliar administrativo, rece pcionista, telefonista e copeiro, para atender as necessidades da Superintendência Estadual da FUNASA de Pernambuco, conforme condições, quan tidades e exigências estabelecidas neste Edital e seus anexos.","Av.conselheiro Rosa e Silva Nr 1489, Bairro Aflitos - /PE",25313,2020-11-13,2020-11-03,2020-11-03,2020-11-03,2020-12-29T17:26:01,False,legado
11321105000062020,1132110562020,01351000325202027,113211,5,PREGÃO,62020,Publicado,eletronico,Nacional,DIEGO REMERSON MARTINS DA SILVA,Pregoeiro,47.0,2056.05,5094.6614,,Pregão Eletrônico Aquisição de equip amentos de proteção individual EPIs para prof issionais e alunos do Centro regional de Ciênci as Nucleares do Nordeste CRCN-NE.,"Av. Luis Freire, 200 - Cidade Universitária - Várzea/PE",25313,2020-11-13,2020-11-03,2020-11-03,2020-11-03,2020-12-22T20:04:55,False,legado
13501205000082020,1350120582020,21198.001493/2020,135012,5,PREGÃO,82020,Publicado,eletronico,Nacional,PEDRO CARLOS GAMA DA SILVA,Chefe Geral,270.0,4555.8,53112.6,,Pregão Eletrônico Aquisiçao de Vidra rias e outros materiais de Laboratorio,Br 428 Km 152 S/n Zona Rural Caixa Postal 023 - /PE,25216,2020-11-13,2020-11-03,2020-11-03,2020-11-03,2020-11-30T11:20:04,False,legado
15518005000352020,15518005352020,23542011046202084,155180,5,PREGÃO,352020,Publicado,eletronico,Nacional,GILBERIO ITALO DE ARAUJO SANTOS,Agente de Licitação,12.0,8320.0,150908.84,,"Pregão Eletrônico Eventual aquisição de bens permanentes de tecnologia da informaçã o: Equipamentos de Videoconferência, Webcam, He adset, Passador de Slide, Tablets, Suporte para Tablets, Televisor e No-break.",Av Jose de Sá Maniçoba S/n Centro - /PE,25216,2020-11-13,2020-11-03,2020-11-03,2020-11-03,2020-12-29T12:43:49,False,legado
34300503000012020,3430050312020,01498001465201833,343005,3,CONCORRÊNCIA,12020,Publicado,presencial,Nacional,RENATA DUARTE BORBA,Superintendente do Iphan/pe,1.0,,3811172.26,,"Contratação de empresa especializada pa ra execução dos serviços de Conservação e Resta uração dos Bens Móveis e Integrados da Igreja d o Santíssimo Sacramento Matriz de Santo Antônio , em Recife-PE, em regime de empreitada por pre ço global, conforme especificações constantes do Projeto Básico (Anexo I) e demais anexos des te Edital.","Av. Oliveira Lima, 824 - Boa Vista/PE",25313,,2020-11-03,2020-12-09,2020-11-03,2020-11-20T10:59:30,False,legado
15518005000392020,15518005392020,23542010271202001,155180,5,PREGÃO,392020,Publicado,eletronico,Nacional,GILBERIO ITALO DE ARAUJO SANTOS,Agente de Licitação,10.0,,646761.12,,"Pregão Eletrônico Aquisição de EQUIP AMENTOS, FERRAMENTAS E VEÍCULO a serem utilizad os no HU/UNIVASF",Av Jose de Sá Maniçoba S/n Centro - /PE,25216,2020-11-13,2020-11-03,2020-11-03,2020-11-03,2020-12-18T11:31:34,False,legado
16018305000102020,16018305102020,64108011597202054,160183,5,PREGÃO,102020,Publicado,eletronico,Nacional,WESLEY CASTRO SILVA,Ordenador de Despesas Substituto,6.0,,3455.42,,"Pregão Eletrônico Registro de preços para eventual contratação dos serviços de loca ção de veículos (Van, Micro-ônibus e Ônibus).","Av. Cardoso de Sa, S/n - Vila Eduardo - /PE",25216,2020-11-13,2020-11-03,2020-11-03,2020-11-03,2020-11-16T15:10:30,False,legado
15518005000372020,15518005372020,23542010675202097,155180,5,PREGÃO,372020,Publicado,eletronico,Nacional,GILBERIO ITALO DE ARAUJO SANTOS,Agente de Licitação,55.0,50.3,1638.2652,,Pregão Eletrônico Aquisição de MATER IAIS DE CONSUMO LABORATORIAL para utilização e realização de exames laboratoriais de Análises Clínicas e Anatomia Patológica.,Av Jose de Sá Maniçoba S/n Centro - /PE,25216,2020-11-13,2020-11-03,2020-11-03,2020-11-03,2020-12-11T15:02:34,False,legado
16018305000022020,1601830522020,64108004597202006,160183,5,PREGÃO,22020,Publicado,eletronico,Nacional,WESLEY CASTRO SILVA,Ordenador de Despesas Substituto,75.0,,26428.66,,"Pregão Eletrônico Eventual contrataç ão de empresa especializada em prestação de ser viços de manutenção preventiva e corretiva de v eículos automotores e equipamentos, com forneci mento de peças, componentes e acessórios novos, genuínos e/ou originais.","Av. Cardoso de Sa, S/n - Vila Eduardo - Vila Eduardo/PE",25216,2020-11-16,2020-11-03,2020-11-03,2020-11-03,2020-12-01T11:22:07,False,legado
16002305000092020,1600230592020,64408003482202010,160023,5,PREGÃO,92020,Publicado,eletronico,Nacional,JOAO SOUZA DE SA FILHO,Ordenador de Despesas,5.0,,35521.53,,Pregão Eletrônico Aquisição de Mater iais de Tecnologia da Informação e Comunicação (TIC),"Rod. Pe 180, Km 5 - São Bento do Una - Pe - /PE",25593,2020-11-16,2020-11-03,2020-11-03,2020-11-03,2021-04-05T14:31:19,False,legado
12063205000782020,12063205782020,67437005902202035,120632,5,PREGÃO,782020,Publicado,eletronico,Nacional,MARCELO FERREIRA PASCOAL,Ordenador de Despesas Delegado,2.0,91480.0,244861.2,,"Pregão Eletrônico Contratação de emp resa especializada para prestação de serviço de realização de exames laboratoriais pcr em temp o real para o vírus influenza AH1N1 e PCR em tempo real para o coronavírus COVID-19 (SARS-C oV-2), com a disponibilização dos insumos neces sários à coleta das amostras biológicas e a rea lização do transporte das amostras entre o Hosp ital de Aeronáutica de Recife (HARF) e o local onde os exames serão realizados",Av Centenário Alberto Santos Dumont - Jordão Baixo/PE,25313,2020-11-16,2020-11-04,2020-11-04,2020-11-04,2020-12-15T17:39:58,False,legado
12063205000732020,12063205732020,67437000110202074,120632,5,PREGÃO,732020,Publicado,eletronico,Nacional,MARCELO FERREIRA PASCOAL,Ordenador de Despesas Delegado,91.0,1392.0,144036.7,,"Pregão Eletrônico Aquisição de medic amentos quimioterápicos, para atender as necess idades do Hospital de Aeronáutica de Recife (HA RF).",Av Centenário Alberto Santos Dumont - Jordão/PE,25313,2020-11-16,2020-11-04,2020-11-04,2020-11-04,2021-09-16T10:13:24,False,legado
15827805000042020,1582780542020,23303000026202009,158278,5,PREGÃO,42020,Publicado,eletronico,Nacional,PATRICIA RIBEIRO DOS SANTOS,Pregoeira,9.0,,1083.11,,Pregão Eletrônico Aquisição de ração animal para o Instituto Federal do Sertão Pern ambucano Itens Remanescentes do Pregão SRP Nº 03/2020 UASG 158278 Campus Petrolina Zona Rural,Rod. Br 235 Km 22 S/n Proj. Sen N4 Proj. S/n Coelho Nº 4 - /PE,25216,2020-11-16,2020-11-04,2020-11-04,2020-11-04,2021-05-21T09:37:42,False,legado
7001005000352021,7001005352021,0022049-16.2020  ,70010,5,PREGÃO,352021,Publicado,eletronico,Nacional,LILIAN RAFAELI DUTRA SILVEIRA,Pregoeira,1.0,201780.0,454404.0,,"Pregão Eletrônico Contratação de pes soa jurídica para a prestação de serviços técni cos em tecnologia da informação, para execução continuada de atividades de Suporte Técnico Rem oto (Suporte Técnico de 1º nível Service Desk ) aos usuários internos de Tecnologia da Inform ação e Comunicação (TIC) do Tribunal Regional E leitoral de PernambucoTRE-PE, de acordo com as especificações constantes do Termo de Referê ncia (ANEXO I do Edital).","Av. Gov. Agamenon Magalhaes, 1.160 - Gracas, 4º Andar, Sala 408 - Gracas/PE",25313,2021-07-14,2021-07-01,2021-07-01,2021-07-02,2021-07-28T14:52:11,False,legado
15442105000112021,15442105112021,23402015396202014,154421,5,PREGÃO,112021,Publicado,eletronico,Nacional,LUIZ CARLOS PINTO RIBEIRO,Pregoeiro,1.0,43628.0,756561.5,,"Pregão Eletrônico O objeto da presen te licitação é contratação de seguridade dos ve ículos pertencentes à UNIVASF e Projetos Instit ucionais, mediante contratação de empresa segur adora que atue no mercado nacional.",Av.jose de Sa Maniçoba S/n Centro-campus Universitário Petrolina - Centro/PE,25216,2021-07-15,2021-07-02,2021-07-02,2021-07-02,2021-07-16T12:51:21,False,legado
12063205000552021,12063205552021,67437007079202001,120632,5,PREGÃO,552021,Publicado,eletronico,Nacional,ALEXANDRE SILVA DOS SANTOS,Ordenador de Despesas Delegado,231.0,,23117.79,,Pregão Eletrônico Registro de prec o s para aquisic a o de material me dico-hospital ar para atender a s necessidades do Hospital de Aerona utica de Recife.,Av Centenário Alberto Santos Dumont - Jordão/PE,25313,2021-07-14,2021-07-02,2021-07-02,2021-07-02,2021-07-09T08:57:59,False,legado
78370205000142021,78370205142021,63066002364202112,783702,5,PREGÃO,142021,Publicado,eletronico,Nacional,CASSIO DE SOUZA SANTOS,Ordenador de Despesas,43.0,,2027.84,,Pregão Eletrônico Aquisição de medic amentos e materiais de saúde para enfrentamento à pandemia do COVID-19 na UTI e em Enfermarias do Hospital Naval de Recife.,"Avenida Cruz Cabuga, 1.200       Santo Amaro - /PE",25313,2021-07-08,2021-07-02,2021-07-02,2021-07-02,2021-08-16T14:58:24,False,legado
78370205000062021,7837020562021,63066000820202190,783702,5,PREGÃO,62021,Publicado,eletronico,Nacional,CASSIO DE SOUZA SANTOS,Ordenador de Despesas,3.0,310000.0,660000.0,,"Pregão Eletrônico Contratação de Ser viço de Contratação de empresa especializada na prestação de serviços contínuos de Engenharia Clínica, utilizando software dedicado de Gestã o de Engenharia Clínica, para manutenção preven tiva e corretiva com substituição de peças e se rviços especializados quando necessário, calibr ação, teste de segurança elétrica e apoio ao ge renciamento de equipamentos Médico-Assistenciai s (Médico-Hospitalar, Odontológicos, Laboratori ais, Biomédicos e de Saúde), in","Avenida Cruz Cabuga, 1.200       Santo Amaro - /PE",25313,2021-07-14,2021-07-01,2021-07-01,2021-07-02,2021-08-25T11:11:43,False,legado
15502205001032021,155022051032021,23536003227202105,155022,5,PREGÃO,1032021,Publicado,eletronico,Nacional,JOAO LUIZ CAVALCANTI MARANHAO DE ALBUQUERQUE,Chefe do Setor de Administração Hc Ufpe Ebserh,95.0,53.55,8168.62,Mais informações: (81) 2126 -3939.,Pregão Eletrônico Registro de preços visando a eventual aquisição de Materiais para o Serviço de Anatomia Patológica do Hospital d as Clínicas de Pernambuco,Av. Professor Moraes Rego S/n - Cidade Universitária/PE,25313,2021-07-13,2021-07-01,2021-07-01,2021-07-02,2021-09-30T16:10:06,False,legado
7001005000202021,7001005202021,0002562-26.2021  ,70010,5,PREGÃO,202021,Publicado,eletronico,Nacional,ELIANE RODRIGUES DE CARVALHO SILVA,Pregoeira,5.0,,4097.59,,"Pregão Eletrônico Registro de Preços para eventual aquisição de material permanente , de acordo com as especificações constantes do Termo de Referência (ANEXO I) do edital.","Av. Gov. Agamenon Magalhaes, 1.160 - Gracas - Graças/PE",25313,2021-07-15,2021-07-01,2021-07-01,2021-07-02,2021-08-03T13:48:46,False,legado
51067705000072021,5106770572021,35014192598202031,510677,5,PREGÃO,72021,Publicado,eletronico,Nacional,ALBERTO MAGALHAES ROMA,Chefe Divofl - Sriv - Substituto,1.0,16059.0,16060.0,,"Pregão Eletrônico Contratação de emp resa de Engenharia e Manutenção especializada p ara executar serviços de assistência técnica em caráter contínuo de manutenção preventiva, cor retiva e preditiva de um elevador social, da ma rca Vertline, sem dedicação exclusiva de mão de obra e equipe não residente, com fornecimento eventual de peças e componentes novos, originai s/genuínos e/ou similares de qualidade equivale nte, conforme condições, quantidades e exigênci as estabelecidas em edital.","Av. Dantas Barreto, 300 - Santo Antônio/PE",25313,2021-07-14,2021-07-01,2021-07-01,2021-07-02,2021-07-20T15:59:18,False,legado
8000605000092021,800060592021,7746/21          ,80006,5,PREGÃO,92021,Publicado,eletronico,Nacional,AURELAIDE DE SOUZA NASCIMENTO MENEZES,Pregoeira,27.0,20000.0,217.47,,Pregão Eletrônico Aquisição de mater ial gráfico e promocional para a gestão de 2021 /2022.,"Cais do Apolo Nº 739, Bairro do Recife, Recife/pe. - /PE",25313,2021-07-15,2021-07-02,2021-07-02,2021-07-02,2021-10-15T09:56:27,False,legado
15502205001042021,155022051042021,23536008376202152,155022,5,PREGÃO,1042021,Publicado,eletronico,Nacional,JOAO LUIZ CAVALCANTI MARANHAO DE ALBUQUERQUE,Chefe do Setor de Administração do Hc/ufpe - Ebserh,38.0,,2415.69,Mais informações: (81) 2126 -3939.,Pregão Eletrônico Registro de preços visando a eventual aquisição de Medicamentos A ntimicrobianos para o Hospital das Clínicas de Pernambuco,Av. Professor Moraes Rego S/n - Cidade Universitária/PE,25313,2021-07-20,2021-07-02,2021-07-02,2021-07-02,2021-09-24T13:15:48,False,legado
39302905001812021,393029051812021,50604000952202135,393029,5,PREGÃO,1812021,Publicado,eletronico,Nacional,EDUARDO DA COSTA PEREIRA DE OLIVEIRA,Pregoeiro,15.0,12861.39,22294.8,,"Pregão Eletrônico Contratação de emp resa especializada na prestação de serviços de dedetização para o controle sanitário, integrad o no combate a pragas urbanas, englobando: desr atização, desinsetização, maribondos inclusive, descupinização, a serem realizados na Sede e n as Unidades Locais do DNIT no estado de Pernamb uco, localizadas nas cidades de Arcoverde, Caru aru, Petrolina e Salgueiro, em todas as áreas e specificadas no Termo de Referência (ANEXO I).","Av.antonio de Gois, 820 Bairro Pina - Recife - /PE",25313,2021-07-16,2021-07-02,2021-07-02,2021-07-02,2021-07-27T11:45:26,False,legado
9000905000122021,9000905122021,15242520214057500,90009,5,PREGÃO,122021,Publicado,eletronico,Nacional,MARCOS ANTONIO CABRAL DA SILVA,Pregoeiro,12.0,199.2,50.55,,Pregão Eletrônico Registro de Preços de Material de Expediente III,"Av. Recife, 6250. Jiquiá . Recife Pe - Jiquiá/PE",25313,2021-07-22,2021-07-02,2021-07-02,2021-07-02,2021-08-13T12:13:52,False,legado
15442105000082021,1544210582021,23402025692202023,154421,5,PREGÃO,82021,Publicado,eletronico,Nacional,LUIZ CARLOS PINTO RIBEIRO,Pregoeiro,2.0,3820.0,5661.11,,"Pregão Eletrônico Objetiva-se a comp ra de Poltronas de Auditório, visando suprir a demanda do Colegiado de Medicina-PAV, da Univas f.",Av.jose de Sa Maniçoba S/n Centro-campus Universitário Petrolina - Centro/PE,25216,2021-07-29,2021-07-05,2021-07-05,2021-07-05,2021-09-03T16:37:44,False,legado
15308005000142021,15308005142021,23076011519202133,153080,5,PREGÃO,142021,Publicado,eletronico,Nacional,RODRIGO DANNIEL DA SILVA ALEXANDRE,Coordenador de Licitações,22.0,10030.0,3193.93,Mais informações: (81)21268065,"Pregão Eletrônico Registro de Preços para eventual aquisição através de empresa esp ecializada no fornecimento com instalação de PE RSIANAS, CORTINAS E PELÍCULAS, para atender as necessidades da UFPE.","Av. da Arquitetura, S/n - Cidade Universitária/PE",25313,2021-07-16,2021-07-05,2021-07-05,2021-07-05,2022-02-09T11:44:46,False,legado
12063205000612021,12063205612021,67223002271202199,120632,5,PREGÃO,612021,Publicado,eletronico,Nacional,ALEXANDRE SILVA DOS SANTOS,Ordenador de Despesas Delegado,219.0,,11231.44,,Pregão Eletrônico Aquisic a o de mat erial de limpeza e descarta veis.,Av Centenário Alberto Santos Dumont - Jordao/PE,25313,2021-07-19,2021-07-05,2021-07-05,2021-07-05,2021-07-22T10:00:52,False,legado
9000905000132021,9000905132021,15805820214057500,90009,5,PREGÃO,132021,Publicado,eletronico,Nacional,MARCOS ANTONIO CABRAL DA SILVA,Pregoeiro,15.0,235.8,127.32,,Pregão Eletrônico Registro de Preços de Material de Expediente IV,"Av. Recife, 6250. Jiquiá . Recife Pe - Jiquiá/PE",25313,2021-07-27,2021-07-05,2021-07-05,2021-07-05,2021-10-22T18:38:25,False,legado
92666505000032021,9266650532021,008              ,926665,5,PREGÃO,32021,Publicado,eletronico,Nacional,POLIANA BRAGA DE ANDRADE VIEIRA,Pregoeira,4.0,35268.0,30961.76,,"Pregão Eletrônico Contratação de ser viços de telefonia fixa (digital e analógica) e de link de internet dedicada e banda larga, co nforme condições, quantidades e exigências esta belecidas neste Edital e seus anexos.","Av. Conselheiro Rosa e Silva, 2175, Jaqueira - /PE",25313,2021-07-19,2021-07-05,2021-07-05,2021-07-05,2021-07-26T12:28:37,False,legado
15442105000162021,15442105162021,23402009872202068,154421,5,PREGÃO,162021,Publicado,eletronico,Nacional,LUIZ CARLOS PINTO RIBEIRO,Pregoeiro,2.0,198000.0,1250.0,,"Pregão Eletrônico O objeto da presen te licitação é a escolha da proposta mais vanta josa para a contratação de empresa produtora es pecializada para operação dos estúdios audiovis uais da Secretaria de Educação a Distância SE AD e da RTV Caatinga, destinada a produção de v ídeos e podcasts com conteúdos educacionais par a veiculação e transmissão ao vivo (streaming) para portal web, em canais da internet, intrane t, TVs e rádios Parceiras, redes sociais existe ntes e que ainda venham a ser criadas.",Av.jose de Sa Maniçoba S/n Centro-campus Universitário Petrolina - Centro/PE,25216,2021-07-26,2021-07-05,2021-07-05,2021-07-05,2021-11-10T10:01:54,False,legado
16019905000042021,1601990542021,64583006795202171,160199,5,PREGÃO,42021,Publicado,eletronico,Nacional,MARIA SANDRA ANDRADE,Ordenadora de Despesas,256.0,,6958.09,A descrição válida dos iten s é a mesma que consta no termo de referencia.,"Pregão Eletrônico Registro de preços para Aquisição de produtos para saúde, produto s médico hospitalares MMH-1-Gcalc, para o Hospi tal Militar de Área de Recife e órgãos particip antes.","Rua do Hospício, 563 - Boa Vista - Boa Vista/PE",25313,2021-07-15,2021-07-05,2021-07-05,2021-07-05,2022-09-20T10:43:42,False,legado
51067705000172021,51067705172021,35014.121630/2021,510677,5,PREGÃO,172021,Publicado,eletronico,Nacional,MARCOS DE BRITO CAMPOS JUNIOR,Superintendente Regional,1.0,22470.0,22470.0,,"Pregão Eletrônico O objeto da presen te licitação é a escolha da proposta mais vanta josa para a aquisição de ÁGUA MINERAL em garraf ões de 20 litros (somente o líquido), com entre ga parcelada e sucessiva, para a Gerência Execu tiva em Juazeiro/BA, conforme condições, quanti dades e exigências estabelecidas neste Edital e seus anexos.","Av Adolfo Viana, Sn, - Maria Gorete/BA",25313,2021-07-20,2021-07-05,2021-07-05,2021-07-05,2021-07-20T15:57:03,False,legado
16022505000122021,16022505122021,64361004145202104,160225,5,PREGÃO,122021,Publicado,eletronico,Nacional,MARCOS WAGNER RODRIGUES MONTEIRO,Ordenador de Despesas,51.0,1055705.0,7581.3,,Pregão Eletrônico Aquisição de mater iais para cercamento para a Base Administrativa do Curado e OMs vinculadas,Avenida Professor Luiz Freire N° 198 - Bairro Curado - /PE,25313,2021-07-15,2021-07-05,2021-07-05,2021-07-05,2022-07-05T15:49:42,False,legado
15442105000142021,15442105142021,23402017870202123,154421,5,PREGÃO,142021,Publicado,eletronico,Nacional,LUIZ CARLOS PINTO RIBEIRO,Pregoeiro,7.0,7175.0,51.7,,"Pregão Eletrônico Objetiva-se a comp ra de materiais Pincéis, cartuchos e ponta para reposição.",Av.jose de Sa Maniçoba S/n Centro-campus Universitário Petrolina - Centro/PE,25216,2021-08-12,2021-08-02,2021-08-02,2021-08-02,2021-11-10T10:01:23,False,legado
7001005000442021,7001005442021,0002566-63.2021  ,70010,5,PREGÃO,442021,Publicado,eletronico,Nacional,ANA KAROLINA DE FARIAS FREITAS,Pregoeira,4.0,71500.0,9298.18,,"Pregão Eletrônico Registro de Preços para eventual aquisição de aparelhos de ar-con dicionado, tipo ""SPLITS HI-Wall"", de acordo com as especificações constantes do Termo de Refer ência (ANEXO I do Edital).","Av. Gov. Agamenon Magalhaes, 1.160 - 4ºandar, Sala 408 - Graças/PE",25313,2021-08-17,2021-08-02,2021-08-02,2021-08-02,2021-09-09T13:27:52,False,legado
16019105000012021,1601910512021,64215002412202184,160191,5,PREGÃO,12021,Publicado,eletronico,Nacional,ALLAN DE ALMEIDA SERRAO,Ordenador de Despesa,125.0,126066.13,132088.49,,Pregão Eletrônico Aquisição de mater ial permanente.,"Av. 17 de Agosto, 1020 - Casa Forte - /PE",25313,2021-08-12,2021-08-02,2021-08-02,2021-08-02,2022-08-08T15:53:29,False,legado
15502205001142021,155022051142021,23536008261202168,155022,5,PREGÃO,1142021,Publicado,eletronico,Nacional,JOAO LUIZ CAVALCANTI MARANHAO DE ALBUQUERQUE,Chefe do Setor de Administração do Hc/ufpe - Ebserh,89.0,550.0,18397.55,Mais informações: (81) 2126 -3939.,Pregão Eletrônico Registro de preços visando a eventual aquisição de Materiais dive rsos I para Laboratório (Bacteriologia) para o Hospital das Clínicas de Pernambuco,Av. Professor Moraes Rego S/n - Cidade Universitária/PE,25313,2021-08-12,2021-08-02,2021-08-02,2021-08-02,2021-09-27T13:54:32,False,legado
16019905000332021,16019905332021,64583004869202135,160199,5,PREGÃO,332021,Publicado,eletronico,Nacional,MARIA SANDRA ANDRADE,Ordenadora de Despesas,162.0,,3605357.63,"Em caso de divergência, a d escrição válida dos itens é a que consta no TER MO DE REFERÊNCIA.","Pregão Eletrônico Registro de Preços para Aquisição de Equipamentos Médicos, Odonto lógicos e Hospitalares (material permanente do Planejamento Anual das Atividades do Sistema de Saúde do Exército PAASSEx para o ano de 2022 , do Hospital Militar de Área de Recife).","Rua do Hospício, 563 - Boa Vista - Boa Vista/PE",25313,2021-08-12,2021-08-02,2021-08-02,2021-08-02,2022-04-18T10:57:51,False,legado
16019905000342021,16019905342021,64583010528202107,160199,5,PREGÃO,342021,Publicado,eletronico,Nacional,MARIA SANDRA ANDRADE,Ordenadora de Despesas,264.0,1600.0,137766.6,"Ocorrendo possíveis divergê ncias entre a descrição do item contido neste T ermo e a descrição vinculada ao código do mater ial no sistema Comprasnet(CATMAT), prevalecerá a descrição contida no Termo de Referência.","Pregão Eletrônico Registro de Preço para Aquisição de Instrumentais Cirúrgicos e Eq uipamentos Ortopédicos (material de consumo de uso duradouro e permanente do Planejamento Anua l das Atividades do Sistema de Saúde do Exércit o PAASSEx para o ano de 2022, do Hospital Mil itar de Área de Recife).","Rua do Hospício, 563 - Boa Vista - Boa Vista/PE",25313,2021-08-12,2021-08-02,2021-08-02,2021-08-02,2022-08-03T09:35:17,False,legado
13501205000102021,13501205102021,21198000951202121,135012,5,PREGÃO,102021,Publicado,eletronico,Nacional,PEDRO CARLOS GAMA DA SILVA,Chefe Geral,41.0,160.0,5911.54,,Pregão Eletrônico Formação do regist ro de preços para a eventual aquisição de FERTI LIZANTES e DEFENSIVOS AGRÍCOLAS.,Br 428 Km 152 S/n Zona Rural Caixa Postal 023 - Zona Rural/PE,25216,2021-08-12,2021-08-02,2021-08-02,2021-08-02,2021-08-20T18:05:50,False,legado
8000605000062021,800060562021,7484/2021        ,80006,5,PREGÃO,62021,Publicado,eletronico,Nacional,FABIANO ANTONIO MARQUES GUEDES DA CRUZ FILHO,Pregoeiro,4.0,600.0,189.89,,"Pregão Eletrônico Serviço de emissão de certificados digitais, fornecimento de Mídi a Criptográfica do tipo token USB para armazena mento de certificado digital, com capacidade mí nima de memória de 72KB e suporte a chaves de 2 048 bits e visitas técnicas para emissão dos ce rtificados digitais.","Cais do Apolo Nº 739, Bairro do Recife, Recife/pe. - /PE",25313,2021-08-13,2021-08-02,2021-08-02,2021-08-02,2021-10-11T14:09:09,False,legado
15502205001152021,155022051152021,23536003864202173,155022,5,PREGÃO,1152021,Publicado,eletronico,Nacional,JOAO LUIZ CAVALCANTI MARANHAO DE ALBUQUERQUE,Chefe do Setor de Administração Hc Ufpe Ebserh,23.0,4980.0,6575.69,Mais informações: (81) 2126 -3939.,Pregão Eletrônico Registro de preços visando a eventual aquisição de Material Cirúr gico para atender demanda do Hospital das Clíni cas de Pernambuco Filial Ebserh.,Av. Professor Moraes Rego S/n - Cidade Universitária/PE,25313,2021-08-13,2021-08-02,2021-08-02,2021-08-02,2021-12-06T14:51:53,False,legado
34400205000162021,34400205162021,559/2020-10      ,344002,5,PREGÃO,162021,Publicado,eletronico,Nacional,ALLAN JONES FARIAS DE ARAUJO,Diretor de Planejamento e Administração,250.0,10773.4,13703.3507,,"Pregão Eletrônico O objeto da presen te licitação é a escolha da proposta mais vanta josa para a aquisição de materiais de marcenari a, hidráulica, alvenaria e pintura, a serem uti lizados nos Campi da Fundação Joaquim Nabuco, c onforme condições, quantidades e exigências est abelecidas neste Edital e seus anexos.","Av. 17 de Agosto, 2187 - Casa_forte - /PE",25313,2021-08-18,2021-08-03,2021-08-03,2021-08-03,2021-09-27T11:52:53,False,legado
15518005000392021,15518005392021,23542007868202141,155180,5,PREGÃO,392021,Publicado,eletronico,Nacional,GILBERIO ITALO DE ARAUJO SANTOS,Agente de Licitação,49.0,32400.0,38816.75,,Pregão Eletrônico Aquisição de Dispo sitivos Médicos Hospitalares (DMI/OPME) para at endimento das demandas cirúrgicas do Hospital d e Ensino da Universidade Federal do Vale do São Francisco.,Av Jose de Sá Maniçoba S/n Centro - Centro/PE,25216,2021-08-13,2021-08-03,2021-08-03,2021-08-03,2021-09-08T14:39:27,False,legado
15502205001162021,155022051162021,23536006561202111,155022,5,PREGÃO,1162021,Publicado,eletronico,Nacional,JOAO LUIZ CAVALCANTI MARANHAO DE ALBUQUERQUE,Chefe do Setor de Administração Hc Ufpe Ebserh,14.0,,41160.58,Mais informações: (81) 2126 -3939.,Pregão Eletrônico Registro de preços visando a eventual aquisição de MMH Cardiolo gia Intervencionista para atender demanda do Ho spital das Clínicas de Pernambuco Filial Ebse rh.,Av. Professor Moraes Rego S/n - Cidade Universitária/PE,25313,2021-08-17,2021-08-03,2021-08-03,2021-08-03,2021-11-03T08:28:59,False,legado
15668705000012021,1566870512021,23082.012370/2021,156687,5,PREGÃO,12021,Publicado,eletronico,Nacional,CARLOS WILLIAN FERREIRA DE ARAUJO,Pregoeiro,2.0,83772.54,110114.48,,"Pregão Eletrônico O objeto da presen te licitação é a Aquisição de fonte de alimenta ção ininterrupta, tipo Nobreak que irá assegura r a estabilidade e a segurança dos equipamentos que servirão para a reestruturação das Tecnolo gias de informação e Comunicação da Universidad e Federal do Agreste de Pernambuco","Av.bom Pastor, S/n, Bairro Boa   Vista - Garanhuns - Pe - /PE",24198,2021-08-16,2021-08-03,2021-08-03,2021-08-03,2021-08-26T12:35:25,False,legado
7001005000422021,7001005422021,0000177082021    ,70010,5,PREGÃO,422021,Publicado,eletronico,Nacional,LILIAN RAFAELI DUTRA SILVEIRA,Pregoeira,1.0,479001.6,1066003.2,,"Pregão Eletrônico Prestação de servi ços de tecnologia da informação e comunicação n a área de desenvolvimento e sustentação de sist emas de informação, sob demanda, mediante orden s de serviço dimensionadas por Horas de Serviço Técnico (HST), de acordo com as especificações constantes do Termo de Referência (ANEXO I) e demais condições estabelecidas no Edital e seus anexos.","Av. Gov. Agamenon Magalhaes, 1.160 - Gracas, 4º Andar, Sala 408 - Gracas/PE",25313,2021-08-17,2021-08-03,2021-08-03,2021-08-03,2021-09-08T14:08:05,False,legado
17005802000012021,1700580212021,19615720503202138,170058,2,TOMADA DE PREÇOS,12021,Publicado,presencial,Nacional,DREYFUS DIOGENES DE LIMA,Chefe da Selic04,1.0,367630.43,572184.51,,"Contratação de Pessoa Jurídica do ramo de engenharia ou arquitetura para elaboração de Projeto Básico Completo de Reforma, incluindo a Sondagem Geológica e Levantamento Topográfico /Planialtimétrico do terreno, do prédio público da Delegacia da Receita Federal do Brasil em C aruaru, localizado na Praça Pedro de Souza, 100 , B, Nossa Senhora das Dores, constituído do pr édio principal e seus anexos (área do terreno i gual a 1.293,12 m², área construída de 1.1747,9 5m²)","Rua Frei Caneca, 152 A. 1º Andar - Mauricio de Nassau/PE",25313,,2021-08-03,2021-09-03,2021-08-03,2022-01-03T15:17:37,False,legado
11321105000022021,1132110522021,01351000484402021,113211,5,PREGÃO,22021,Publicado,eletronico,Nacional,DIEGO REMERSON MARTINS DA SILVA,Pregoeiro,84.0,1760.0,26328.362,,Pregão Eletrônico Aquisição de mater iais especializados de uso em laboratórios do C RCN-NE.,"Av. Luis Freire, 200 - Cidade Universitária - Várzea/PE",25313,2021-08-16,2021-08-03,2021-08-03,2021-08-03,2021-11-24T10:16:19,False,legado
78370205000202021,78370205202021,63066003023202164,783702,5,PREGÃO,202021,Publicado,eletronico,Nacional,CASSIO DE SOUZA SANTOS,Ordenador de Despesas,24.0,7877.0,1119.82,,Pregão Eletrônico Aquisição de medic amentos e materiais para enfrentamento à pandem ia do COVID-19.,"Avenida Cruz Cabuga, 1.200       Santo Amaro - /PE",25313,2021-08-11,2021-08-04,2021-08-04,2021-08-04,2021-08-25T13:56:50,False,legado
17005505000082021,1700550582021,13623101810202130,170055,5,PREGÃO,82021,Publicado,eletronico,Nacional,JOSE BERNARDO DA SILVA,Chefe Sisup/drl/sra/pe,5.0,543120.15,610826.4,,"Pregão Eletrônico Contratação de emp resa especializada para a prestação de serviços continuados e com dedicação exclusiva de mão d e obra de recepcionista, telefonista, secretári a de nível médio, auxiliar de carga e descarga e auxiliar de manutenção predial para atender a s necessidades da Superintendência Regional do Trabalho em Pernambuco SRTb/PE, conforme cond ições, quantidades e exigências estabelecidas n o Edital e seus Anexos.","Av. Alfredo Lisboa, 1168 - Bairro do Recife/PE",25313,2021-08-16,2021-08-04,2021-08-04,2021-08-04,2021-09-01T09:10:55,False,legado
16022505000172021,16022505172021,64361004526202185,160225,5,PREGÃO,172021,Publicado,eletronico,Nacional,MARCOS WAGNER RODRIGUES MONTEIRO,Ordenador de Despesas,11.0,295650.0,13414.12,Edital disponível também no site www.baadmcurado.eb.mil.br.,Pregão Eletrônico Contratação de ser viço de controle de pragas e manuteção de reser vatório de água para base administrativa do Cur ado e OM vinculadas.,"Avenida Professor Luiz Freire, N° 198 - Várzea/PE",25313,2021-08-16,2021-08-04,2021-08-04,2021-08-04,2022-07-15T11:10:28,False,legado
16018305000212021,16018305212021,64108014928202199,160183,5,PREGÃO,212021,Publicado,eletronico,Nacional,ERICSON ANTONIO SILVEIRA MACIEL,Ordenador de Despesas,2.0,34.0,34.83,,Pregão Eletrônico Cessão de uso de b em público para exercício de atividade de apoio de barbearia.,"Av. Cardoso de Sa, S/n - Vila Eduardo - /PE",25216,2021-08-17,2021-08-04,2021-08-04,2021-08-04,2021-08-23T14:50:07,False,legado
51067705000222021,51067705222021,35014125353202180,510677,5,PREGÃO,222021,Publicado,eletronico,Nacional,JOSE ROOSEVELT ARAUJO CORREA,"Chefe Ddivisão de Orçamento, Finanças e Logística",1.0,,10272544.56,,"Pregão Eletrônico Contratação dos se rviços de segurança e vigilância patrimonial a serem executados nas dependências das unidades vinculadas às Gerências Executivas em RECIFE, C ARUARU, GARANHUNS, PETROLINA e unidades vincula das, nos imóveis indicados no Apêndice ""A"" dos Estudos Técnicos Preliminares, anexo ao Termo d e Referência.","Av. Dantas Barreto, Nº 300 , Sala 101, Santo Antonio - Santo Antônio/PE",25313,2021-08-18,2021-08-04,2021-08-04,2021-08-04,2022-03-08T15:37:24,False,legado
16019905000202021,16019905202021,64583007471202151,160199,5,PREGÃO,202021,Publicado,eletronico,Nacional,MARIA SANDRA ANDRADE,Ordenadora de Despesas,1.0,3410599.92,3552000.0,"Ocorrendo possíveis divergê ncias entre a descrição do item contido neste T ermo e a descrição vinculada ao código do mater ial no sistema Comprasnet(CATMAT), prevalecerá a descrição contida no Termo de Referência.","Pregão Eletrônico Contratação de emp resa especializada na prestação de serviço forn ecimento em regime de comodato de 01 (um) equip amento de Ressonância Magnética, com adequação do local e dedicação de mão de obra especializa da.","Rua do Hospício, 563 - Boa Vista - Boa Vista/PE",25313,2021-08-19,2021-08-04,2021-08-04,2021-08-04,2021-10-05T12:15:18,False,legado
15502205001172021,155022051172021,23536003947202162,155022,5,PREGÃO,1172021,Publicado,eletronico,Nacional,JOAO LUIZ CAVALCANTI MARANHAO DE ALBUQUERQUE,Chefe do Setor de Administração Hc Ufpe Ebserh,85.0,,121432.15,Mais informações: (81) 2126 -3939.,"Pregão Eletrônico Registro de preços visando a eventual aquisição de Material Médic o Hospitalar Órteses e Próteses, com cessão d e Equipamentos e Instrumentais, para o Hospital das Clínicas de Pernambuco",Av. Professor Moraes Rego S/n - Cidade Universitária/PE,25313,2021-08-18,2021-08-04,2021-08-04,2021-08-04,2021-09-30T11:26:30,False,legado
8000605000192021,8000605192021,10.570/2021      ,80006,5,PREGÃO,192021,Publicado,eletronico,Nacional,FABIANO ANTONIO MARQUES GUEDES DA CRUZ FILHO,Pregoeiro,3.0,785.26,1.67,,"Pregão Eletrônico Serviços de contro le de vetores e pragas urbanas Saúde Ambienta l desinsetização, desinfestação, desratização e desalojamento de morcegos e escorpiões, em f unção da demanda, para os imóveis e instalações do TRT6 e suas unidades descentralizadas.","Cais do Apolo Nº 739, Bairro do Recife, Recife/pe. - /PE",25313,2021-08-18,2021-08-04,2021-08-04,2021-08-04,2021-08-31T15:33:06,False,legado
17005805000112021,17005805112021,19615721625202141,170058,5,PREGÃO,112021,Publicado,eletronico,Nacional,DREYFUS DIOGENES DE LIMA,Chefe da Selic04,2.0,,2391.45,,Pregão Eletrônico Contratação de emp resa para prestação de serviços continuados de telefonia móvel e linhas de dados para tráfego na internet com a finalidade de suprir necessid ade da Superintendência Regional da Receita Fed eral do Brasil na 4ª Região Fiscal e Unidades j urisdicionadas.,"Av. Alfredo Lisboa, 1152, 2º Andar, Bairro do Recife Antigo - /PE",25313,2021-08-17,2021-08-05,2021-08-05,2021-08-05,2022-01-20T14:08:05,False,legado
15518005000412021,15518005412021,23542007136202151,155180,5,PREGÃO,412021,Publicado,eletronico,Nacional,JORGE ALBERTO SANTANA DE JESUS,Agente de Licitação,4.0,11725.0,325.25,,Pregão Eletrônico Aquisição de itens de Enxoval Hospitalar ( Roupa Privativa Hospi talar),Av Jose de Sá Maniçoba S/n Centro - Centro/PE,25216,2021-08-17,2021-08-05,2021-08-05,2021-08-05,2021-09-08T14:50:13,False,legado
15502205001402021,155022051402021,23536009720202121,155022,5,PREGÃO,1402021,Publicado,eletronico,Nacional,JOAO LUIZ CAVALCANTI MARANHAO DE ALBUQUERQUE,Chefe do Setor de Administração Hc Ufpe Ebserh,7.0,465845.5,468795.5,Mais informações: (81) 2126 -3939.,"Pregão Eletrônico Aquisição de Insum os laboratoriais Bacteriologia incluída a c essão de equipamentos compatíveis em regime de comodato, para o Hospital das Clínicas de Perna mbucoFilial da EBSERH",Av. Professor Moraes Rego S/n - Cidade Universitária/PE,25313,2021-10-14,2021-10-01,2021-10-01,2021-10-01,2021-10-20T17:22:21,False,legado
92666505000042021,9266650542021,0024             ,926665,5,PREGÃO,42021,Publicado,eletronico,Nacional,POLIANA BRAGA DE ANDRADE VIEIRA,Pregoeira,5.0,31859.79,62822.6,"Havendo divergências entres os itens dispostos no ComprasNET e os constan tes do Termo de Referência, prevalecerá o dispo sto neste último para todos os fins de direito .","Pregão Eletrônico Equipamentos de in formática, a saber: servidor, licenças e nobrea k.","Av. Conselheiro Rosa e Silva, 2175, Jaqueira - Jaqueira/PE",25313,2021-10-18,2021-10-01,2021-10-01,2021-10-01,2021-11-11T09:27:40,False,legado
9000905000322021,9000905322021,38392620214057500,90009,5,PREGÃO,322021,Publicado,eletronico,Nacional,MARCOS ANTONIO CABRAL DA SILVA,Pregoeiro,11.0,950.0,97.83,,Pregão Eletrônico Registro de Preços de Material de Marcenaria I,"Av. Recife, 6250. Jiquiá . Recife Pe - Jiquiá/PE",25313,2021-10-14,2021-10-01,2021-10-01,2021-10-01,2021-10-21T11:11:19,False,legado
16020105000022021,1602010522021,64329000768202104,160201,5,PREGÃO,22021,Publicado,eletronico,Nacional,BRUNO BEZERRA DE MELO,Ordenador de Despesas,1.0,1886999.37,1955979.37,,"Pregão Eletrônico Contratação de uma única empresa especializada para execução do s erviço de manutenção das fachadas dos blocos A, B, C e Emergência do Hospital Militar de área de Recife (HMAR).","Av Norte, 245 - Santo Amaro/PE",25313,2021-10-15,2021-10-04,2021-10-04,2021-10-04,2021-11-29T11:23:09,False,legado
9003105000392021,9003105392021,7547-32.2021.4.05,90031,5,PREGÃO,392021,Publicado,eletronico,Nacional,FRANCISCO REIS NOGUEIRA SOBRINHO,Pregoeiro,16.0,7566.0,136235.28,"Não será permitida a subcon tratação, no todo ou em parte, do objeto deste certame licitatório.Em caso de divergência entr e as especificações técnicas do objeto descrita s no Sistema SIASG do portal Comprasgovernament ais e as descritas neste Edital, prevalecerão e stas.","Pregão Eletrônico Aquisição de estab ilizadores de tensão de 1kVA e de 2kVA, frigoba res, aparelhos telefônicos analógicos, bebedour os, ventiladores, televisores e fornos de micro -ondas, para o Tribunal Regional Federal da 5ª Região.","Av. Cais do Apolo, S/n - Ed. Min. Djaci Falcão - Bairro do Recife/PE",25313,2021-10-18,2021-10-04,2021-10-04,2021-10-04,2022-02-02T13:39:07,False,legado
16018505000032021,1601850532021,64132005606202151,160185,5,PREGÃO,32021,Publicado,eletronico,Nacional,WILSON DA ROSA CAMPOS,Ordenador de Despesas,229.0,12739.1,17240.79,,Pregão Eletrônico Aquisição de mater ial hidráulico para atender as necessidades das Organizações Militares integrantes do GCALC/Re cife.,"Rua São Miguel, Nr 898 - Afogados - /PE",25313,2021-10-15,2021-10-04,2021-10-04,2021-10-04,2022-09-23T09:32:07,False,legado
17005505000112021,17005505112021,19739129142202194,170055,5,PREGÃO,112021,Publicado,eletronico,Nacional,JOSE BERNARDO DA SILVA,Chefe Sisup/drl/sra/pe,2.0,730924.95,974566.59,,"Pregão Eletrônico Contratação de emp resa especializada para executar os serviços co muns de engenharia no edifício sede da Superint endência Regional de Administração do Ministéri o da Economia no Estado de Pernambuco -SRA/PE p ara que seja viável a acomodação da Superintend ência de Patrimônio da União em Pernambuco -SPU /PE no 3º andar e a realocação dos servidores d a SRA/PE hoje no 3º andar para o Térreo, 2º e 4 ºandares, conforme condições, quantidades e exi gências estabelecidas neste Edital.","Av. Alfredo Lisboa, 1168 - Bairro do Recife/PE",25313,2021-10-15,2021-10-04,2021-10-04,2021-10-04,2021-11-16T14:35:28,False,legado
16019905000252021,16019905252021,64583009455202101,160199,5,PREGÃO,252021,Publicado,eletronico,Nacional,MARIA SANDRA ANDRADE,Ordenadora de Despesas,93.0,,9428.44,"Ocorrendo possíveis divergê ncias entre a descrição do item contido neste T ermo e a descrição vinculada ao código do mater ial no sistema Comprasnet(CATMAT), prevalecerá a descrição contida no Termo de Referência.",Pregão Eletrônico Registro de Preços para Aquisição de Materiais de Consumo de uso Odontológico para o Hospital Militar de Área de Recife e Órgãos participantes GCALC.,"Rua do Hospício, 563 - Boa Vista - Boa Vista/PE",25313,2021-10-18,2021-10-04,2021-10-04,2021-10-04,2021-10-18T09:19:43,False,legado
19500205000072021,1950020572021,59530001356202158,195002,5,PREGÃO,72021,Publicado,eletronico,Nacional,AURIVALTER CORDEIRO PEREIRA DA SILVA,Superintendente Regional   3a Sr,2.0,1490000.0,1108.49,Os interessados ficam desde já notificados da necessidade de acessarem os sítios www.codevasf.gov.br e www.gov.br/compras /pt-br para ciência das eventuais alterações e esclarecimentos.,"Pregão Eletrônico Constituição de Si stema de Registro de PreçosSRP para o fornec imento, carga e transporte de Kits de Irrigação Familiar por gotejamento e reservatórios para atendimento de diversas localidades, no âmbito da 3ª Superintendência Regional da CODEVASF, no Estado de Pernambuco.","Rua Presidente Dutra, 160 - Centro/PE",25216,2021-10-18,2021-10-04,2021-10-04,2021-10-04,2021-12-15T15:38:41,False,legado
15518005000572021,15518005572021,23542008707202175,155180,5,PREGÃO,572021,Publicado,eletronico,Nacional,ERICK SOARES RIBEIRO PATRIOTA,Agente de Licitação,20.0,,172080.79,,Pregão Eletrônico Aquisição de equip amentos para iniciar a montagem da estrutura da Biblioteca e o Laboratório de Simulação Realís tica.,Av Jose de Sá Maniçoba S/n Centro - Centro/PE,25216,2021-10-15,2021-10-04,2021-10-04,2021-10-04,2021-10-28T20:04:20,False,legado
15502205001412021,155022051412021,23536015999202181,155022,5,PREGÃO,1412021,Publicado,eletronico,Nacional,JOAO LUIZ CAVALCANTI MARANHAO DE ALBUQUERQUE,Chefe do Setor de Administração Hc Ufpe Ebserh,14.0,,11.9,Mais informações: (81) 2126 -3939.,Pregão Eletrônico Registro de preços visando a eventual aquisição de Materiais para Coleta de Sangue para o Hospital das Clínicas de Pernambuco,Av. Professor Moraes Rego S/n - Cidade Universitária/PE,25313,2021-10-18,2021-10-05,2021-10-05,2021-10-05,2021-11-26T14:25:48,False,legado
27505705000102021,27505705102021,014              ,275057,5,PREGÃO,102021,Publicado,eletronico,Nacional,SAVYO DOS SANTOS SOUZA,Analista de Gestão,3.0,77600.0,7928.0,Conforme termo de referênci a.,Pregão Eletrônico Eventual aquisição de amortecedores verticais das suspensões prim ária e secundária da frota de TUE CAF da CBTU-S TU/REC,"Rua José Natário,478 - Areias - Recife - Pe. - /PE",25313,2021-10-18,2021-10-05,2021-10-05,2021-10-05,2021-10-28T14:40:29,False,legado
15518005000532021,15518005532021,23542009840202149,155180,5,PREGÃO,532021,Publicado,eletronico,Nacional,JORGE ALBERTO SANTANA DE JESUS,Agente de Licitação,19.0,21285.0,2440467.0567,,Pregão Eletrônico Aquisição de Bens Permanentes: equipamentos médico-hospitalares e laboratoriais,Av Jose de Sá Maniçoba S/n Centro - Centro/PE,25216,2021-10-18,2021-10-05,2021-10-05,2021-10-05,2021-12-13T19:24:08,False,legado
25704705000192022,25704705192022,25059001191202115,257047,5,PREGÃO,192022,Publicado,eletronico,Nacional,ANTONIO DE CARVALHO SA,Agente de Saúde Pública,1.0,149899.92,211111.78,,"Pregão Eletrônico Contratação de emp resa especializada na prestação de serviços de instalação de gabinetes odontológicos, manutenç ão preventiva, corretiva reparadora total de to dos os equipamentos odontológicos, sendo esta ú ltima sem custo/ônus do fornecimento de peças p ara o conserto dos equipamentos pertencentes ao patrimônio do DSEI/PE, instalados nas Unidades Básicas de Saúde Indígena e Polos Base.",Av. Norte Miguel Arraes de Alencar - Macaxeira/PE,25313,2022-09-15,2022-09-01,2022-09-01,2022-09-01,2022-09-30T09:23:53,False,legado
12063205000752022,12063205752022,67445000751202291,120632,5,PREGÃO,752022,Publicado,eletronico,Nacional,PAULO HENRIQUE ALVES CAVALCANTI,Ordenador de Despesas,2.0,14306.76,19234.8,,"Pregão Eletrônico Contratação de ser viço de monitoração individual externa de nível de radiação ionizante, através de dosímetros t ermoluminescentes, para atender as necessidades da Odontoclínica de Aeronáutica de Recife (OAR F) e do Hospital de Aeronáutica de Recife (HARF ).",Av Centenário Alberto Santos Dumont - Jordão/PE,25313,2022-09-15,2022-09-01,2022-09-01,2022-09-01,2022-09-19T11:31:09,False,legado
16002305000192022,16002305192022,64408001902202287,160023,5,PREGÃO,192022,Publicado,eletronico,Nacional,PEDRO AFONSO DOS SANTOS JUNIOR,Ordenador de Despesas,5.0,2350.0,20850.02,,Pregão Eletrônico Contratação de ser viço especializado para manutenção de botes pne umáticos do Pelotão de Equipagem de Assalto da 10ª Companhia de Engenharia de Combate (10ª Cia E Cmb).,"Rod. Pe 180, Km 5 - São Bento do Una - Pe - /PE",25593,2022-09-14,2022-09-01,2022-09-01,2022-09-01,2022-10-06T14:14:26,False,legado
15316505000342022,15316505342022,23082.021747/2022,153165,5,PREGÃO,342022,Publicado,eletronico,Nacional,RAFAEL ALVES MARINO,Pregoeiro,5.0,49454.99,78834.99,,"Pregão Eletrônico Aquisição de eletr odomésticos e mobiliários para as residências e studantis da Universidade Federal Rural de Pern ambuco (UFRPE), conforme condições, quantidades e exigências estabelecidas no Termo de Referên cia, Edital e Anexos.",Rua Dom Manoel de Medeiros S/n - Dois Irmaos - /PE,25313,2022-09-14,2022-09-01,2022-09-01,2022-09-01,2022-09-22T14:28:57,False,legado
51067705000642022,51067705642022,35014079281202272,510677,5,PREGÃO,642022,Publicado,eletronico,Nacional,MARCUS ANTONIO NUNES CAVALCANTI,Pregoeiro,5.0,69671.0,32.69,,"Pregão Eletrônico Registro de Preços visando à futura aquisição de material de cons umo, do tipo álcool gel, copos descartáveis par a água e café, para atender às necessidades do INSS na Superintendência Regional Nordeste SRIV e unidades de sua jurisdição.","Av. Dantas Barreto, Nº 300 , Sala 101, Santo Antonio - Santo Antonio/PE",25313,2022-09-14,2022-09-01,2022-09-01,2022-09-01,2022-11-04T08:50:58,False,legado
16018305000172022,16018305172022,64108029375202250,160183,5,PREGÃO,172022,Publicado,eletronico,Nacional,REGIS FERNANDO DA SILVA,Ordenador de Despesas,41.0,2250.0,4261.5,,Pregão Eletrônico Registro de preços para eventual aquisição de material desportivo .,"Av. Cardoso de Sa, S/n - Vila Eduardo - /PE",25216,2022-09-14,2022-09-01,2022-09-01,2022-09-01,2023-01-24T08:54:03,False,legado
15502205000902022,15502205902022,23536026238202155,155022,5,PREGÃO,902022,Publicado,eletronico,Nacional,JOAO LUIZ CAVALCANTI MARANHAO DE ALBUQUERQUE,Chefe do Setor de Administração do Hc/ufpe - Ebserh,8.0,11282.4,1103.84,Mais informações: (81) 2126 -3939.,"Pregão Eletrônico Registro de preços visando a eventual aquisição de Kit de Diálise da Marca Genius, da Fabricante Fresênius Medic al Care, com cessão de equipamentos em regime de comodato, para o Hospital das Clínicas de Pe rnambuco",Av. Professor Moraes Rego S/n - Cidade Universitária/PE,25313,2022-09-14,2022-09-01,2022-09-01,2022-09-01,2022-10-13T13:31:50,False,legado
17005805000122022,17005805122022,19615720317202280,170058,5,PREGÃO,122022,Publicado,eletronico,Nacional,DREYFUS DIOGENES DE LIMA,Chefe do Selic04,5.0,94500.0,97786.1,,"Pregão Eletrônico Contratação de emp resas especializadas para assessorar a Fiscaliz ação dos Contratos de Serviço de Reparo de Cobe rturas da Inspetoria da Receita Federal do Bras il de Cabedelo/PB e das Agências da Receita Fed eral do Brasil de Itabaiana/PB, Guarabira/PB, S ousa/PB e Garanhuns/PE.","Av. Alfredo Lisboa, 1152, 2º Andar, Bairro do Recife Antigo - /PE",25313,2022-09-14,2022-09-01,2022-09-01,2022-09-01,2022-10-15T12:22:41,False,legado
15814905000132022,15814905132022,23302000314202227,158149,5,PREGÃO,132022,Publicado,eletronico,Nacional,FRANKLIN TORRES BRANDAO,Equipe de Apoio ao Pregoeiro,45.0,41760.95,2482.73,,Pregão Eletrônico Contratação de emp resa para prestação de serviços gráficos com fo rnecimento de materiais para atender as demanda s da Reitoria e dos Campi do IF Sertão Pernambu cano.,"Rua Aristarco Lopes, Nº 240 - Centro/PE",25216,2022-09-15,2022-09-02,2022-09-02,2022-09-02,2023-10-06T14:04:20,False,legado
12063205000712022,12063205712022,67223007327202100,120632,5,PREGÃO,712022,Publicado,eletronico,Nacional,PAULO HENRIQUE ALVES CAVALCANTI,Ordenador de Despesa,38.0,516.0,2520.01,,"Pregão Eletrônico Aquisic a o de ins umos de seguranc a eletro nica, visando atender a s necessidades do Grupo de Seguranc a e Defe sa de Recife e demais Unidades da GUARNAE-RF,",Av Centenário Alberto Santos Dumont - Jordão/PE,25313,2022-09-15,2022-09-02,2022-09-02,2022-09-02,2022-11-25T10:11:48,False,legado
13501205000142022,13501205142022,21198001801202216,135012,5,PREGÃO,142022,Publicado,eletronico,Nacional,LUIS MAGNO SILVA DE MENEZES,Chefe Geral em Exercício,6.0,174800.0,271222.54,,"Pregão Eletrônico Aquisição de Aves vivas para criação (pintos, galinhas e galos), da raça Canela Preta e Ração Concentrada para a ves.",Br 428 Km 152 S/n Zona Rural Caixa Postal 023 - Zona Rural/PE,25216,2022-09-15,2022-09-02,2022-09-02,2022-09-02,2022-09-19T13:34:47,False,legado
39302905003632022,393029053632022,50604001430202151,393029,5,PREGÃO,3632022,Publicado,eletronico,Nacional,EDUARDO DA COSTA PEREIRA DE OLIVEIRA,Pregoeiro,1.0,239442.17,258753.36,,"Pregão Eletrônico Contratação de emp resa especializada em serviços de engenharia pa ra modernização da subestação elétrica abrigada da sede da SR/PE com fornecimento de peças, ma teriais e mão de obra, cujo pagamento será part e em equipamentos da subestação usados e parte em recursos financeiros, conforme especificaçõe s do Termo de Referência e seus anexos.","Av.antonio de Gois, 820 Bairro Pina - Recife - /PE",25313,2022-09-16,2022-09-02,2022-09-02,2022-09-02,2022-11-10T08:51:08,False,legado
20009105000212022,20009105212022,000322202206900/5,200091,5,PREGÃO,212022,Publicado,eletronico,Nacional,ANA CAROLINA LIMA VIEIRA RIBEMBOIM,Procuradora-chefe,1.0,,12762.0,,"Pregão Eletrônico Aquisição de lâmpa das LED, tipo tubular, T5, 9W, para atender às necessidades da Procuradoria Regional do Trabal ho da 6ª Região,","Rua Conselheiro Portela, 531 - Aflitos/PE",25313,2022-09-28,2022-09-02,2022-09-02,2022-09-02,2022-09-01T15:53:45,False,legado
39302905003512022,393029053512022,50604001947202221,393029,5,PREGÃO,3512022,Publicado,eletronico,Nacional,EDUARDO DA COSTA PEREIRA DE OLIVEIRA,Pregoeiro,15.0,10410.9,14187.6,,"Pregão Eletrônico Prestação de servi ços de dedetização para o controle sanitário, i ntegrado no combate a pragas urbanas, engloband o: desratização, desinsetização, marimbondo inc lusive, descupinização, a serem realizados na S ede e nas Unidades Locais do DNIT no estado de Pernambuco, localizadas nas cidades de Arcoverd e, Caruaru, Petrolina e Salgueiro, em todas as áreas especificadas neste instrumento e conform e condições, quantidades e exigências estabelec idas nos itens 3 e 5 do Anexo I.","Av.antonio de Gois, 820 Bairro Pina - Recife - /PE",25313,2022-09-09,2022-08-26,2022-08-26,2022-09-02,2022-09-13T11:14:03,False,legado
51067705000572022,51067705572022,35014079281202272,510677,5,PREGÃO,572022,Publicado,eletronico,Nacional,MARCOS DE BRITO CAMPOS JUNIOR,Superintendente Regional Nordeste - Srne,5.0,,32.69,,"Pregão Eletrônico Registro de Preços visando à futura aquisição de material de cons umo, do tipo álcool gel, copos descartáveis par a água e café, para atender às necessidades do INSS na Superintendência Regional Nordeste SR-I V e unidades de sua jurisdição.","Av. Dantas Barreto, Nº 300 , Sala 101, Santo Antonio - Santo Antônio/PE",25313,2022-09-13,2022-08-26,2022-08-26,2022-09-02,2022-09-05T09:13:08,False,legado
38922205000052022,3892220552022,30/2022          ,389222,5,PREGÃO,52022,Publicado,eletronico,Nacional,GABRIEL ALBUQUERQUE CALAZAR DOS SANTOS,Pregoeiro,2.0,,48891.66,,"Pregão Eletrônico Contratação de ser viço de transporte rodoviário coletivo interest adual de passageiros, em regime de fretamento eventual: locação de 3 (três) ônibus executivo s, com motoristas, para transportar participant es para o evento XXVII Congresso Brasileiro de NutriçãoCONBRAN 2022, que será realizado na cidade de Maceió/AL, entre os dias 4 a 7 de out ubro de 2022.","Rua Bulhoes Marques, 19          Salas 801/802/803 - Boa Vista - /PE",25313,2022-09-08,2022-08-26,2022-08-26,2022-09-02,2022-09-08T14:00:03,False,legado
16019505000012022,1601950512022,64284003707202235,160195,5,PREGÃO,12022,Publicado,eletronico,Nacional,ANDRE LUIZ DE SOUZA MATOS,Ordenador de Despesas do Cmne,1.0,1360.0,1360.0,,"Pregão Eletrônico A escolha da propo sta mais vantajosa para a contratação de cessão de uso a título oneroso, para exercício de ati vidade de apoio de CANTINA no Comando Militar d o Nordeste, localizado na Rod BR 232, Km 12, CE P 50950-000, Recife-PE, com prestação pecuniári a mensal equivalente ao maior lance dado pela á rea de 44,76 m² (quarenta e quatro metros quadr ados e setenta e seis centésimos), conforme con dições, quantidades e exigências estabelecidas neste Edital e seus anexos.","Br 232, Km 07 Curado - Curado/PE",25313,2022-09-15,2022-09-02,2022-09-02,2022-09-02,2022-12-12T16:27:52,False,legado
15813605000042022,1581360542022,23294000887202235,158136,5,PREGÃO,42022,Publicado,eletronico,Nacional,JOSE CARLOS DE SA JUNIOR,Reitor,1.0,152000.0,152869.64,,"Pregão Eletrônico Contratação de ser viços de manutenção no sistema de impermeabiliz ação da coberta do edifício anexo da SUDENE, co nforme condições, quantidades e exigências esta belecidas no Edital e seus anexos.","Praça Min João Gonçalves de Souza, S/n, Engenho do Meio - Engenho do Meio/PE",25313,2022-09-15,2022-09-02,2022-09-02,2022-09-02,2022-10-13T17:56:07,False,legado
51067705000622022,51067705622022,35014.320524/2022,510677,5,PREGÃO,622022,Publicado,eletronico,Nacional,JOSE ROOSEVELT ARAUJO CORREA,"Chefe da Coordenação de Orçamento, Finanças e Logística - Srne",19.0,11466.67,379220.54,,"Pregão Eletrônico O objeto da presen te licitação é a escolha da proposta mais vanta josa para a elaboração de Registro Formal de Pr eços para a contratação de serviços de ortetiza ção e protetização (não implantável), bem como preparação, adaptação e treinamento dos segurad os ao uso destes aparelhos, conforme condições, quantidades e exigências estabelecidas neste E dital e seus anexos.","Av. Dantas Barreto, Nº 300 , Sala 101, Santo Antonio - Centro/PE",25313,2022-09-19,2022-09-02,2022-09-02,2022-09-02,2022-10-19T13:54:33,False,legado
16018305000052023,1601830552023,64108001305202318,160183,5,PREGÃO,52023,Publicado,eletronico,Nacional,REGIS FERNANDO DA SILVA,Ordenaor de Despesas,44.0,,789.43,,Pregão Eletrônico Registro de preços para eventual aquisição de alimentos para aten der as necessidades nutricionais dos animais do Parque Zoobotânico de Caatinga,"Av. Cardoso de Sa, S/n - Vila Eduardo - /PE",25216,2023-03-14,2023-03-01,2023-03-01,2023-03-01,2023-04-04T14:03:28,False,legado
15518005000052023,1551800552023,23542010611202096,155180,5,PREGÃO,52023,Publicado,eletronico,Nacional,GILBERIO ITALO DE ARAUJO SANTOS,Agente de Licitação,39.0,3714.0,49573.57,,"Pregão Eletrônico Aquisição de INSUM OS PARA ANGIOGRAFIA (HEMODINÂMICA), visando sup rir as demandas dos serviços realizados no Hosp ital de Ensino Doutor Washington Antônio de Bar ros / HU-Univasf.",Av Jose de Sá Maniçoba S/n Centro - Centro/PE,25216,2023-03-13,2023-03-01,2023-03-01,2023-03-01,2023-04-17T14:45:35,False,legado
7001005000032023,700100532023,0006289-90.2021  ,70010,5,PREGÃO,32023,Publicado,eletronico,Nacional,ELIANE RODRIGUES DE CARVALHO SILVA,Pregoeira,1.0,98200.0,116903.71,,"Pregão Eletrônico Prestação de servi ços de levantamento de cargas elétricas do Préd io Sede do TRE/PE e elaboração dos Projetos Elé trico e de Cabeamento Estruturado, incluindo os as built´s da situação atual dos sistemas el étricos e de cabeamento estruturado do imóvel e o dimensionamento dos circuitos de alimentação para os novos layouts de arquitetura do 4º e 5 º pavimento até o limite de entrega nos quadros de distribuição, de acordo com as especificaçõ es do Termo de Referência.","Av. Gov. Agamenon Magalhaes, 1.160 - 4º Andar - Sala 408 - Graças/PE",25313,2023-03-15,2023-03-01,2023-03-01,2023-03-01,2023-05-23T14:08:53,False,legado
16022505000392022,16022505392022,64193003613202285,160225,5,PREGÃO,392022,Publicado,eletronico,Nacional,FELIPE GLASNER DE MAIA CHAGAS,Od Base Adm Curado,61.0,3510.0,11799.97,,Pregão Eletrônico Aquisição de de To ner e Cartuchos para Base Administrativa do Cur ado e Organizações Militares Participante do GC ALC/7,Avenida Professor Luiz Freire N° 198 - Bairro Curado - /PE,25313,2023-03-13,2023-03-01,2023-03-01,2023-03-01,2023-10-31T10:19:13,False,legado
15518005000042023,1551800542023,23542009262202221,155180,5,PREGÃO,42023,Publicado,eletronico,Nacional,THAIS CRISTINE SANTANA SERAFIM LEITE,Agente de Licitação,9.0,552.0,5165.54,,"Pregão Eletrônico Aquisição de MATER IAL MÉDICO HOSPITALAR, visando suprir as demand as dos serviços realizados no Hospital de Ensin o Doutor Washington Antônio de Barros / HU-Univ asf",Av Jose de Sá Maniçoba S/n Centro - Centro/PE,25216,2023-03-13,2023-03-01,2023-03-01,2023-03-01,2023-04-04T16:11:43,False,legado
15442105000072023,1544210572023,23402040156202210,154421,5,PREGÃO,72023,Publicado,eletronico,Nacional,GIVANILDO DOS SANTOS,Pregoeiro,20.0,3000.0,5785.27,,"Pregão Eletrônico Objetiva-se a even tual compra de Materiais Esportivos, visando su prir demandas do Colegiado acadêmico de Educaçã o Física e Prefeitura Universitária desta Unive rsidade.",Av. José de Sá Maniçoba S/nº Centro-campus Universitário Petrolina - Centro/PE,25216,2023-03-22,2023-03-01,2023-03-01,2023-03-01,2023-05-03T11:00:12,False,legado
12063205000092023,1206320592023,67223010645202140,120632,5,PREGÃO,92023,Publicado,eletronico,Nacional,RODRIGO ANTONIO SILVEIRA DOS SANTOS,Ordenador de Despesas,25.0,,128299.31,,"Pregão Eletrônico Registro de prec o s pra aquisic a o de material permanente em ger al (cafeteira, poltrona, sofa , refrigerador, d entre outros), para atender a s demandas dos De stacamentos de Controle do Espac o Ae reo subor dinados ao Terceiro Centro Integrado de Defesa Ae rea e Controle de Tra fego Ae reo (CINDATA I II).","Av Armindo Moura, 500 - Boa Viagem/PE",25313,2023-03-15,2023-03-01,2023-03-01,2023-03-01,2023-07-17T16:25:54,False,legado
12063205000102023,12063205102023,67230000322202311,120632,5,PREGÃO,102023,Publicado,eletronico,Nacional,RODRIGO ANTONIO SILVEIRA DOS SANTOS,Ordenador de Despesas,1.0,28051.82,28051.82,,"Pregão Eletrônico Cessão de uso de á rea da UNIÃO FEDERAL (PARTE DO TOMBO PE. 002-00 0 A-19 PEÁREA: 9.654,15 M2), sob a respons abilidade do COMANDO DA AERONÁUTICA (COMAER)",Av Armindo Moura - Boa Viagem/PE,25313,2023-03-15,2023-03-01,2023-03-01,2023-03-01,2023-04-10T16:02:18,False,legado
12063205000132023,12063205132023,67223013499202295,120632,5,PREGÃO,132023,Publicado,eletronico,Nacional,RODRIGO ANTONIO SILVEIRA DOS SANTOS,Ordenador de Despesas,22.0,44506.0,1275.6,,"Pregão Eletrônico Contratac a o de e mpresa especializada na prestac a o de servic o s de conserto de fechadura danificadas, substit uic a o de fechaduras, modelagens, co pia de ch aves, troca de segredo, instalac a o de cilindr os e outros servic os inerentes, confecc a o de carimbos automa ticos e de madeira e refil de carimbo, para fins de atendimento das demandas da Guarnic a o de Aerona utica de Recife (GUARN AE-RF)","Av Armindo Moura,500 - Boa Viagem/PE",25313,2023-03-16,2023-03-02,2023-03-02,2023-03-02,2023-04-28T09:35:10,False,legado
12063205000122023,12063205122023,67223009656202268,120632,5,PREGÃO,122023,Publicado,eletronico,Nacional,RODRIGO ANTONIO SILVEIRA DOS SANTOS,Ordenador de Despesas,5.0,364317.6,818489.1,,"Pregão Eletrônico Contratação de emp resa prestadora de Serviço de Telefonia Móvel P essoal (SMP), na modalidade Local, Longa Distân cia Nacional (LDN) e Longa Distância Internacio nal (LDI) e comunicação de dados através de mod ens/roteadores, bem como o fornecimento de apar elhos celulares e modens/roteadores, a serem ut ilizados na Guarnição de Aeronáutica de Recife (GUARNAE-RF), pelo período de 30 (trinta) meses , podendo ser prorrogado por igual período, até o limite de 60 (sessenta) meses.",Av Armindo Moura - Boa Viagem/PE,25313,2023-03-16,2023-03-02,2023-03-02,2023-03-02,2023-05-05T15:49:58,False,legado
16019405000022023,1601940522023,64318037114202319,160194,5,PREGÃO,22023,Publicado,eletronico,Nacional,FREDERICO GIESEN,Ordenador de Despesas,132.0,354024.0,1355.28,,Pregão Eletrônico Gêneros Alimentíci os do Quantitativo de Rancho (QR) produtos de origem vegetal.,"Av. Visconde de Sao Leopoldo, 198 - Engenho do Meio - /PE",25313,2023-03-14,2023-03-02,2023-03-02,2023-03-02,2023-11-20T15:12:22,False,legado
13501205000052023,1350120552023,21198000499202360,135012,5,PREGÃO,52023,Publicado,eletronico,Nacional,MARIA AUXILIADORA COELHO DE LIMA,Chefe Geral,2.0,7940.0,8456.0,,Pregão Eletrônico Aquisição de Pneus,Br 428 Km 152 S/n Zona Rural Caixa Postal 023 - /PE,25216,2023-03-14,2023-03-02,2023-03-02,2023-03-02,2023-03-15T15:19:18,False,legado
8000605000662022,8000605662022,23.199/2022      ,80006,5,PREGÃO,662022,Publicado,eletronico,Nacional,AURELAIDE DE SOUZA NASCIMENTO MENEZES,Pregoeira,1.0,,8016.19,,Pregão Eletrônico Serviços de acesso móvel à internet 4G/5G pelo período de 30 mese s.,"Cais do Apolo Nº 739, Bairro do Recife, Recife/pe. - /PE",25313,2023-03-15,2023-03-02,2023-03-02,2023-03-02,2023-03-20T15:07:30,False,legado
15502205000172023,15502205172023,23536025296202242,155022,5,PREGÃO,172023,Publicado,eletronico,Nacional,JOAO LUIZ CAVALCANTI MARANHAO DE ALBUQUERQUE,Chefe do Setor de Administração do Hc/ufpe - Ebserh,36.0,17835.0,3006.58,Mais informações: (81) 2126 -3939.,Pregão Eletrônico Registro de preços visando a eventual aquisição de Medicamentos G erais e Antimicrobianos para atender demanda do Hospital das Clínicas de Pernambuco Filial E bserh.,Av. Professor Moraes Rego S/n - Cidade Universitária/PE,25313,2023-03-16,2023-03-02,2023-03-02,2023-03-02,2023-05-03T11:36:42,False,legado
16018305820232023,16018305820232023,641080337572022  ,160183,5,PREGÃO,820232023,Publicado,eletronico,Nacional,REGIS FERNANDO DA SILVA,Ordenador de Despesas,1.0,,267.55,,Pregão Eletrônico Eventual contrataç ão de serviço veterinário.,"Av. Cardoso de Sa, S/n - Vila Eduardo - /PE",25216,2023-03-16,2023-03-02,2023-03-02,2023-03-02,2023-03-02T11:21:08,False,legado
7001005000062023,700100562023,0025861-95.2022  ,70010,5,PREGÃO,62023,Publicado,eletronico,Nacional,JOANA D ARC SIMOES DE BARROS,Pregoeira,5.0,6180.0,1411.9,,"Pregão Eletrônico Registro de preços para aquisição de Medalhas Do Mérito Eleitoral Frei Caneca (Categorias Ouro, Prata, Bronze e Comendador) e Medalhas Do Mérito ao Servidor El eitoral de acordo com as especificações constan tes do termo de referência (Anexo I) do Edital.","Av. Gov. Agamenon Magalhaes, 1.160 - Sala 408 - Graças/PE",25313,2023-03-16,2023-03-02,2023-03-02,2023-03-02,2023-04-10T14:05:35,False,legado
15308005000132023,15308005132023,23076047785202263,153080,5,PREGÃO,132023,Publicado,eletronico,Nacional,RODRIGO DANNIEL DA SILVA ALEXANDRE,Coordenador de Licitações,91.0,214.2,1723.78,Para mais informações: (81) 2126.8065.,"Pregão Eletrônico Registro de preços para eventual aquisição de MATERIAL DE EXPEDIE NTE para atender as necessidades da Universidad e Federal de Pernambuco (UFPE), conforme condiç ões, quantidades e exigências estabelecidas nes te Edital.","Av da Arquitetura, S/n - Cidade Univerisitária/PE",25313,2023-03-20,2023-03-02,2023-03-02,2023-03-02,2024-06-26T15:38:10,False,legado
20011305000012023,2001130512023,08654020038202230,200113,5,PREGÃO,12023,Publicado,eletronico,Nacional,MARIA LUIZA DIAS GANDRA CIRNE DE AZEVEDO,Núcleo de Contratações Públicas,9.0,445291.19,5846706.5,Para maiores informações co ntactar: nucont.pe@prf.gov.br,"Pregão Eletrônico Contratação de emp resa para prestação de serviço comum de engenha ria ou arquitetura, para fiscalização, acompanh amento, gerenciamento, supervisão e assessoram ento da Administração Pública durante a execuçã o das obras de construção de Delegacias e Unida des Operacionais da Polícia Rodoviária Federal de Pernambuco.","Av. Antonio de Goes, 820 - Pina/PE",25313,2023-03-16,2023-03-03,2023-03-03,2023-03-03,2023-07-17T15:02:11,False,legado
16022505000012023,1602250512023,64091007048202273,160225,5,PREGÃO,12023,Publicado,eletronico,Nacional,FELIPE GLASNER DE MAIA CHAGAS,Ordenador de Despesas,91.0,31063.43,10329.39,Contatos: Fone: 81-2129-663 7 ou Email: licitacao.basecurado2@gmail.com,Pregão Eletrônico Aquisição de mater iais elétricos em proveito da Base Administrati va do Curado e das Unidades Participantes GCALC /7.,Avenida Professor Luiz Freire N° 198 - Várzea/PE,25313,2023-03-15,2023-03-03,2023-03-03,2023-03-03,2024-05-08T13:33:19,False,legado
15814905000022023,1581490522023,23302100117202215,158149,5,PREGÃO,22023,Publicado,eletronico,Nacional,FRANKLIN TORRES BRANDAO,Equipe de Apoio ao Pregoeiro,6.0,44231.52,49.78,,"Pregão Eletrônico Contratação de Emp resa Especializada para Prestação de Serviço de Outsourcing de Impressão para atender as neces sidades dos Campi e Reitoria do Instituto Feder al de Educação, Ciência e Tecnologia do Sertão Pernambucano / IFSertãoPE","Rua Aristarco Lopes,nº 240- Centro - Centro/PE",25216,2023-03-16,2023-03-03,2023-03-03,2023-03-03,2023-05-03T10:16:42,False,legado
20009005000032023,2000900532023,126000602/2023-08,200090,5,PREGÃO,32023,Publicado,eletronico,Nacional,CINTHIA DE CARVALHO FEITOSA MENDONCA,Pregoeira,1.0,9900.0,11000.0,,"Pregão Eletrônico Contratação de emp resa especializada para a prestação de serviço de manutençãocorretiva doSistema SPDA (Sistemadeproteçãocontradescargas atmosféricas)do edifício-sede da Procurado ria da República em Pernambuco, sito à Av. Agam enon Magalhães, 1800, Espinheiro, Recife/PE, co nforme especificações (ANEXO I) e consoante as demais condições estatuídas no edital e seus an exos.","Av Governador Agamenon Magalhães, 1800 - Espinheiro - Espinheiro/PE",25313,2023-03-17,2023-03-03,2023-03-03,2023-03-03,2023-03-28T15:33:23,False,legado
12063202000032023,1206320232023,67614007816202231,120632,2,TOMADA DE PREÇOS,32023,Publicado,presencial,Nacional,RODRIGO ANTONIO SILVEIRA DOS SANTOS,Ordenador de Despesas,1.0,,402653.98,,"Contratação de empresa para reparar a r ede de esgoto da vila habitacional do DESTACAME NTO DE CONTROLE DO ESPAÇO AÉREO DE PORTO SEGURO (DTCEA-PS), incluindo mão de obra especializad a, bem como material necessário.",Av Armindo Moura - Boa Viagem/PE,25313,,2023-03-03,2023-03-20,2023-03-03,2023-05-31T11:17:25,False,legado
16022505000402022,16022505402022,64361014354202239,160225,5,PREGÃO,402022,Publicado,eletronico,Nacional,FELIPE GLASNER DE MAIA CHAGAS,Od Base Adm Curado,18.0,84420.0,25109.64,,Pregão Eletrônico Aquisição de Mater iais de Tecnologia da Informação.,Avenida Professor Luiz Freire N° 198 - Bairro Curado - /PE,25313,2023-03-20,2023-03-03,2023-03-03,2023-03-03,2023-11-29T07:38:34,False,legado
78360205000012023,7836020512023,63133000150202323,783602,5,PREGÃO,12023,Publicado,eletronico,Nacional,ROGERIO ALVES RIBEIRO,Ordenador de Despesas,217.0,172508.0,3549.34,,"Pregão Eletrônico Aquisição de gêner os alimentícios, visando atender às necessidade s da Escola de Aprendizes-Marinheiros de Pernam buco (EAMPE), sediada na cidade de Olinda PE.","Av. Olinda Dom Helder Camara, S/n , Complexo Salgadinho - Olinda - /PE",24910,2023-03-15,2023-03-03,2023-03-03,2023-03-03,2024-01-29T15:00:00,False,legado
25704705000102023,25704705102023,25059003336202112,257047,5,PREGÃO,102023,Publicado,eletronico,Nacional,ANTONIO DE CARVALHO SA,Agente de Saúde Pública,134.0,,8937.47,,"Pregão Eletrônico Aquisição de mater iais de construção, para construção de banheiro s para a comunidade Fulniô e dos Postos de Saúd e, nas comunidades indígenas de Brejinho etni a Pankará em Carnaubeira da Penha, Santa Helena etnia Xucuru de Cimbres em Pesqueira, Oitic ica e Estreito etnia Atikum em Carnaubeira da P enha, Mulungu etnia Atikum Salgueiro em Salguei ro, Varzinha etnia Xukuru do Ororubá, Caxoi, et nia Tuxi em Belém de São Francisco, Serrote dos Campos etnia Pankará em Itacuruba.",Av. Norte Miguel Arraes de Alencar - Macaxeira/PE,25313,2023-03-27,2023-03-03,2023-03-03,2023-03-03,2023-04-04T15:23:54,False,legado
16018305000082023,1601830582023,64108033757202288,160183,5,PREGÃO,82023,Publicado,eletronico,Nacional,REGIS FERNANDO DA SILVA,Ordenador de Despesas,1.0,53000.0,267.55,,Pregão Eletrônico Eventual contrataç ão de serviço veterinário.,"Av. Cardoso de Sa, S/n - Vila Eduardo - /PE",25216,2023-03-16,2023-03-03,2023-03-03,2023-03-03,2023-03-20T15:15:41,False,legado
17005805000052023,1700580552023,19615720002202313,170058,5,PREGÃO,52023,Publicado,eletronico,Nacional,CARLA RAFAELA DO AMARAL PINHEIRO OLIVEIRA,Chefe da Dipol04,5.0,,1513997.48,,"Pregão Eletrônico Contratação de pes soa jurídica especializada na prestação continu ada de agenciamento de viagens, compreendendo o serviço de assessoria, cotação, reserva, emiss ão, cancelamento e reembolso de bilhetes aéreos nacionais, internacionais e serviço correlato de emissão de seguro viagem para atender as nec essidades da Superintendência da Receita Federa l do Brasil na 4º Região Fiscal e Unidades juri sdicionadas.","Av. Alfredo Lisboa, 1152, 2º Andar, Bairro do Recife Antigo - /PE",25313,2023-03-16,2023-03-03,2023-03-03,2023-03-03,2023-03-20T11:07:03,False,legado
7001005000152023,7001005152023,0013495-24.2022  ,70010,5,PREGÃO,152023,Publicado,eletronico,Nacional,ELIANE RODRIGUES DE CARVALHO SILVA,Pregoeira,1.0,29298.96,48879.6,,"Pregão Eletrônico Contratação de emp resa para prestação de serviços contínuos de ma nutenção preventiva e corretiva nos componentes e sistemas mecânicos nos equipamentos de contr ole de acesso de pessoas e veículos na sede do TRE/PE e anexo, de acordo com as especificações constantes do Termo de Referência (ANEXO I) do Edital.","Av. Gov. Agamenon Magalhaes, 1.160 - 4º Andar, Sala 408 - Graças/PE",25313,2023-03-20,2023-03-03,2023-03-03,2023-03-03,2023-03-27T10:59:44,False,legado
13501205000062023,1350120562023,21198000711202399,135012,5,PREGÃO,62023,Publicado,eletronico,Nacional,MARIA AUXILIADORA COELHO DE LIMA,Chefe Geral,3.0,,86.0,,Pregão Eletrônico Formação de Regist ro de Preços para o eventual fornecimento de SE MENTES,Br 428 Km 152 S/n Zona Rural - Zona Rural/PE,25216,2023-03-15,2023-03-03,2023-03-03,2023-03-03,2023-07-24T15:16:35,False,legado
15518005000062023,1551800562023,23542000568202301,155180,5,PREGÃO,62023,Publicado,eletronico,Nacional,THAIS CRISTINE SANTANA SERAFIM LEITE,Agente de Licitação,34.0,2880.0,4365.59,,"Pregão Eletrônico O objeto da presen te licitação é a escolha da proposta mais vanta josa para registro de preços objetivando eventu al aquisição de MATERIAL DE PROTEÇÃO E SEGURANÇ A (EPI), visando suprir as demandas dos serviço s realizados no Hospital de Ensino Doutor Washi ngton Antônio de Barros / HU-Univasf.",Av Jose de Sá Maniçoba S/n Centro - /PE,25216,2023-03-15,2023-03-03,2023-03-03,2023-03-03,2023-08-04T15:15:16,False,legado
7001005000092023,700100592023,0023471-55.2022  ,70010,5,PREGÃO,92023,Publicado,eletronico,Nacional,ELIANE RODRIGUES DE CARVALHO SILVA,Pregoeira,7.0,,4892.84,,"Pregão Eletrônico Aquisição de mater ial permanente (armário, mesa, estação de traba lho, gaveteiro, quadro e suporte para televisor ), de acordo com as especificações constantes d o Termo de Referência (ANEXO I) do edital.","Av. Gov. Agamenon Magalhaes, 1.160 - 4º Andar, Sala 408 - Graças/PE",25313,2023-03-17,2023-03-03,2023-03-03,2023-03-03,2023-04-11T09:27:21,False,legado
9003105000052023,900310552023,5676-30.2022.4.05,90031,5,PREGÃO,52023,Publicado,eletronico,Nacional,FRANCISCO REIS NOGUEIRA SOBRINHO,Pregoeiro,124.0,,4736.96,"Não será permitida a subcon tratação, no todo ou em parte, do objeto deste certame licitatório.Em caso de divergência entr e as especificações técnicas do objeto descrita s no Sistema SIASG do portal Comprasgovernament ais e as descritas neste Edital, prevalecerão e stas.","Pregão Eletrônico Contratação de emp resa especializada para aquisições de materiais de consumo da área da saúde (medicina, odontol ogia e enfermagem) que compõem o Núcleo de Assi stência à Saúde do Tribunal Regional Federal da 5ª Região (Órgão Gerenciador), por meio de Sis tema de Registro de Preços (SRP)","Av. Cais do Apolo, S/n - Edf. Ministro Djaci Falcão - Bairro do Recife/PE",25313,2023-03-16,2023-03-03,2023-03-03,2023-03-03,2023-03-24T13:49:42,False,legado
92617105000052023,9261710552023,25800.005012/2022,926171,5,PREGÃO,52023,Publicado,eletronico,Nacional,MIRELLA MUZZI DE LIMA,Pregoeira,1.0,470000.0,739761.9,"Demais informações constam no Termo de Referência, anexo I do edital.",Pregão Eletrônico SERVIÇOS CONTINUOS DE DESPACHO ADUANEIROdesembaraço alfandegár io,"Rua Professor Aloísio Pessoa de Araújo, 75, Empresarial Bvc, 8º e 9º Andares. - Boa Viagem/PE",25313,2023-03-15,2023-03-03,2023-03-03,2023-03-03,2023-06-26T09:36:18,False,legado
27505705000072023,2750570572023,008              ,275057,5,PREGÃO,72023,Publicado,eletronico,Nacional,JULIANA TAVARES CORDEIRO GALVAO,Analista de Gestao - Administrador,1.0,67710.0,27.9,,"Pregão Eletrônico Eventual aquisição de papel xerográfico, para atendimento da dema nda da CBTU-STU/REC","Rua José Natário,478 - Areias - Recife - Pe. - /PE",25313,2023-03-17,2023-03-06,2023-03-06,2023-03-06,2023-04-25T15:59:24,False,legado
16019405000152023,16019405152023,64318056248202339,160194,5,PREGÃO,152023,Publicado,eletronico,Nacional,ALEXANDRE DA SILVA GALDINO,Ordenador de Despesas,33.0,,107.38,,"Pregão Eletrônico Contratação de emp resa, pelo sistema de registro de preços, para prestação dos serviços de transporte de bagagem nacional, para atendimento das necessidades do Comando da 7ª Região Militar e Organizações Mi litares subordinadas.","Av. Visconde de Sao Leopoldo, 198 - Engenho do Meio - Várzea/PE",25313,2024-01-16,2024-01-02,2024-01-02,2024-01-02,2024-02-05T13:24:09,True,legado
15518005000472023,15518005472023,23542007498202312,155180,5,PREGÃO,472023,Publicado,eletronico,Nacional,FABIA FERNANDES PINHEIRO DA COSTA LIMA,Agente de Licitações,1.0,54000.0,75935.2,,"Pregão Eletrônico Contratação de ser viços de controle de vetores e pragas urbanas ( desinsetização, desratização, descupinização, c ombate a escorpiões, desalojamento de abelhas, pombos, morcegos e afins)",Av Jose de Sá Maniçoba S/n Centro - /PE,25216,2024-01-23,2024-01-02,2024-01-02,2024-01-02,2024-02-23T09:24:01,True,legado
11009605000262023,11009605262023,00587000508202369,110096,5,PREGÃO,262023,Publicado,eletronico,Nacional,SARAH LEANDRO VALENCA REGUEIRA,Pregoeira,8.0,19476.17,84339.09,"O edital e seus anexos enco ntram-se disponíveis no Portal Nacional de Cont ratações Públicas (PNCP), no Portal de Compras do Governo Federal e no Portal da AGU, nos ende reços eletrônicos, respectivamente: https://www .gov.br/pncp/pt-br, https://www.gov.br/compras/ pt-br e https://antigo.agu.gov.br/servico/licit acao","Pregão Eletrônico Contratação de ser viços de manutenção preventiva e corretiva em a parelhos de ar condicionado e bebedouros, de forma contínua e ininterrupta, incluindo o forn ecimento de materiais e peças originais, bem co mo a utilização de equipamentos adequados e nec essários para a execução dos serviços, nas depe ndências das unidades da AdvocaciaGeral da Un ião (AGU) no estado de Alagoas (AL)","Avenida Herculano Bandeira, 716 - Pina/PE",25313,2024-01-17,2024-01-02,2024-01-02,2024-01-02,2024-02-09T12:56:33,True,legado
15518005000522023,15518005522023,23477022647202396,155180,5,PREGÃO,522023,Publicado,eletronico,Nacional,FABIA FERNANDES PINHEIRO DA COSTA LIMA,Agente de Licitações,9.0,,303.9,,Pregão Eletrônico Aquisição de mater iais gráficos,Av Jose de Sá Maniçoba S/n Centro - /PE,25216,2024-01-15,2024-01-02,2024-01-02,2024-01-02,2024-02-02T18:56:14,True,legado
17005805000222023,17005805222023,13083155496202321,170058,5,PREGÃO,222023,Publicado,eletronico,Nacional,DREYFUS DIOGENES DE LIMA,Chefe da Dipol04,4.0,30331.2,178715.52,,"Pregão Eletrônico Contratação de pre stação de serviços terceirizados sem dedicação exclusiva de mão de obra, de caráter continuado , para o fornecimento, sob demanda, de serviço de alimentação para eventos institucionais.","Av. Alfredo Lisboa, 1152, 2º Andar, Bairro do Recife Antigo - /PE",25313,2024-01-16,2024-01-02,2024-01-02,2024-01-02,2024-01-31T09:41:37,True,legado
15316505900002024,15316505900002024,23082009063202288,153165,5,PREGÃO,900002024,Publicado,eletronico,Nacional,ALEX SILVA DE SALES,Pregoeiro,7.0,,158685.74,,Pregão Eletrônico Registro de preço para eventual e futura contratação de empresa e specializada para a prestação de serviços de su porte à implantação e sustentação dos sistemas integrados de gestão (SIG-UFRN).,Rua Dom Manoel de Medeiros S/n - Dois Irmaos - /PE,25313,2024-01-17,2024-01-03,2024-01-03,2024-01-03,2024-01-17T16:33:22,True,legado
11009605900002024,11009605900002024,00587001034202372,110096,5,PREGÃO,900002024,Publicado,eletronico,Nacional,SARAH LEANDRO VALENCA REGUEIRA,Pregoeira,6.0,11472.0,91773.0,"O edital e seus anexos enco ntram-se disponíveis no Portal Nacional de Cont ratações Públicas (PNCP), no Portal de Compras do Governo Federal e no Portal da AGU, nos ende reços eletrônicos, respectivamente: https://www .gov.br/pncp/pt-br, https://www.gov.br/compras/ pt-br e https://antigo.agu.gov.br/servico/licit acao","Pregão Eletrônico Aquisição de água mineral natural, sem gás, acondicionada em garr afões plásticos retornáveis, contendo 20 litros , para atender o consumo das unidades da AGU lo calizadas nos municípios de Recife/PE, Petrolin a/PE, Aracajú/SE, Natal/RN, Mossoró/RN e Teresi na/PI","Avenida Herculano Bandeira, 716 - Pina/PE",25313,2024-01-15,2024-01-03,2024-01-03,2024-01-03,2024-01-31T15:18:37,True,legado
11461405000052023,1146140552023,03626.000165/2023,114614,5,PREGÃO,52023,Publicado,eletronico,Nacional,CARLOS ANTONIO CORREIA LIMA,Pregoeiro,5.0,,357549.75,,"Pregão Eletrônico Serviço técnico es pecializado visando à elaboração de projeto bás ico, executivo, bem como a execução de serviços (contratação integrada)","Av. Eng. Domingos Ferreira, 1097, 4º And., Bairro Boa Viagem - Boa Viagem/PE",25313,2024-04-01,2024-01-03,2024-01-03,2024-01-03,2024-01-18T15:30:51,True,legado
12063205900012024,12063205900012024,67230003852202311,120632,5,PREGÃO,900012024,Publicado,eletronico,Nacional,RODRIGO ANTONIO SILVEIRA DOS SANTOS,Ordenador de Despesas,315.0,,43720.19,,"Pregão Eletrônico Registro de prec o s para aquisic a o de material de infraestrutur a, a fim de atender a s necessidades do Grupam ento de Apoio de Recife (GAP-RF) e OM apoiadas.",Av Armindo Moura - Boa Viagem/PE,25313,2024-01-19,2024-01-05,2024-01-05,2024-01-05,2024-04-26T16:51:56,True,legado
15502205900012024,15502205900012024,23536003743202211,155022,5,PREGÃO,900012024,Publicado,eletronico,Nacional,JOAO LUIZ CAVALCANTI MARANHAO DE ALBUQUERQUE,Chefe do Setor de Administração Hc/ufpe/ebserh,1.0,1786852.92,2521168.44,Mais informações: (81) 2126 -3939,"Pregão Eletrônico Contratação de ser viço técnico especializado na execução da manut enção de equipamentos médico hospitalares, incl uindo PRESTAÇÃO DE SERVIÇOS DE MANUTENÇÃO PROGR AMADA (PREVENTIVA, CALIBRAÇÃO, VALIDAÇÃO DE PRO CESSOS, QUALIFICAÇÃO, INSPEÇÃO TÉCNICA, ANÁLISE DE SEGURANÇA ELÉTRICA) E MANUTENÇÃO CORRETIVA, COM INCLUSÃO DE PEÇAS E SERVIÇOS ESPECIALIZADO S QUANDO NECESSÁRIO, TREINAMENTO DE OPERADORES E APOIO AO GERENCIAMENTO DE EQUIPAMENTOS MÉDICO HOSPITALARES (EMH)",Av. Professor Moraes Rego S/n - Cidade Universitária/PE,25313,2024-01-25,2024-01-05,2024-01-05,2024-01-05,2024-04-10T14:15:10,True,legado
11009605900012024,11009605900012024,00587000082202343,110096,5,PREGÃO,900012024,Publicado,eletronico,Nacional,SARAH LEANDRO VALENCA REGUEIRA,Pregoeira,13.0,94775.28,1868442.84,"O edital e seus anexos enc ontram-se disponíveis no Portal Nacional de Con tratações Públicas (PNCP), no Portal de Compra s do Governo Federal e no Portal da AGU, nos en dereços eletrônicos, respectivamente: https:// www.gov.br/pncp/pt-br, https://www.gov.br/compr as/pt-br e https://antigo.agu.gov.br/servico/l icitacao","Pregão Eletrônico Contratação de emp resa para prestação de serviços contínuos d e manutenção predial preventiva e corretiva, com dedicação exclusiva de mão de obra, b em como serviços eventuaissob demanda, pa ra atender às necessidades das unidades da Advocacia Geral da União situadas nos esta dos de Pernambuco e do Rio Grande do Nort e","Avenida Herculano Bandeira, 716 - Pina/PE",25313,2024-01-22,2024-01-08,2024-01-08,2024-01-08,2024-02-05T12:21:27,True,legado
9003105900022024,9003105900022024,12130-89.2023.4.0,90031,5,PREGÃO,900022024,Publicado,eletronico,Nacional,FRANCISCO REIS NOGUEIRA SOBRINHO,Pregoeiro,1.0,84999.0,106333.33,"Não será permitida a subcon tratação, no todo ou em parte, do objeto deste certame licitatório.Em caso de divergência entr e as especificações deste objeto descritas no h ttp://www.gov.br/compras e as especificações té cnicas constantes deste Edital, estas prevalece rão.",Pregão Eletrônico Contratação de emp resa especializada para realização de serviço d e blindagem em veículo automotor do Tribunal Re gional Federal da 5ª Região.,"Av. Cais do Apolo, S/n - Edf. Ministro Djaci Falcão - Recife Antigo/PE",25313,2024-01-23,2024-01-08,2024-01-08,2024-01-08,2024-01-31T14:39:24,True,legado
16019105000062023,1601910562023,64215007454202373,160191,5,PREGÃO,62023,Publicado,eletronico,Nacional,ANTONIO MARCOS SANTOS MORAES,Ordenador de Despesas,6.0,28490.64,92439.84,Em acordo com edital e anex os,Pregão Eletrônico Contratação de Sol ução de Tecnologia da Informação e Comunicação de Impressão Corporativa (Outsourcing de Impres são),"Av. 17 de Agosto, 1020 - Casa Forte - Casa Forte/PE",25313,2024-01-22,2024-01-08,2024-01-08,2024-01-08,2024-03-11T16:33:11,True,legado
7001005000522023,7001005522023,0015545-86.2023  ,70010,5,PREGÃO,522023,Publicado,eletronico,Nacional,WILLAMS DE LUCENA ALVES,Pregoeiro,1.0,22400.0,46312.0,,"Pregão Eletrônico Aquisição de água mineral em garrafão de 20 litros a fim de atend er às demandas das unidades do TRE/PE para o ex ercício de 2024, abrangendo verba ordinária e d e eleições, de acordo com as especificações con stantes do Termo de Referência (ANEXO I) do Edi tal.","Av. Gov. Agamenon Magalhaes, 1.160, 4º Andar, Sala 408 - Graças/PE",25313,2024-01-23,2024-01-09,2024-01-09,2024-01-09,2024-01-25T08:35:32,True,legado
7001005000462023,7001005462023,0007946-96.2023  ,70010,5,PREGÃO,462023,Publicado,eletronico,Nacional,ELIANE RODRIGUES DE CARVALHO SILVA,Pregoeira,3.0,27999.84,109203.99,,"Pregão Eletrônico Contratação de emp resa para prestação de serviços de manutenção p reventiva e corretiva dos grupos geradores dies el do edifício-sede do TRE-PE, do Anexo do Entr oncamento e do QG Bongi, incluindo serviços de plantão e emergência, com fornecimento de mater iais, combustível e equipamentos necessários à prestação dos serviços.","Av. Gov. Agamenon Magalhaes, 1.160 - 4ºandar - Graças/PE",25313,2024-01-25,2024-01-09,2024-01-09,2024-01-09,2024-03-11T14:33:32,True,legado
16019905000392023,16019905392023,64583015617202301,160199,5,PREGÃO,392023,Publicado,eletronico,Nacional,CARLOS FREDERICO DE AZEVEDO PIRES,Ordenador de Despesas,6.0,,34.82,"Ocorrendo possíveis divergê ncias entre a descrição do item contido neste T ermo e a descrição vinculada ao código do mater ial no sistema Comprasnet(CATMAT), prevalecerá a descrição contida no Anexo I do Edital -Termo de Referência.","Pregão Eletrônico Registro de Preços para eventual aquisição de insumos laboratoria is com disponibilização de equipamento de autom ação através de comodato, visando atender às ne cessidades do Laboratório de Análises Clínicas no setor da COAGULAÇÃO, para atender as necessi dades do Hospital Militar de Área de Recife.","Rua do Hospício, 563 - Boa Vista - Boa Vista/PE",25313,2024-01-24,2024-01-12,2024-01-12,2024-01-12,2024-02-29T13:39:47,True,legado
12063205900022024,12063205900022024,67230007376202315,120632,5,PREGÃO,900022024,Publicado,eletronico,Nacional,RODRIGO ANTONIO SILVEIRA DOS SANTOS,Ordenador de Despesas,14.0,,1605.04,,Pregão Eletrônico Registro de prec o s para aquisic a o de ga s liquefeito de petro leo (GLP) para atender ao Grupamento de Apoio d e Recife (GAP-RF) e Organizac o es Militares ap oiadas.,Av Armindo Moura - Boa Viagem/PE,25313,2024-01-25,2024-01-12,2024-01-12,2024-01-12,2024-01-30T16:36:40,True,legado
15518005000552023,15518005552023,23542005375202258,155180,5,PREGÃO,552023,Publicado,eletronico,Nacional,GILBERIO ITALO DE ARAUJO SANTOS,Agente de Licitação,1.0,899994.99,1184434.97,,"Pregão Eletrônico Contratação de emp resa, com dedicação exclusiva de mão de obra, p ara prestação de serviço contínuo na área de En genharia Clínica para realização de serviços de manutenção preventiva e corretiva (com substit uição de peças por demanda), calibração, qualif icação, validação, testes de segurança elétrica e auxílio no gerenciamento de equipamentos méd ico-assistenciais em todas as Unidades Físicas e Anexos do HU-Univasf.",Av Jose de Sá Maniçoba S/n Centro - Centro/PE,25216,2024-02-02,2024-01-12,2024-01-12,2024-01-12,2024-02-20T08:46:47,True,legado
11009605900022024,11009605900022024,00587000643/2023 ,110096,5,PREGÃO,900022024,Publicado,eletronico,Nacional,ROSICLEIDE ALEXANDRE DA SILVA,Pregoeira,2.0,96764.13,106217.11,"O edital e seus anexos enco ntram-se disponíveis no Portal Nacional de Cont ratações Públicas (PNCP), no Portal de Compras do Governo Federal e no Portal da AGU, nos end ereços eletrônicos, respectivamente: https://ww w.gov.br/pncp/pt-br, https://www.gov.br/compras /pt-br e https://antigo.agu.gov.br/servico/lici tacao","Pregão Eletrônico Contratação de ser viços de segurança eletrônica com instalação, m anutenção preventiva e corretiva, incluindo a r eposição de peças e suporte técnico do sistema para atender às necessidades da Advocacia-Geral da União AGU na cidade de Petrolina, no esta do de Pernambuco","Avenida Herculano Bandeira, 716 - Pina/PE",25313,2024-01-26,2024-01-12,2024-01-12,2024-01-12,2024-02-02T15:59:49,True,legado
16019405000172023,16019405172023,64318063437202368,160194,5,PREGÃO,172023,Publicado,eletronico,Nacional,ALEXANDRE DA SILVA GALDINO,Ordenador de Despesas,296.0,,108709.13,,Pregão Eletrônico Contratação de emp resa para prestação do serviço comum de engenha ria de manutenção predial do Comando da 7 Regiã o Militar e Organizações Militares subordinadas .,"Av. Visconde de Sao Leopoldo, 198 - Engenho do Meio - Várzea/PE",25313,2024-01-29,2024-01-15,2024-01-15,2024-01-15,2024-03-07T14:26:45,True,legado
15442105000472023,15442105472023,23402019646202257,154421,5,PREGÃO,472023,Publicado,eletronico,Nacional,LUIZ CARLOS PINTO RIBEIRO,Pregoeiro,4.0,293367.94,1830321.66,,Pregão Eletrônico Contratação de emp resa para prestação de serviços de SEGURO TOTAL para os veículos oficiais pertencentes ao Proj eto de Integração do Rio São Francisco/PISF.,Av.jose de Sa Maniçoba S/n Centro-campus Universitário Petrolina - Centro/PE,25216,2024-01-29,2024-01-15,2024-01-15,2024-01-15,2024-02-19T16:41:03,True,legado
20009105000112020,20009105112020,6000003343/201994,200091,5,PREGÃO,112020,Publicado,eletronico,Nacional,ANA CAROLINA LIMA VIEIRA,Procuradora-chefe,1.0,,251088.1,,"Pregão Eletrônico Contratação de emp resa de engenharia para recuperação do piso do estacionamento (Subsolo, G1 e G2) no imóvel da Procuradoria Regional do Trabalho da 6ª Região.","Rua Conselheiro Portela, Nº 531 - Espinheiro/PE",25313,2020-08-14,2020-08-03,2020-08-03,2020-08-03,2020-07-30T16:12:04,False,legado
16019105000022020,1601910522020,64215002099202001,160191,5,PREGÃO,22020,Publicado,eletronico,Nacional,ALEXANDRE LUCKEMEYER MACHADO CARRION,Ordenador de Despesas,126.0,107312.5,5923.41,,Pregão Eletrônico Aquisição de Mater ial de Limpeza para o GCALC,"Av. 17 de Agosto, 1020 - Casa Forte - Casa Forte/PE",25313,2020-08-13,2020-08-03,2020-08-03,2020-08-03,2021-10-15T09:31:18,False,legado
07001005000442020,7001005442020,0036671-37.2019  ,70010,5,PREGÃO,442020,Publicado,eletronico,Nacional,ELIANE RODRIGUES DE CARVALHO SILVA,Pregoeira,8.0,25960.0,4565.4,,"Pregão Eletrônico Registro de Preços para eventual aquisição de mobiliário em geral (madeira e aço), de acordo com as especificaçõ es constantes do Termo de Referência (ANEXO I) do edital.","Av. Gov. Agamenon Magalhaes, 1.160 - Gracas - 4º Andar - Sala 408 - Graças/PE",25313,2020-08-19,2020-08-03,2020-08-03,2020-08-03,2020-09-23T11:10:36,False,legado
20009005000172020,20009005172020,126002287/2020-01,200090,5,PREGÃO,172020,Publicado,eletronico,Nacional,SARA DANIELA SANTOS MAMEDE,Pregoeira,4.0,61820.0,77738.6,,"Pregão Eletrônico Contratação de emp resa especializada para fornecimento de diverso s aparelhos de ar condicionado, tipo Split, a f im de atender às necessidades da Procuradoria d a República em Pernambuco, conforme especificaç ões (ANEXO I) e consoante as demais condições e statuídas neste edital e seus anexos.","Av Governador Agamenon Magalhães, 1800 - Espinheiro - Espinheiro/PE",25313,2020-08-14,2020-08-03,2020-08-03,2020-08-03,2020-08-26T13:46:42,False,legado
07001005000342020,7001005342020,0027656-44.2019  ,70010,5,PREGÃO,342020,Publicado,eletronico,Nacional,CRISTIANE KOZIKOWSKI PACHECO NOCKO,Pregoeira,2.0,59100.0,85366.66,,"Pregão Eletrônico Aquisição de licen ças de software de backup para o CPD, de acordo com as especificações técnicas e as condições constantes do Termo de Referência (ANEXO ÚNICO) do Edital.","Av. Gov. Agamenon Magalhaes, 1.160 - Gracas, 4 Andar Sala 408 - Graças/PE",25313,2020-08-18,2020-08-03,2020-08-03,2020-08-03,2020-09-11T15:53:03,False,legado
15308005000262020,15308005262020,23076.020450/2020,153080,5,PREGÃO,262020,Publicado,eletronico,Nacional,RODRIGO DANNIEL DA SILVA ALEXANDRE,Coordenador de Licitações,3.0,16146.0,113.97,Mais informações: 81 2126-8 065,"Pregão Eletrônico O objeto da presen te licitação é a escolha da proposta mais vanta josa para a aquisição de MARAVALHA PINUS, para atender as necessidades da Universidade Federal de Pernambuco, conforme condições, quantidades e exigências estabelecidas neste Edital e seus anexos.","Av.prof.moraes Rego,1235 - Cidade Universitaria - Recife - Cidade Universitária/PE",25313,2020-08-18,2020-08-03,2020-08-03,2020-08-03,2020-12-29T19:57:07,False,legado
12063205000372020,12063205372020,67437.005326/2020,120632,5,PREGÃO,372020,Publicado,eletronico,Nacional,ISAAC CORDEIRO DA FONSECA NETO,Ordenador de Despesas,33.0,,15998.12,,"Pregão Eletrônico Registro de preços para a aquisição de material médico-hospitalar , para fins de enfrentamento da emergência de saúde pública de importância internacional deco rrente do novo coronavírus, causador da COVID-1 9, para atender as necessidades do Hospital de aeronáutica de Recife","Av Maria Irene, S/n - Jordão/PE",25313,2020-08-11,2020-08-04,2020-08-04,2020-08-04,2021-04-05T13:42:00,False,legado
15518005000182020,15518005182020,23542008496201956,155180,5,PREGÃO,182020,Publicado,eletronico,Nacional,GILBERIO ITALO DE ARAUJO SANTOS,Agente de Licitação,36.0,1215.15,9160.26,,Pregão Eletrônico Aquisição de Equip amentos de Proteção Individual (EPI) e Equipame ntos de Proteção Coletiva (EPC),Av Jose de Sá Maniçoba S/n Centro - /PE,25216,2020-08-14,2020-08-04,2020-08-04,2020-08-04,2020-11-23T14:56:55,False,legado
12063205000272020,12063205272020,67437.005171/2020,120632,5,PREGÃO,272020,Publicado,eletronico,Nacional,ISAAC CORDEIRO DA FONSECA NETO,Ordenador de Despesas,4.0,,2.86,,Pregão Eletrônico Aquisição de nutri ção parenteral manipulada.,"Av Maria Irene, S/n - Jordão/PE",25313,2020-08-14,2020-08-04,2020-08-04,2020-08-04,2020-09-18T13:55:13,False,legado
20009005000182020,20009005182020,126002314/2020-37,200090,5,PREGÃO,182020,Publicado,eletronico,Nacional,SARA DANIELA SANTOS MAMEDE,Pregoeira,1.0,,13079.5,,"Pregão Eletrônico Contratação de emp resa especializada para fornecimento de mobiliá rio para o Refeitório da PRPE, conforme especif icações (ANEXO I) e consoante as demais condiçõ es estatuídas no edital e seus anexos.","Av Governador Agamenon Magalhães, 1800 - Espinheiro - Espinheiro/PE",25313,2020-08-18,2020-08-05,2020-08-05,2020-08-05,2020-09-01T13:36:16,False,legado
15502205000932020,15502205932020,23536007091202013,155022,5,PREGÃO,932020,Publicado,eletronico,Nacional,ALBERTO JOSE LOPES DE MENDONCA,Chefe de Setor de Administração,1.0,404949.6,420.14,,Pregão Eletrônico Registro de preços visando a eventual aquisição de Kit dialisador com cessão de equipamentos em regime de comoda to para o Hospital das Clínicas de Pernambuco Filial Ebserh.,Av. Professor Moraes Rego S/n - Cidade Universitária/PE,25313,2020-08-25,2020-08-05,2020-08-05,2020-08-05,2020-12-28T14:31:39,False,legado
15518005000092020,1551800592020,23542001672202062,155180,5,PREGÃO,92020,Publicado,eletronico,Nacional,SAULO ALVES DAVID,Agente de Licitações,5.0,655000.0,825000.0,,"Pregão Eletrônico Contratação de emp resa especializada na prestação de serviços com plementares de imagem para o diagnóstico e tera pia nas especialidades de neurologia e vascular , eventualmente, com uso de dispositivos médico implantáveis para os pacientes atendidos pelo Hospital de Ensino Dr. Washington Antônio de Ba rros HU-UNIVASF.",Av Jose de Sá Maniçoba S/n Centro - /PE,25216,2020-08-26,2020-08-05,2020-08-05,2020-08-05,2020-10-08T15:39:43,False,legado
15502205000882020,15502205882020,23536019319201988,155022,5,PREGÃO,882020,Publicado,eletronico,Nacional,ALBERTO JOSE LOPES DE MENDONCA,Chefe Interino do Setor de Administração do Hc/ufpe - Ebserh,48.0,210.0,7417.04,Mais informações: (81) 2126 -3939.,Pregão Eletrônico Registro de preços visando a eventual aquisição de Material para o Serviço de Anatomia Patológica do Hospital da s Clínicas de Pernambuco Filial Ebserh.,Av. Professor Moraes Rego S/n - Cidade Universitária/PE,25313,2020-08-17,2020-08-05,2020-08-05,2020-08-05,2020-12-02T16:01:38,False,legado
16019105000062020,1601910562020,64215004402202001,160191,5,PREGÃO,62020,Publicado,eletronico,Nacional,ALEXANDRE LUCKEMEYER MACHADO CARRION,Ordenador de Despesas,56.0,7978.8,34015.48,,Pregão Eletrônico Eventual contrataç ão de serviço de manutenção de máquinas e equip amentos.,"Av. 17 de Agosto, 1020 - Casa Forte/PE",25313,2020-08-17,2020-08-05,2020-08-05,2020-08-05,2020-11-24T13:35:18,False,legado
15502205000892020,15502205892020,23536010617202042,155022,5,PREGÃO,892020,Publicado,eletronico,Nacional,ALBERTO JOSE LOPES DE MENDONCA,Chefe Interino do Setor de Administração do Hc/ufpe - Ebserh,2.0,18240.0,43.09,Mais informações: (81) 2126 -3939.,Pregão Eletrônico Registro de preços visando a eventual aqusição de Esterilizantes para o Serviço de Nefrologia do Hospital das Cl ínicas de Pernambuco Filial Ebserh.,Av. Professor Moraes Rego S/n - Cidade Universitária/PE,25313,2020-08-18,2020-08-05,2020-08-05,2020-08-05,2020-12-16T18:07:01,False,legado
11009605000102020,11009605102020,00587.000560/2020,110096,5,PREGÃO,102020,Publicado,eletronico,Nacional,SARAH LEANDRO VALENCA,Pregoeira,3.0,581000.1,705199.8,O edital e seus anexos enco ntram-se disponíveis nos portais: www.comprasgo vernamentais.gov.br e www.agu.gov.br,"Pregão Eletrônico Contratação de ser viços, sob demanda, de manutenção predial preve ntiva e corretiva, para atender às necessidades da Advocacia Geral da União situada nos esta dos de Sergipe e Rio Grande do Norte","Avenida Herculano Bandeira, 716 - Pina - Recife/pe - Pina/PE",25313,2020-08-18,2020-08-05,2020-08-05,2020-08-05,2020-12-14T13:45:30,False,legado
25501705000032020,2550170532020,25225001559201961,255017,5,PREGÃO,32020,Publicado,eletronico,Nacional,MARCELO CAVALCANTI DE MENDONCA E SILVA,Pregoeiro,5.0,543016.96,581894.88,,"Pregão Eletrônico O objeto da presen te licitação é a escolha da proposta mais vanta josa para a contratação de empresa especializad a para a prestação de serviços continuados e co m dedicação exclusiva de mão de obra de técnico em secretariado, auxiliar administrativo, rece pcionista, telefonista e copeiro, para atender as necessidades da Superintendência Estadual da FUNASA de Pernambuco, conforme condições, quan tidades e exigências estabelecidas neste Edital e seus anexos.","Av.conselheiro Rosa e Silva Nr 1489, Bairro Aflitos - /PE",25313,2020-11-13,2020-11-03,2020-11-03,2020-11-03,2020-12-29T17:26:01,False,legado
11321105000062020,1132110562020,01351000325202027,113211,5,PREGÃO,62020,Publicado,eletronico,Nacional,DIEGO REMERSON MARTINS DA SILVA,Pregoeiro,47.0,2056.05,5094.6614,,Pregão Eletrônico Aquisição de equip amentos de proteção individual EPIs para prof issionais e alunos do Centro regional de Ciênci as Nucleares do Nordeste CRCN-NE.,"Av. Luis Freire, 200 - Cidade Universitária - Várzea/PE",25313,2020-11-13,2020-11-03,2020-11-03,2020-11-03,2020-12-22T20:04:55,False,legado
13501205000082020,1350120582020,21198.001493/2020,135012,5,PREGÃO,82020,Publicado,eletronico,Nacional,PEDRO CARLOS GAMA DA SILVA,Chefe Geral,270.0,4555.8,53112.6,,Pregão Eletrônico Aquisiçao de Vidra rias e outros materiais de Laboratorio,Br 428 Km 152 S/n Zona Rural Caixa Postal 023 - /PE,25216,2020-11-13,2020-11-03,2020-11-03,2020-11-03,2020-11-30T11:20:04,False,legado
15518005000352020,15518005352020,23542011046202084,155180,5,PREGÃO,352020,Publicado,eletronico,Nacional,GILBERIO ITALO DE ARAUJO SANTOS,Agente de Licitação,12.0,8320.0,150908.84,,"Pregão Eletrônico Eventual aquisição de bens permanentes de tecnologia da informaçã o: Equipamentos de Videoconferência, Webcam, He adset, Passador de Slide, Tablets, Suporte para Tablets, Televisor e No-break.",Av Jose de Sá Maniçoba S/n Centro - /PE,25216,2020-11-13,2020-11-03,2020-11-03,2020-11-03,2020-12-29T12:43:49,False,legado
34300503000012020,3430050312020,01498001465201833,343005,3,CONCORRÊNCIA,12020,Publicado,presencial,Nacional,RENATA DUARTE BORBA,Superintendente do Iphan/pe,1.0,,3811172.26,,"Contratação de empresa especializada pa ra execução dos serviços de Conservação e Resta uração dos Bens Móveis e Integrados da Igreja d o Santíssimo Sacramento Matriz de Santo Antônio , em Recife-PE, em regime de empreitada por pre ço global, conforme especificações constantes do Projeto Básico (Anexo I) e demais anexos des te Edital.","Av. Oliveira Lima, 824 - Boa Vista/PE",25313,,2020-11-03,2020-12-09,2020-11-03,2020-11-20T10:59:30,False,legado
15518005000392020,15518005392020,23542010271202001,155180,5,PREGÃO,392020,Publicado,eletronico,Nacional,GILBERIO ITALO DE ARAUJO SANTOS,Agente de Licitação,10.0,,646761.12,,"Pregão Eletrônico Aquisição de EQUIP AMENTOS, FERRAMENTAS E VEÍCULO a serem utilizad os no HU/UNIVASF",Av Jose de Sá Maniçoba S/n Centro - /PE,25216,2020-11-13,2020-11-03,2020-11-03,2020-11-03,2020-12-18T11:31:34,False,legado
16018305000102020,16018305102020,64108011597202054,160183,5,PREGÃO,102020,Publicado,eletronico,Nacional,WESLEY CASTRO SILVA,Ordenador de Despesas Substituto,6.0,,3455.42,,"Pregão Eletrônico Registro de preços para eventual contratação dos serviços de loca ção de veículos (Van, Micro-ônibus e Ônibus).","Av. Cardoso de Sa, S/n - Vila Eduardo - /PE",25216,2020-11-13,2020-11-03,2020-11-03,2020-11-03,2020-11-16T15:10:30,False,legado
15518005000372020,15518005372020,23542010675202097,155180,5,PREGÃO,372020,Publicado,eletronico,Nacional,GILBERIO ITALO DE ARAUJO SANTOS,Agente de Licitação,55.0,50.3,1638.2652,,Pregão Eletrônico Aquisição de MATER IAIS DE CONSUMO LABORATORIAL para utilização e realização de exames laboratoriais de Análises Clínicas e Anatomia Patológica.,Av Jose de Sá Maniçoba S/n Centro - /PE,25216,2020-11-13,2020-11-03,2020-11-03,2020-11-03,2020-12-11T15:02:34,False,legado
16018305000022020,1601830522020,64108004597202006,160183,5,PREGÃO,22020,Publicado,eletronico,Nacional,WESLEY CASTRO SILVA,Ordenador de Despesas Substituto,75.0,,26428.66,,"Pregão Eletrônico Eventual contrataç ão de empresa especializada em prestação de ser viços de manutenção preventiva e corretiva de v eículos automotores e equipamentos, com forneci mento de peças, componentes e acessórios novos, genuínos e/ou originais.","Av. Cardoso de Sa, S/n - Vila Eduardo - Vila Eduardo/PE",25216,2020-11-16,2020-11-03,2020-11-03,2020-11-03,2020-12-01T11:22:07,False,legado
16002305000092020,1600230592020,64408003482202010,160023,5,PREGÃO,92020,Publicado,eletronico,Nacional,JOAO SOUZA DE SA FILHO,Ordenador de Despesas,5.0,,35521.53,,Pregão Eletrônico Aquisição de Mater iais de Tecnologia da Informação e Comunicação (TIC),"Rod. Pe 180, Km 5 - São Bento do Una - Pe - /PE",25593,2020-11-16,2020-11-03,2020-11-03,2020-11-03,2021-04-05T14:31:19,False,legado
12063205000782020,12063205782020,67437005902202035,120632,5,PREGÃO,782020,Publicado,eletronico,Nacional,MARCELO FERREIRA PASCOAL,Ordenador de Despesas Delegado,2.0,91480.0,244861.2,,"Pregão Eletrônico Contratação de emp resa especializada para prestação de serviço de realização de exames laboratoriais pcr em temp o real para o vírus influenza AH1N1 e PCR em tempo real para o coronavírus COVID-19 (SARS-C oV-2), com a disponibilização dos insumos neces sários à coleta das amostras biológicas e a rea lização do transporte das amostras entre o Hosp ital de Aeronáutica de Recife (HARF) e o local onde os exames serão realizados",Av Centenário Alberto Santos Dumont - Jordão Baixo/PE,25313,2020-11-16,2020-11-04,2020-11-04,2020-11-04,2020-12-15T17:39:58,False,legado
12063205000732020,12063205732020,67437000110202074,120632,5,PREGÃO,732020,Publicado,eletronico,Nacional,MARCELO FERREIRA PASCOAL,Ordenador de Despesas Delegado,91.0,1392.0,144036.7,,"Pregão Eletrônico Aquisição de medic amentos quimioterápicos, para atender as necess idades do Hospital de Aeronáutica de Recife (HA RF).",Av Centenário Alberto Santos Dumont - Jordão/PE,25313,2020-11-16,2020-11-04,2020-11-04,2020-11-04,2021-09-16T10:13:24,False,legado
15827805000042020,1582780542020,23303000026202009,158278,5,PREGÃO,42020,Publicado,eletronico,Nacional,PATRICIA RIBEIRO DOS SANTOS,Pregoeira,9.0,,1083.11,,Pregão Eletrônico Aquisição de ração animal para o Instituto Federal do Sertão Pern ambucano Itens Remanescentes do Pregão SRP Nº 03/2020 UASG 158278 Campus Petrolina Zona Rural,Rod. Br 235 Km 22 S/n Proj. Sen N4 Proj. S/n Coelho Nº 4 - /PE,25216,2020-11-16,2020-11-04,2020-11-04,2020-11-04,2021-05-21T09:37:42,False,legado
07001005000352021,7001005352021,0022049-16.2020  ,70010,5,PREGÃO,352021,Publicado,eletronico,Nacional,LILIAN RAFAELI DUTRA SILVEIRA,Pregoeira,1.0,201780.0,454404.0,,"Pregão Eletrônico Contratação de pes soa jurídica para a prestação de serviços técni cos em tecnologia da informação, para execução continuada de atividades de Suporte Técnico Rem oto (Suporte Técnico de 1º nível Service Desk ) aos usuários internos de Tecnologia da Inform ação e Comunicação (TIC) do Tribunal Regional E leitoral de PernambucoTRE-PE, de acordo com as especificações constantes do Termo de Referê ncia (ANEXO I do Edital).","Av. Gov. Agamenon Magalhaes, 1.160 - Gracas, 4º Andar, Sala 408 - Gracas/PE",25313,2021-07-14,2021-07-01,2021-07-01,2021-07-02,2021-07-28T14:52:11,False,legado
15442105000112021,15442105112021,23402015396202014,154421,5,PREGÃO,112021,Publicado,eletronico,Nacional,LUIZ CARLOS PINTO RIBEIRO,Pregoeiro,1.0,43628.0,756561.5,,"Pregão Eletrônico O objeto da presen te licitação é contratação de seguridade dos ve ículos pertencentes à UNIVASF e Projetos Instit ucionais, mediante contratação de empresa segur adora que atue no mercado nacional.",Av.jose de Sa Maniçoba S/n Centro-campus Universitário Petrolina - Centro/PE,25216,2021-07-15,2021-07-02,2021-07-02,2021-07-02,2021-07-16T12:51:21,False,legado
12063205000552021,12063205552021,67437007079202001,120632,5,PREGÃO,552021,Publicado,eletronico,Nacional,ALEXANDRE SILVA DOS SANTOS,Ordenador de Despesas Delegado,231.0,,23117.79,,Pregão Eletrônico Registro de prec o s para aquisic a o de material me dico-hospital ar para atender a s necessidades do Hospital de Aerona utica de Recife.,Av Centenário Alberto Santos Dumont - Jordão/PE,25313,2021-07-14,2021-07-02,2021-07-02,2021-07-02,2021-07-09T08:57:59,False,legado
78370205000142021,78370205142021,63066002364202112,783702,5,PREGÃO,142021,Publicado,eletronico,Nacional,CASSIO DE SOUZA SANTOS,Ordenador de Despesas,43.0,,2027.84,,Pregão Eletrônico Aquisição de medic amentos e materiais de saúde para enfrentamento à pandemia do COVID-19 na UTI e em Enfermarias do Hospital Naval de Recife.,"Avenida Cruz Cabuga, 1.200       Santo Amaro - /PE",25313,2021-07-08,2021-07-02,2021-07-02,2021-07-02,2021-08-16T14:58:24,False,legado
78370205000062021,7837020562021,63066000820202190,783702,5,PREGÃO,62021,Publicado,eletronico,Nacional,CASSIO DE SOUZA SANTOS,Ordenador de Despesas,3.0,310000.0,660000.0,,"Pregão Eletrônico Contratação de Ser viço de Contratação de empresa especializada na prestação de serviços contínuos de Engenharia Clínica, utilizando software dedicado de Gestã o de Engenharia Clínica, para manutenção preven tiva e corretiva com substituição de peças e se rviços especializados quando necessário, calibr ação, teste de segurança elétrica e apoio ao ge renciamento de equipamentos Médico-Assistenciai s (Médico-Hospitalar, Odontológicos, Laboratori ais, Biomédicos e de Saúde), in","Avenida Cruz Cabuga, 1.200       Santo Amaro - /PE",25313,2021-07-14,2021-07-01,2021-07-01,2021-07-02,2021-08-25T11:11:43,False,legado
15502205001032021,155022051032021,23536003227202105,155022,5,PREGÃO,1032021,Publicado,eletronico,Nacional,JOAO LUIZ CAVALCANTI MARANHAO DE ALBUQUERQUE,Chefe do Setor de Administração Hc Ufpe Ebserh,95.0,53.55,8168.62,Mais informações: (81) 2126 -3939.,Pregão Eletrônico Registro de preços visando a eventual aquisição de Materiais para o Serviço de Anatomia Patológica do Hospital d as Clínicas de Pernambuco,Av. Professor Moraes Rego S/n - Cidade Universitária/PE,25313,2021-07-13,2021-07-01,2021-07-01,2021-07-02,2021-09-30T16:10:06,False,legado
07001005000202021,7001005202021,0002562-26.2021  ,70010,5,PREGÃO,202021,Publicado,eletronico,Nacional,ELIANE RODRIGUES DE CARVALHO SILVA,Pregoeira,5.0,,4097.59,,"Pregão Eletrônico Registro de Preços para eventual aquisição de material permanente , de acordo com as especificações constantes do Termo de Referência (ANEXO I) do edital.","Av. Gov. Agamenon Magalhaes, 1.160 - Gracas - Graças/PE",25313,2021-07-15,2021-07-01,2021-07-01,2021-07-02,2021-08-03T13:48:46,False,legado
51067705000072021,5106770572021,35014192598202031,510677,5,PREGÃO,72021,Publicado,eletronico,Nacional,ALBERTO MAGALHAES ROMA,Chefe Divofl - Sriv - Substituto,1.0,16059.0,16060.0,,"Pregão Eletrônico Contratação de emp resa de Engenharia e Manutenção especializada p ara executar serviços de assistência técnica em caráter contínuo de manutenção preventiva, cor retiva e preditiva de um elevador social, da ma rca Vertline, sem dedicação exclusiva de mão de obra e equipe não residente, com fornecimento eventual de peças e componentes novos, originai s/genuínos e/ou similares de qualidade equivale nte, conforme condições, quantidades e exigênci as estabelecidas em edital.","Av. Dantas Barreto, 300 - Santo Antônio/PE",25313,2021-07-14,2021-07-01,2021-07-01,2021-07-02,2021-07-20T15:59:18,False,legado
08000605000092021,800060592021,7746/21          ,80006,5,PREGÃO,92021,Publicado,eletronico,Nacional,AURELAIDE DE SOUZA NASCIMENTO MENEZES,Pregoeira,27.0,20000.0,217.47,,Pregão Eletrônico Aquisição de mater ial gráfico e promocional para a gestão de 2021 /2022.,"Cais do Apolo Nº 739, Bairro do Recife, Recife/pe. - /PE",25313,2021-07-15,2021-07-02,2021-07-02,2021-07-02,2021-10-15T09:56:27,False,legado
15502205001042021,155022051042021,23536008376202152,155022,5,PREGÃO,1042021,Publicado,eletronico,Nacional,JOAO LUIZ CAVALCANTI MARANHAO DE ALBUQUERQUE,Chefe do Setor de Administração do Hc/ufpe - Ebserh,38.0,,2415.69,Mais informações: (81) 2126 -3939.,Pregão Eletrônico Registro de preços visando a eventual aquisição de Medicamentos A ntimicrobianos para o Hospital das Clínicas de Pernambuco,Av. Professor Moraes Rego S/n - Cidade Universitária/PE,25313,2021-07-20,2021-07-02,2021-07-02,2021-07-02,2021-09-24T13:15:48,False,legado
39302905001812021,393029051812021,50604000952202135,393029,5,PREGÃO,1812021,Publicado,eletronico,Nacional,EDUARDO DA COSTA PEREIRA DE OLIVEIRA,Pregoeiro,15.0,12861.39,22294.8,,"Pregão Eletrônico Contratação de emp resa especializada na prestação de serviços de dedetização para o controle sanitário, integrad o no combate a pragas urbanas, englobando: desr atização, desinsetização, maribondos inclusive, descupinização, a serem realizados na Sede e n as Unidades Locais do DNIT no estado de Pernamb uco, localizadas nas cidades de Arcoverde, Caru aru, Petrolina e Salgueiro, em todas as áreas e specificadas no Termo de Referência (ANEXO I).","Av.antonio de Gois, 820 Bairro Pina - Recife - /PE",25313,2021-07-16,2021-07-02,2021-07-02,2021-07-02,2021-07-27T11:45:26,False,legado
09000905000122021,9000905122021,15242520214057500,90009,5,PREGÃO,122021,Publicado,eletronico,Nacional,MARCOS ANTONIO CABRAL DA SILVA,Pregoeiro,12.0,199.2,50.55,,Pregão Eletrônico Registro de Preços de Material de Expediente III,"Av. Recife, 6250. Jiquiá . Recife Pe - Jiquiá/PE",25313,2021-07-22,2021-07-02,2021-07-02,2021-07-02,2021-08-13T12:13:52,False,legado
15442105000082021,1544210582021,23402025692202023,154421,5,PREGÃO,82021,Publicado,eletronico,Nacional,LUIZ CARLOS PINTO RIBEIRO,Pregoeiro,2.0,3820.0,5661.11,,"Pregão Eletrônico Objetiva-se a comp ra de Poltronas de Auditório, visando suprir a demanda do Colegiado de Medicina-PAV, da Univas f.",Av.jose de Sa Maniçoba S/n Centro-campus Universitário Petrolina - Centro/PE,25216,2021-07-29,2021-07-05,2021-07-05,2021-07-05,2021-09-03T16:37:44,False,legado
15308005000142021,15308005142021,23076011519202133,153080,5,PREGÃO,142021,Publicado,eletronico,Nacional,RODRIGO DANNIEL DA SILVA ALEXANDRE,Coordenador de Licitações,22.0,10030.0,3193.93,Mais informações: (81)21268065,"Pregão Eletrônico Registro de Preços para eventual aquisição através de empresa esp ecializada no fornecimento com instalação de PE RSIANAS, CORTINAS E PELÍCULAS, para atender as necessidades da UFPE.","Av. da Arquitetura, S/n - Cidade Universitária/PE",25313,2021-07-16,2021-07-05,2021-07-05,2021-07-05,2022-02-09T11:44:46,False,legado
12063205000612021,12063205612021,67223002271202199,120632,5,PREGÃO,612021,Publicado,eletronico,Nacional,ALEXANDRE SILVA DOS SANTOS,Ordenador de Despesas Delegado,219.0,,11231.44,,Pregão Eletrônico Aquisic a o de mat erial de limpeza e descarta veis.,Av Centenário Alberto Santos Dumont - Jordao/PE,25313,2021-07-19,2021-07-05,2021-07-05,2021-07-05,2021-07-22T10:00:52,False,legado
09000905000132021,9000905132021,15805820214057500,90009,5,PREGÃO,132021,Publicado,eletronico,Nacional,MARCOS ANTONIO CABRAL DA SILVA,Pregoeiro,15.0,235.8,127.32,,Pregão Eletrônico Registro de Preços de Material de Expediente IV,"Av. Recife, 6250. Jiquiá . Recife Pe - Jiquiá/PE",25313,2021-07-27,2021-07-05,2021-07-05,2021-07-05,2021-10-22T18:38:25,False,legado
92666505000032021,9266650532021,008              ,926665,5,PREGÃO,32021,Publicado,eletronico,Nacional,POLIANA BRAGA DE ANDRADE VIEIRA,Pregoeira,4.0,35268.0,30961.76,,"Pregão Eletrônico Contratação de ser viços de telefonia fixa (digital e analógica) e de link de internet dedicada e banda larga, co nforme condições, quantidades e exigências esta belecidas neste Edital e seus anexos.","Av. Conselheiro Rosa e Silva, 2175, Jaqueira - /PE",25313,2021-07-19,2021-07-05,2021-07-05,2021-07-05,2021-07-26T12:28:37,False,legado
15442105000162021,15442105162021,23402009872202068,154421,5,PREGÃO,162021,Publicado,eletronico,Nacional,LUIZ CARLOS PINTO RIBEIRO,Pregoeiro,2.0,198000.0,1250.0,,"Pregão Eletrônico O objeto da presen te licitação é a escolha da proposta mais vanta josa para a contratação de empresa produtora es pecializada para operação dos estúdios audiovis uais da Secretaria de Educação a Distância SE AD e da RTV Caatinga, destinada a produção de v ídeos e podcasts com conteúdos educacionais par a veiculação e transmissão ao vivo (streaming) para portal web, em canais da internet, intrane t, TVs e rádios Parceiras, redes sociais existe ntes e que ainda venham a ser criadas.",Av.jose de Sa Maniçoba S/n Centro-campus Universitário Petrolina - Centro/PE,25216,2021-07-26,2021-07-05,2021-07-05,2021-07-05,2021-11-10T10:01:54,False,legado
16019905000042021,1601990542021,64583006795202171,160199,5,PREGÃO,42021,Publicado,eletronico,Nacional,MARIA SANDRA ANDRADE,Ordenadora de Despesas,256.0,,6958.09,A descrição válida dos iten s é a mesma que consta no termo de referencia.,"Pregão Eletrônico Registro de preços para Aquisição de produtos para saúde, produto s médico hospitalares MMH-1-Gcalc, para o Hospi tal Militar de Área de Recife e órgãos particip antes.","Rua do Hospício, 563 - Boa Vista - Boa Vista/PE",25313,2021-07-15,2021-07-05,2021-07-05,2021-07-05,2022-09-20T10:43:42,False,legado
51067705000172021,51067705172021,35014.121630/2021,510677,5,PREGÃO,172021,Publicado,eletronico,Nacional,MARCOS DE BRITO CAMPOS JUNIOR,Superintendente Regional,1.0,22470.0,22470.0,,"Pregão Eletrônico O objeto da presen te licitação é a escolha da proposta mais vanta josa para a aquisição de ÁGUA MINERAL em garraf ões de 20 litros (somente o líquido), com entre ga parcelada e sucessiva, para a Gerência Execu tiva em Juazeiro/BA, conforme condições, quanti dades e exigências estabelecidas neste Edital e seus anexos.","Av Adolfo Viana, Sn, - Maria Gorete/BA",25313,2021-07-20,2021-07-05,2021-07-05,2021-07-05,2021-07-20T15:57:03,False,legado
16022505000122021,16022505122021,64361004145202104,160225,5,PREGÃO,122021,Publicado,eletronico,Nacional,MARCOS WAGNER RODRIGUES MONTEIRO,Ordenador de Despesas,51.0,1055705.0,7581.3,,Pregão Eletrônico Aquisição de mater iais para cercamento para a Base Administrativa do Curado e OMs vinculadas,Avenida Professor Luiz Freire N° 198 - Bairro Curado - /PE,25313,2021-07-15,2021-07-05,2021-07-05,2021-07-05,2022-07-05T15:49:42,False,legado
15442105000142021,15442105142021,23402017870202123,154421,5,PREGÃO,142021,Publicado,eletronico,Nacional,LUIZ CARLOS PINTO RIBEIRO,Pregoeiro,7.0,7175.0,51.7,,"Pregão Eletrônico Objetiva-se a comp ra de materiais Pincéis, cartuchos e ponta para reposição.",Av.jose de Sa Maniçoba S/n Centro-campus Universitário Petrolina - Centro/PE,25216,2021-08-12,2021-08-02,2021-08-02,2021-08-02,2021-11-10T10:01:23,False,legado
07001005000442021,7001005442021,0002566-63.2021  ,70010,5,PREGÃO,442021,Publicado,eletronico,Nacional,ANA KAROLINA DE FARIAS FREITAS,Pregoeira,4.0,71500.0,9298.18,,"Pregão Eletrônico Registro de Preços para eventual aquisição de aparelhos de ar-con dicionado, tipo ""SPLITS HI-Wall"", de acordo com as especificações constantes do Termo de Refer ência (ANEXO I do Edital).","Av. Gov. Agamenon Magalhaes, 1.160 - 4ºandar, Sala 408 - Graças/PE",25313,2021-08-17,2021-08-02,2021-08-02,2021-08-02,2021-09-09T13:27:52,False,legado
16019105000012021,1601910512021,64215002412202184,160191,5,PREGÃO,12021,Publicado,eletronico,Nacional,ALLAN DE ALMEIDA SERRAO,Ordenador de Despesa,125.0,126066.13,132088.49,,Pregão Eletrônico Aquisição de mater ial permanente.,"Av. 17 de Agosto, 1020 - Casa Forte - /PE",25313,2021-08-12,2021-08-02,2021-08-02,2021-08-02,2022-08-08T15:53:29,False,legado
15502205001142021,155022051142021,23536008261202168,155022,5,PREGÃO,1142021,Publicado,eletronico,Nacional,JOAO LUIZ CAVALCANTI MARANHAO DE ALBUQUERQUE,Chefe do Setor de Administração do Hc/ufpe - Ebserh,89.0,550.0,18397.55,Mais informações: (81) 2126 -3939.,Pregão Eletrônico Registro de preços visando a eventual aquisição de Materiais dive rsos I para Laboratório (Bacteriologia) para o Hospital das Clínicas de Pernambuco,Av. Professor Moraes Rego S/n - Cidade Universitária/PE,25313,2021-08-12,2021-08-02,2021-08-02,2021-08-02,2021-09-27T13:54:32,False,legado
16019905000332021,16019905332021,64583004869202135,160199,5,PREGÃO,332021,Publicado,eletronico,Nacional,MARIA SANDRA ANDRADE,Ordenadora de Despesas,162.0,,3605357.63,"Em caso de divergência, a d escrição válida dos itens é a que consta no TER MO DE REFERÊNCIA.","Pregão Eletrônico Registro de Preços para Aquisição de Equipamentos Médicos, Odonto lógicos e Hospitalares (material permanente do Planejamento Anual das Atividades do Sistema de Saúde do Exército PAASSEx para o ano de 2022 , do Hospital Militar de Área de Recife).","Rua do Hospício, 563 - Boa Vista - Boa Vista/PE",25313,2021-08-12,2021-08-02,2021-08-02,2021-08-02,2022-04-18T10:57:51,False,legado
16019905000342021,16019905342021,64583010528202107,160199,5,PREGÃO,342021,Publicado,eletronico,Nacional,MARIA SANDRA ANDRADE,Ordenadora de Despesas,264.0,1600.0,137766.6,"Ocorrendo possíveis divergê ncias entre a descrição do item contido neste T ermo e a descrição vinculada ao código do mater ial no sistema Comprasnet(CATMAT), prevalecerá a descrição contida no Termo de Referência.","Pregão Eletrônico Registro de Preço para Aquisição de Instrumentais Cirúrgicos e Eq uipamentos Ortopédicos (material de consumo de uso duradouro e permanente do Planejamento Anua l das Atividades do Sistema de Saúde do Exércit o PAASSEx para o ano de 2022, do Hospital Mil itar de Área de Recife).","Rua do Hospício, 563 - Boa Vista - Boa Vista/PE",25313,2021-08-12,2021-08-02,2021-08-02,2021-08-02,2022-08-03T09:35:17,False,legado
13501205000102021,13501205102021,21198000951202121,135012,5,PREGÃO,102021,Publicado,eletronico,Nacional,PEDRO CARLOS GAMA DA SILVA,Chefe Geral,41.0,160.0,5911.54,,Pregão Eletrônico Formação do regist ro de preços para a eventual aquisição de FERTI LIZANTES e DEFENSIVOS AGRÍCOLAS.,Br 428 Km 152 S/n Zona Rural Caixa Postal 023 - Zona Rural/PE,25216,2021-08-12,2021-08-02,2021-08-02,2021-08-02,2021-08-20T18:05:50,False,legado
08000605000062021,800060562021,7484/2021        ,80006,5,PREGÃO,62021,Publicado,eletronico,Nacional,FABIANO ANTONIO MARQUES GUEDES DA CRUZ FILHO,Pregoeiro,4.0,600.0,189.89,,"Pregão Eletrônico Serviço de emissão de certificados digitais, fornecimento de Mídi a Criptográfica do tipo token USB para armazena mento de certificado digital, com capacidade mí nima de memória de 72KB e suporte a chaves de 2 048 bits e visitas técnicas para emissão dos ce rtificados digitais.","Cais do Apolo Nº 739, Bairro do Recife, Recife/pe. - /PE",25313,2021-08-13,2021-08-02,2021-08-02,2021-08-02,2021-10-11T14:09:09,False,legado
15502205001152021,155022051152021,23536003864202173,155022,5,PREGÃO,1152021,Publicado,eletronico,Nacional,JOAO LUIZ CAVALCANTI MARANHAO DE ALBUQUERQUE,Chefe do Setor de Administração Hc Ufpe Ebserh,23.0,4980.0,6575.69,Mais informações: (81) 2126 -3939.,Pregão Eletrônico Registro de preços visando a eventual aquisição de Material Cirúr gico para atender demanda do Hospital das Clíni cas de Pernambuco Filial Ebserh.,Av. Professor Moraes Rego S/n - Cidade Universitária/PE,25313,2021-08-13,2021-08-02,2021-08-02,2021-08-02,2021-12-06T14:51:53,False,legado
34400205000162021,34400205162021,559/2020-10      ,344002,5,PREGÃO,162021,Publicado,eletronico,Nacional,ALLAN JONES FARIAS DE ARAUJO,Diretor de Planejamento e Administração,250.0,10773.4,13703.3507,,"Pregão Eletrônico O objeto da presen te licitação é a escolha da proposta mais vanta josa para a aquisição de materiais de marcenari a, hidráulica, alvenaria e pintura, a serem uti lizados nos Campi da Fundação Joaquim Nabuco, c onforme condições, quantidades e exigências est abelecidas neste Edital e seus anexos.","Av. 17 de Agosto, 2187 - Casa_forte - /PE",25313,2021-08-18,2021-08-03,2021-08-03,2021-08-03,2021-09-27T11:52:53,False,legado
15518005000392021,15518005392021,23542007868202141,155180,5,PREGÃO,392021,Publicado,eletronico,Nacional,GILBERIO ITALO DE ARAUJO SANTOS,Agente de Licitação,49.0,32400.0,38816.75,,Pregão Eletrônico Aquisição de Dispo sitivos Médicos Hospitalares (DMI/OPME) para at endimento das demandas cirúrgicas do Hospital d e Ensino da Universidade Federal do Vale do São Francisco.,Av Jose de Sá Maniçoba S/n Centro - Centro/PE,25216,2021-08-13,2021-08-03,2021-08-03,2021-08-03,2021-09-08T14:39:27,False,legado
15502205001162021,155022051162021,23536006561202111,155022,5,PREGÃO,1162021,Publicado,eletronico,Nacional,JOAO LUIZ CAVALCANTI MARANHAO DE ALBUQUERQUE,Chefe do Setor de Administração Hc Ufpe Ebserh,14.0,,41160.58,Mais informações: (81) 2126 -3939.,Pregão Eletrônico Registro de preços visando a eventual aquisição de MMH Cardiolo gia Intervencionista para atender demanda do Ho spital das Clínicas de Pernambuco Filial Ebse rh.,Av. Professor Moraes Rego S/n - Cidade Universitária/PE,25313,2021-08-17,2021-08-03,2021-08-03,2021-08-03,2021-11-03T08:28:59,False,legado
15668705000012021,1566870512021,23082.012370/2021,156687,5,PREGÃO,12021,Publicado,eletronico,Nacional,CARLOS WILLIAN FERREIRA DE ARAUJO,Pregoeiro,2.0,83772.54,110114.48,,"Pregão Eletrônico O objeto da presen te licitação é a Aquisição de fonte de alimenta ção ininterrupta, tipo Nobreak que irá assegura r a estabilidade e a segurança dos equipamentos que servirão para a reestruturação das Tecnolo gias de informação e Comunicação da Universidad e Federal do Agreste de Pernambuco","Av.bom Pastor, S/n, Bairro Boa   Vista - Garanhuns - Pe - /PE",24198,2021-08-16,2021-08-03,2021-08-03,2021-08-03,2021-08-26T12:35:25,False,legado
07001005000422021,7001005422021,0000177082021    ,70010,5,PREGÃO,422021,Publicado,eletronico,Nacional,LILIAN RAFAELI DUTRA SILVEIRA,Pregoeira,1.0,479001.6,1066003.2,,"Pregão Eletrônico Prestação de servi ços de tecnologia da informação e comunicação n a área de desenvolvimento e sustentação de sist emas de informação, sob demanda, mediante orden s de serviço dimensionadas por Horas de Serviço Técnico (HST), de acordo com as especificações constantes do Termo de Referência (ANEXO I) e demais condições estabelecidas no Edital e seus anexos.","Av. Gov. Agamenon Magalhaes, 1.160 - Gracas, 4º Andar, Sala 408 - Gracas/PE",25313,2021-08-17,2021-08-03,2021-08-03,2021-08-03,2021-09-08T14:08:05,False,legado
17005802000012021,1700580212021,19615720503202138,170058,2,TOMADA DE PREÇOS,12021,Publicado,presencial,Nacional,DREYFUS DIOGENES DE LIMA,Chefe da Selic04,1.0,367630.43,572184.51,,"Contratação de Pessoa Jurídica do ramo de engenharia ou arquitetura para elaboração de Projeto Básico Completo de Reforma, incluindo a Sondagem Geológica e Levantamento Topográfico /Planialtimétrico do terreno, do prédio público da Delegacia da Receita Federal do Brasil em C aruaru, localizado na Praça Pedro de Souza, 100 , B, Nossa Senhora das Dores, constituído do pr édio principal e seus anexos (área do terreno i gual a 1.293,12 m², área construída de 1.1747,9 5m²)","Rua Frei Caneca, 152 A. 1º Andar - Mauricio de Nassau/PE",25313,,2021-08-03,2021-09-03,2021-08-03,2022-01-03T15:17:37,False,legado
11321105000022021,1132110522021,01351000484402021,113211,5,PREGÃO,22021,Publicado,eletronico,Nacional,DIEGO REMERSON MARTINS DA SILVA,Pregoeiro,84.0,1760.0,26328.362,,Pregão Eletrônico Aquisição de mater iais especializados de uso em laboratórios do C RCN-NE.,"Av. Luis Freire, 200 - Cidade Universitária - Várzea/PE",25313,2021-08-16,2021-08-03,2021-08-03,2021-08-03,2021-11-24T10:16:19,False,legado
78370205000202021,78370205202021,63066003023202164,783702,5,PREGÃO,202021,Publicado,eletronico,Nacional,CASSIO DE SOUZA SANTOS,Ordenador de Despesas,24.0,7877.0,1119.82,,Pregão Eletrônico Aquisição de medic amentos e materiais para enfrentamento à pandem ia do COVID-19.,"Avenida Cruz Cabuga, 1.200       Santo Amaro - /PE",25313,2021-08-11,2021-08-04,2021-08-04,2021-08-04,2021-08-25T13:56:50,False,legado
17005505000082021,1700550582021,13623101810202130,170055,5,PREGÃO,82021,Publicado,eletronico,Nacional,JOSE BERNARDO DA SILVA,Chefe Sisup/drl/sra/pe,5.0,543120.15,610826.4,,"Pregão Eletrônico Contratação de emp resa especializada para a prestação de serviços continuados e com dedicação exclusiva de mão d e obra de recepcionista, telefonista, secretári a de nível médio, auxiliar de carga e descarga e auxiliar de manutenção predial para atender a s necessidades da Superintendência Regional do Trabalho em Pernambuco SRTb/PE, conforme cond ições, quantidades e exigências estabelecidas n o Edital e seus Anexos.","Av. Alfredo Lisboa, 1168 - Bairro do Recife/PE",25313,2021-08-16,2021-08-04,2021-08-04,2021-08-04,2021-09-01T09:10:55,False,legado
16022505000172021,16022505172021,64361004526202185,160225,5,PREGÃO,172021,Publicado,eletronico,Nacional,MARCOS WAGNER RODRIGUES MONTEIRO,Ordenador de Despesas,11.0,295650.0,13414.12,Edital disponível também no site www.baadmcurado.eb.mil.br.,Pregão Eletrônico Contratação de ser viço de controle de pragas e manuteção de reser vatório de água para base administrativa do Cur ado e OM vinculadas.,"Avenida Professor Luiz Freire, N° 198 - Várzea/PE",25313,2021-08-16,2021-08-04,2021-08-04,2021-08-04,2022-07-15T11:10:28,False,legado
16018305000212021,16018305212021,64108014928202199,160183,5,PREGÃO,212021,Publicado,eletronico,Nacional,ERICSON ANTONIO SILVEIRA MACIEL,Ordenador de Despesas,2.0,34.0,34.83,,Pregão Eletrônico Cessão de uso de b em público para exercício de atividade de apoio de barbearia.,"Av. Cardoso de Sa, S/n - Vila Eduardo - /PE",25216,2021-08-17,2021-08-04,2021-08-04,2021-08-04,2021-08-23T14:50:07,False,legado
51067705000222021,51067705222021,35014125353202180,510677,5,PREGÃO,222021,Publicado,eletronico,Nacional,JOSE ROOSEVELT ARAUJO CORREA,"Chefe Ddivisão de Orçamento, Finanças e Logística",1.0,,10272544.56,,"Pregão Eletrônico Contratação dos se rviços de segurança e vigilância patrimonial a serem executados nas dependências das unidades vinculadas às Gerências Executivas em RECIFE, C ARUARU, GARANHUNS, PETROLINA e unidades vincula das, nos imóveis indicados no Apêndice ""A"" dos Estudos Técnicos Preliminares, anexo ao Termo d e Referência.","Av. Dantas Barreto, Nº 300 , Sala 101, Santo Antonio - Santo Antônio/PE",25313,2021-08-18,2021-08-04,2021-08-04,2021-08-04,2022-03-08T15:37:24,False,legado
16019905000202021,16019905202021,64583007471202151,160199,5,PREGÃO,202021,Publicado,eletronico,Nacional,MARIA SANDRA ANDRADE,Ordenadora de Despesas,1.0,3410599.92,3552000.0,"Ocorrendo possíveis divergê ncias entre a descrição do item contido neste T ermo e a descrição vinculada ao código do mater ial no sistema Comprasnet(CATMAT), prevalecerá a descrição contida no Termo de Referência.","Pregão Eletrônico Contratação de emp resa especializada na prestação de serviço forn ecimento em regime de comodato de 01 (um) equip amento de Ressonância Magnética, com adequação do local e dedicação de mão de obra especializa da.","Rua do Hospício, 563 - Boa Vista - Boa Vista/PE",25313,2021-08-19,2021-08-04,2021-08-04,2021-08-04,2021-10-05T12:15:18,False,legado
15502205001172021,155022051172021,23536003947202162,155022,5,PREGÃO,1172021,Publicado,eletronico,Nacional,JOAO LUIZ CAVALCANTI MARANHAO DE ALBUQUERQUE,Chefe do Setor de Administração Hc Ufpe Ebserh,85.0,,121432.15,Mais informações: (81) 2126 -3939.,"Pregão Eletrônico Registro de preços visando a eventual aquisição de Material Médic o Hospitalar Órteses e Próteses, com cessão d e Equipamentos e Instrumentais, para o Hospital das Clínicas de Pernambuco",Av. Professor Moraes Rego S/n - Cidade Universitária/PE,25313,2021-08-18,2021-08-04,2021-08-04,2021-08-04,2021-09-30T11:26:30,False,legado
08000605000192021,8000605192021,10.570/2021      ,80006,5,PREGÃO,192021,Publicado,eletronico,Nacional,FABIANO ANTONIO MARQUES GUEDES DA CRUZ FILHO,Pregoeiro,3.0,785.26,1.67,,"Pregão Eletrônico Serviços de contro le de vetores e pragas urbanas Saúde Ambienta l desinsetização, desinfestação, desratização e desalojamento de morcegos e escorpiões, em f unção da demanda, para os imóveis e instalações do TRT6 e suas unidades descentralizadas.","Cais do Apolo Nº 739, Bairro do Recife, Recife/pe. - /PE",25313,2021-08-18,2021-08-04,2021-08-04,2021-08-04,2021-08-31T15:33:06,False,legado
17005805000112021,17005805112021,19615721625202141,170058,5,PREGÃO,112021,Publicado,eletronico,Nacional,DREYFUS DIOGENES DE LIMA,Chefe da Selic04,2.0,,2391.45,,Pregão Eletrônico Contratação de emp resa para prestação de serviços continuados de telefonia móvel e linhas de dados para tráfego na internet com a finalidade de suprir necessid ade da Superintendência Regional da Receita Fed eral do Brasil na 4ª Região Fiscal e Unidades j urisdicionadas.,"Av. Alfredo Lisboa, 1152, 2º Andar, Bairro do Recife Antigo - /PE",25313,2021-08-17,2021-08-05,2021-08-05,2021-08-05,2022-01-20T14:08:05,False,legado
15518005000412021,15518005412021,23542007136202151,155180,5,PREGÃO,412021,Publicado,eletronico,Nacional,JORGE ALBERTO SANTANA DE JESUS,Agente de Licitação,4.0,11725.0,325.25,,Pregão Eletrônico Aquisição de itens de Enxoval Hospitalar ( Roupa Privativa Hospi talar),Av Jose de Sá Maniçoba S/n Centro - Centro/PE,25216,2021-08-17,2021-08-05,2021-08-05,2021-08-05,2021-09-08T14:50:13,False,legado
15502205001402021,155022051402021,23536009720202121,155022,5,PREGÃO,1402021,Publicado,eletronico,Nacional,JOAO LUIZ CAVALCANTI MARANHAO DE ALBUQUERQUE,Chefe do Setor de Administração Hc Ufpe Ebserh,7.0,465845.5,468795.5,Mais informações: (81) 2126 -3939.,"Pregão Eletrônico Aquisição de Insum os laboratoriais Bacteriologia incluída a c essão de equipamentos compatíveis em regime de comodato, para o Hospital das Clínicas de Perna mbucoFilial da EBSERH",Av. Professor Moraes Rego S/n - Cidade Universitária/PE,25313,2021-10-14,2021-10-01,2021-10-01,2021-10-01,2021-10-20T17:22:21,False,legado
92666505000042021,9266650542021,0024             ,926665,5,PREGÃO,42021,Publicado,eletronico,Nacional,POLIANA BRAGA DE ANDRADE VIEIRA,Pregoeira,5.0,31859.79,62822.6,"Havendo divergências entres os itens dispostos no ComprasNET e os constan tes do Termo de Referência, prevalecerá o dispo sto neste último para todos os fins de direito .","Pregão Eletrônico Equipamentos de in formática, a saber: servidor, licenças e nobrea k.","Av. Conselheiro Rosa e Silva, 2175, Jaqueira - Jaqueira/PE",25313,2021-10-18,2021-10-01,2021-10-01,2021-10-01,2021-11-11T09:27:40,False,legado
09000905000322021,9000905322021,38392620214057500,90009,5,PREGÃO,322021,Publicado,eletronico,Nacional,MARCOS ANTONIO CABRAL DA SILVA,Pregoeiro,11.0,950.0,97.83,,Pregão Eletrônico Registro de Preços de Material de Marcenaria I,"Av. Recife, 6250. Jiquiá . Recife Pe - Jiquiá/PE",25313,2021-10-14,2021-10-01,2021-10-01,2021-10-01,2021-10-21T11:11:19,False,legado
16020105000022021,1602010522021,64329000768202104,160201,5,PREGÃO,22021,Publicado,eletronico,Nacional,BRUNO BEZERRA DE MELO,Ordenador de Despesas,1.0,1886999.37,1955979.37,,"Pregão Eletrônico Contratação de uma única empresa especializada para execução do s erviço de manutenção das fachadas dos blocos A, B, C e Emergência do Hospital Militar de área de Recife (HMAR).","Av Norte, 245 - Santo Amaro/PE",25313,2021-10-15,2021-10-04,2021-10-04,2021-10-04,2021-11-29T11:23:09,False,legado
09003105000392021,9003105392021,7547-32.2021.4.05,90031,5,PREGÃO,392021,Publicado,eletronico,Nacional,FRANCISCO REIS NOGUEIRA SOBRINHO,Pregoeiro,16.0,7566.0,136235.28,"Não será permitida a subcon tratação, no todo ou em parte, do objeto deste certame licitatório.Em caso de divergência entr e as especificações técnicas do objeto descrita s no Sistema SIASG do portal Comprasgovernament ais e as descritas neste Edital, prevalecerão e stas.","Pregão Eletrônico Aquisição de estab ilizadores de tensão de 1kVA e de 2kVA, frigoba res, aparelhos telefônicos analógicos, bebedour os, ventiladores, televisores e fornos de micro -ondas, para o Tribunal Regional Federal da 5ª Região.","Av. Cais do Apolo, S/n - Ed. Min. Djaci Falcão - Bairro do Recife/PE",25313,2021-10-18,2021-10-04,2021-10-04,2021-10-04,2022-02-02T13:39:07,False,legado
16018505000032021,1601850532021,64132005606202151,160185,5,PREGÃO,32021,Publicado,eletronico,Nacional,WILSON DA ROSA CAMPOS,Ordenador de Despesas,229.0,12739.1,17240.79,,Pregão Eletrônico Aquisição de mater ial hidráulico para atender as necessidades das Organizações Militares integrantes do GCALC/Re cife.,"Rua São Miguel, Nr 898 - Afogados - /PE",25313,2021-10-15,2021-10-04,2021-10-04,2021-10-04,2022-09-23T09:32:07,False,legado
17005505000112021,17005505112021,19739129142202194,170055,5,PREGÃO,112021,Publicado,eletronico,Nacional,JOSE BERNARDO DA SILVA,Chefe Sisup/drl/sra/pe,2.0,730924.95,974566.59,,"Pregão Eletrônico Contratação de emp resa especializada para executar os serviços co muns de engenharia no edifício sede da Superint endência Regional de Administração do Ministéri o da Economia no Estado de Pernambuco -SRA/PE p ara que seja viável a acomodação da Superintend ência de Patrimônio da União em Pernambuco -SPU /PE no 3º andar e a realocação dos servidores d a SRA/PE hoje no 3º andar para o Térreo, 2º e 4 ºandares, conforme condições, quantidades e exi gências estabelecidas neste Edital.","Av. Alfredo Lisboa, 1168 - Bairro do Recife/PE",25313,2021-10-15,2021-10-04,2021-10-04,2021-10-04,2021-11-16T14:35:28,False,legado
16019905000252021,16019905252021,64583009455202101,160199,5,PREGÃO,252021,Publicado,eletronico,Nacional,MARIA SANDRA ANDRADE,Ordenadora de Despesas,93.0,,9428.44,"Ocorrendo possíveis divergê ncias entre a descrição do item contido neste T ermo e a descrição vinculada ao código do mater ial no sistema Comprasnet(CATMAT), prevalecerá a descrição contida no Termo de Referência.",Pregão Eletrônico Registro de Preços para Aquisição de Materiais de Consumo de uso Odontológico para o Hospital Militar de Área de Recife e Órgãos participantes GCALC.,"Rua do Hospício, 563 - Boa Vista - Boa Vista/PE",25313,2021-10-18,2021-10-04,2021-10-04,2021-10-04,2021-10-18T09:19:43,False,legado
19500205000072021,1950020572021,59530001356202158,195002,5,PREGÃO,72021,Publicado,eletronico,Nacional,AURIVALTER CORDEIRO PEREIRA DA SILVA,Superintendente Regional   3a Sr,2.0,1490000.0,1108.49,Os interessados ficam desde já notificados da necessidade de acessarem os sítios www.codevasf.gov.br e www.gov.br/compras /pt-br para ciência das eventuais alterações e esclarecimentos.,"Pregão Eletrônico Constituição de Si stema de Registro de PreçosSRP para o fornec imento, carga e transporte de Kits de Irrigação Familiar por gotejamento e reservatórios para atendimento de diversas localidades, no âmbito da 3ª Superintendência Regional da CODEVASF, no Estado de Pernambuco.","Rua Presidente Dutra, 160 - Centro/PE",25216,2021-10-18,2021-10-04,2021-10-04,2021-10-04,2021-12-15T15:38:41,False,legado
15518005000572021,15518005572021,23542008707202175,155180,5,PREGÃO,572021,Publicado,eletronico,Nacional,ERICK SOARES RIBEIRO PATRIOTA,Agente de Licitação,20.0,,172080.79,,Pregão Eletrônico Aquisição de equip amentos para iniciar a montagem da estrutura da Biblioteca e o Laboratório de Simulação Realís tica.,Av Jose de Sá Maniçoba S/n Centro - Centro/PE,25216,2021-10-15,2021-10-04,2021-10-04,2021-10-04,2021-10-28T20:04:20,False,legado
15502205001412021,155022051412021,23536015999202181,155022,5,PREGÃO,1412021,Publicado,eletronico,Nacional,JOAO LUIZ CAVALCANTI MARANHAO DE ALBUQUERQUE,Chefe do Setor de Administração Hc Ufpe Ebserh,14.0,,11.9,Mais informações: (81) 2126 -3939.,Pregão Eletrônico Registro de preços visando a eventual aquisição de Materiais para Coleta de Sangue para o Hospital das Clínicas de Pernambuco,Av. Professor Moraes Rego S/n - Cidade Universitária/PE,25313,2021-10-18,2021-10-05,2021-10-05,2021-10-05,2021-11-26T14:25:48,False,legado
27505705000102021,27505705102021,014              ,275057,5,PREGÃO,102021,Publicado,eletronico,Nacional,SAVYO DOS SANTOS SOUZA,Analista de Gestão,3.0,77600.0,7928.0,Conforme termo de referênci a.,Pregão Eletrônico Eventual aquisição de amortecedores verticais das suspensões prim ária e secundária da frota de TUE CAF da CBTU-S TU/REC,"Rua José Natário,478 - Areias - Recife - Pe. - /PE",25313,2021-10-18,2021-10-05,2021-10-05,2021-10-05,2021-10-28T14:40:29,False,legado
15518005000532021,15518005532021,23542009840202149,155180,5,PREGÃO,532021,Publicado,eletronico,Nacional,JORGE ALBERTO SANTANA DE JESUS,Agente de Licitação,19.0,21285.0,2440467.0567,,Pregão Eletrônico Aquisição de Bens Permanentes: equipamentos médico-hospitalares e laboratoriais,Av Jose de Sá Maniçoba S/n Centro - Centro/PE,25216,2021-10-18,2021-10-05,2021-10-05,2021-10-05,2021-12-13T19:24:08,False,legado
25704705000192022,25704705192022,25059001191202115,257047,5,PREGÃO,192022,Publicado,eletronico,Nacional,ANTONIO DE CARVALHO SA,Agente de Saúde Pública,1.0,149899.92,211111.78,,"Pregão Eletrônico Contratação de emp resa especializada na prestação de serviços de instalação de gabinetes odontológicos, manutenç ão preventiva, corretiva reparadora total de to dos os equipamentos odontológicos, sendo esta ú ltima sem custo/ônus do fornecimento de peças p ara o conserto dos equipamentos pertencentes ao patrimônio do DSEI/PE, instalados nas Unidades Básicas de Saúde Indígena e Polos Base.",Av. Norte Miguel Arraes de Alencar - Macaxeira/PE,25313,2022-09-15,2022-09-01,2022-09-01,2022-09-01,2022-09-30T09:23:53,False,legado
12063205000752022,12063205752022,67445000751202291,120632,5,PREGÃO,752022,Publicado,eletronico,Nacional,PAULO HENRIQUE ALVES CAVALCANTI,Ordenador de Despesas,2.0,14306.76,19234.8,,"Pregão Eletrônico Contratação de ser viço de monitoração individual externa de nível de radiação ionizante, através de dosímetros t ermoluminescentes, para atender as necessidades da Odontoclínica de Aeronáutica de Recife (OAR F) e do Hospital de Aeronáutica de Recife (HARF ).",Av Centenário Alberto Santos Dumont - Jordão/PE,25313,2022-09-15,2022-09-01,2022-09-01,2022-09-01,2022-09-19T11:31:09,False,legado
16002305000192022,16002305192022,64408001902202287,160023,5,PREGÃO,192022,Publicado,eletronico,Nacional,PEDRO AFONSO DOS SANTOS JUNIOR,Ordenador de Despesas,5.0,2350.0,20850.02,,Pregão Eletrônico Contratação de ser viço especializado para manutenção de botes pne umáticos do Pelotão de Equipagem de Assalto da 10ª Companhia de Engenharia de Combate (10ª Cia E Cmb).,"Rod. Pe 180, Km 5 - São Bento do Una - Pe - /PE",25593,2022-09-14,2022-09-01,2022-09-01,2022-09-01,2022-10-06T14:14:26,False,legado
15316505000342022,15316505342022,23082.021747/2022,153165,5,PREGÃO,342022,Publicado,eletronico,Nacional,RAFAEL ALVES MARINO,Pregoeiro,5.0,49454.99,78834.99,,"Pregão Eletrônico Aquisição de eletr odomésticos e mobiliários para as residências e studantis da Universidade Federal Rural de Pern ambuco (UFRPE), conforme condições, quantidades e exigências estabelecidas no Termo de Referên cia, Edital e Anexos.",Rua Dom Manoel de Medeiros S/n - Dois Irmaos - /PE,25313,2022-09-14,2022-09-01,2022-09-01,2022-09-01,2022-09-22T14:28:57,False,legado
51067705000642022,51067705642022,35014079281202272,510677,5,PREGÃO,642022,Publicado,eletronico,Nacional,MARCUS ANTONIO NUNES CAVALCANTI,Pregoeiro,5.0,69671.0,32.69,,"Pregão Eletrônico Registro de Preços visando à futura aquisição de material de cons umo, do tipo álcool gel, copos descartáveis par a água e café, para atender às necessidades do INSS na Superintendência Regional Nordeste SRIV e unidades de sua jurisdição.","Av. Dantas Barreto, Nº 300 , Sala 101, Santo Antonio - Santo Antonio/PE",25313,2022-09-14,2022-09-01,2022-09-01,2022-09-01,2022-11-04T08:50:58,False,legado
16018305000172022,16018305172022,64108029375202250,160183,5,PREGÃO,172022,Publicado,eletronico,Nacional,REGIS FERNANDO DA SILVA,Ordenador de Despesas,41.0,2250.0,4261.5,,Pregão Eletrônico Registro de preços para eventual aquisição de material desportivo .,"Av. Cardoso de Sa, S/n - Vila Eduardo - /PE",25216,2022-09-14,2022-09-01,2022-09-01,2022-09-01,2023-01-24T08:54:03,False,legado
15502205000902022,15502205902022,23536026238202155,155022,5,PREGÃO,902022,Publicado,eletronico,Nacional,JOAO LUIZ CAVALCANTI MARANHAO DE ALBUQUERQUE,Chefe do Setor de Administração do Hc/ufpe - Ebserh,8.0,11282.4,1103.84,Mais informações: (81) 2126 -3939.,"Pregão Eletrônico Registro de preços visando a eventual aquisição de Kit de Diálise da Marca Genius, da Fabricante Fresênius Medic al Care, com cessão de equipamentos em regime de comodato, para o Hospital das Clínicas de Pe rnambuco",Av. Professor Moraes Rego S/n - Cidade Universitária/PE,25313,2022-09-14,2022-09-01,2022-09-01,2022-09-01,2022-10-13T13:31:50,False,legado
17005805000122022,17005805122022,19615720317202280,170058,5,PREGÃO,122022,Publicado,eletronico,Nacional,DREYFUS DIOGENES DE LIMA,Chefe do Selic04,5.0,94500.0,97786.1,,"Pregão Eletrônico Contratação de emp resas especializadas para assessorar a Fiscaliz ação dos Contratos de Serviço de Reparo de Cobe rturas da Inspetoria da Receita Federal do Bras il de Cabedelo/PB e das Agências da Receita Fed eral do Brasil de Itabaiana/PB, Guarabira/PB, S ousa/PB e Garanhuns/PE.","Av. Alfredo Lisboa, 1152, 2º Andar, Bairro do Recife Antigo - /PE",25313,2022-09-14,2022-09-01,2022-09-01,2022-09-01,2022-10-15T12:22:41,False,legado
15814905000132022,15814905132022,23302000314202227,158149,5,PREGÃO,132022,Publicado,eletronico,Nacional,FRANKLIN TORRES BRANDAO,Equipe de Apoio ao Pregoeiro,45.0,41760.95,2482.73,,Pregão Eletrônico Contratação de emp resa para prestação de serviços gráficos com fo rnecimento de materiais para atender as demanda s da Reitoria e dos Campi do IF Sertão Pernambu cano.,"Rua Aristarco Lopes, Nº 240 - Centro/PE",25216,2022-09-15,2022-09-02,2022-09-02,2022-09-02,2023-10-06T14:04:20,False,legado
12063205000712022,12063205712022,67223007327202100,120632,5,PREGÃO,712022,Publicado,eletronico,Nacional,PAULO HENRIQUE ALVES CAVALCANTI,Ordenador de Despesa,38.0,516.0,2520.01,,"Pregão Eletrônico Aquisic a o de ins umos de seguranc a eletro nica, visando atender a s necessidades do Grupo de Seguranc a e Defe sa de Recife e demais Unidades da GUARNAE-RF,",Av Centenário Alberto Santos Dumont - Jordão/PE,25313,2022-09-15,2022-09-02,2022-09-02,2022-09-02,2022-11-25T10:11:48,False,legado
13501205000142022,13501205142022,21198001801202216,135012,5,PREGÃO,142022,Publicado,eletronico,Nacional,LUIS MAGNO SILVA DE MENEZES,Chefe Geral em Exercício,6.0,174800.0,271222.54,,"Pregão Eletrônico Aquisição de Aves vivas para criação (pintos, galinhas e galos), da raça Canela Preta e Ração Concentrada para a ves.",Br 428 Km 152 S/n Zona Rural Caixa Postal 023 - Zona Rural/PE,25216,2022-09-15,2022-09-02,2022-09-02,2022-09-02,2022-09-19T13:34:47,False,legado
39302905003632022,393029053632022,50604001430202151,393029,5,PREGÃO,3632022,Publicado,eletronico,Nacional,EDUARDO DA COSTA PEREIRA DE OLIVEIRA,Pregoeiro,1.0,239442.17,258753.36,,"Pregão Eletrônico Contratação de emp resa especializada em serviços de engenharia pa ra modernização da subestação elétrica abrigada da sede da SR/PE com fornecimento de peças, ma teriais e mão de obra, cujo pagamento será part e em equipamentos da subestação usados e parte em recursos financeiros, conforme especificaçõe s do Termo de Referência e seus anexos.","Av.antonio de Gois, 820 Bairro Pina - Recife - /PE",25313,2022-09-16,2022-09-02,2022-09-02,2022-09-02,2022-11-10T08:51:08,False,legado
20009105000212022,20009105212022,000322202206900/5,200091,5,PREGÃO,212022,Publicado,eletronico,Nacional,ANA CAROLINA LIMA VIEIRA RIBEMBOIM,Procuradora-chefe,1.0,,12762.0,,"Pregão Eletrônico Aquisição de lâmpa das LED, tipo tubular, T5, 9W, para atender às necessidades da Procuradoria Regional do Trabal ho da 6ª Região,","Rua Conselheiro Portela, 531 - Aflitos/PE",25313,2022-09-28,2022-09-02,2022-09-02,2022-09-02,2022-09-01T15:53:45,False,legado
39302905003512022,393029053512022,50604001947202221,393029,5,PREGÃO,3512022,Publicado,eletronico,Nacional,EDUARDO DA COSTA PEREIRA DE OLIVEIRA,Pregoeiro,15.0,10410.9,14187.6,,"Pregão Eletrônico Prestação de servi ços de dedetização para o controle sanitário, i ntegrado no combate a pragas urbanas, engloband o: desratização, desinsetização, marimbondo inc lusive, descupinização, a serem realizados na S ede e nas Unidades Locais do DNIT no estado de Pernambuco, localizadas nas cidades de Arcoverd e, Caruaru, Petrolina e Salgueiro, em todas as áreas especificadas neste instrumento e conform e condições, quantidades e exigências estabelec idas nos itens 3 e 5 do Anexo I.","Av.antonio de Gois, 820 Bairro Pina - Recife - /PE",25313,2022-09-09,2022-08-26,2022-08-26,2022-09-02,2022-09-13T11:14:03,False,legado
51067705000572022,51067705572022,35014079281202272,510677,5,PREGÃO,572022,Publicado,eletronico,Nacional,MARCOS DE BRITO CAMPOS JUNIOR,Superintendente Regional Nordeste - Srne,5.0,,32.69,,"Pregão Eletrônico Registro de Preços visando à futura aquisição de material de cons umo, do tipo álcool gel, copos descartáveis par a água e café, para atender às necessidades do INSS na Superintendência Regional Nordeste SR-I V e unidades de sua jurisdição.","Av. Dantas Barreto, Nº 300 , Sala 101, Santo Antonio - Santo Antônio/PE",25313,2022-09-13,2022-08-26,2022-08-26,2022-09-02,2022-09-05T09:13:08,False,legado
38922205000052022,3892220552022,30/2022          ,389222,5,PREGÃO,52022,Publicado,eletronico,Nacional,GABRIEL ALBUQUERQUE CALAZAR DOS SANTOS,Pregoeiro,2.0,,48891.66,,"Pregão Eletrônico Contratação de ser viço de transporte rodoviário coletivo interest adual de passageiros, em regime de fretamento eventual: locação de 3 (três) ônibus executivo s, com motoristas, para transportar participant es para o evento XXVII Congresso Brasileiro de NutriçãoCONBRAN 2022, que será realizado na cidade de Maceió/AL, entre os dias 4 a 7 de out ubro de 2022.","Rua Bulhoes Marques, 19          Salas 801/802/803 - Boa Vista - /PE",25313,2022-09-08,2022-08-26,2022-08-26,2022-09-02,2022-09-08T14:00:03,False,legado
16019505000012022,1601950512022,64284003707202235,160195,5,PREGÃO,12022,Publicado,eletronico,Nacional,ANDRE LUIZ DE SOUZA MATOS,Ordenador de Despesas do Cmne,1.0,1360.0,1360.0,,"Pregão Eletrônico A escolha da propo sta mais vantajosa para a contratação de cessão de uso a título oneroso, para exercício de ati vidade de apoio de CANTINA no Comando Militar d o Nordeste, localizado na Rod BR 232, Km 12, CE P 50950-000, Recife-PE, com prestação pecuniári a mensal equivalente ao maior lance dado pela á rea de 44,76 m² (quarenta e quatro metros quadr ados e setenta e seis centésimos), conforme con dições, quantidades e exigências estabelecidas neste Edital e seus anexos.","Br 232, Km 07 Curado - Curado/PE",25313,2022-09-15,2022-09-02,2022-09-02,2022-09-02,2022-12-12T16:27:52,False,legado
15813605000042022,1581360542022,23294000887202235,158136,5,PREGÃO,42022,Publicado,eletronico,Nacional,JOSE CARLOS DE SA JUNIOR,Reitor,1.0,152000.0,152869.64,,"Pregão Eletrônico Contratação de ser viços de manutenção no sistema de impermeabiliz ação da coberta do edifício anexo da SUDENE, co nforme condições, quantidades e exigências esta belecidas no Edital e seus anexos.","Praça Min João Gonçalves de Souza, S/n, Engenho do Meio - Engenho do Meio/PE",25313,2022-09-15,2022-09-02,2022-09-02,2022-09-02,2022-10-13T17:56:07,False,legado
51067705000622022,51067705622022,35014.320524/2022,510677,5,PREGÃO,622022,Publicado,eletronico,Nacional,JOSE ROOSEVELT ARAUJO CORREA,"Chefe da Coordenação de Orçamento, Finanças e Logística - Srne",19.0,11466.67,379220.54,,"Pregão Eletrônico O objeto da presen te licitação é a escolha da proposta mais vanta josa para a elaboração de Registro Formal de Pr eços para a contratação de serviços de ortetiza ção e protetização (não implantável), bem como preparação, adaptação e treinamento dos segurad os ao uso destes aparelhos, conforme condições, quantidades e exigências estabelecidas neste E dital e seus anexos.","Av. Dantas Barreto, Nº 300 , Sala 101, Santo Antonio - Centro/PE",25313,2022-09-19,2022-09-02,2022-09-02,2022-09-02,2022-10-19T13:54:33,False,legado
16018305000052023,1601830552023,64108001305202318,160183,5,PREGÃO,52023,Publicado,eletronico,Nacional,REGIS FERNANDO DA SILVA,Ordenaor de Despesas,44.0,,789.43,,Pregão Eletrônico Registro de preços para eventual aquisição de alimentos para aten der as necessidades nutricionais dos animais do Parque Zoobotânico de Caatinga,"Av. Cardoso de Sa, S/n - Vila Eduardo - /PE",25216,2023-03-14,2023-03-01,2023-03-01,2023-03-01,2023-04-04T14:03:28,False,legado
15518005000052023,1551800552023,23542010611202096,155180,5,PREGÃO,52023,Publicado,eletronico,Nacional,GILBERIO ITALO DE ARAUJO SANTOS,Agente de Licitação,39.0,3714.0,49573.57,,"Pregão Eletrônico Aquisição de INSUM OS PARA ANGIOGRAFIA (HEMODINÂMICA), visando sup rir as demandas dos serviços realizados no Hosp ital de Ensino Doutor Washington Antônio de Bar ros / HU-Univasf.",Av Jose de Sá Maniçoba S/n Centro - Centro/PE,25216,2023-03-13,2023-03-01,2023-03-01,2023-03-01,2023-04-17T14:45:35,False,legado
07001005000032023,700100532023,0006289-90.2021  ,70010,5,PREGÃO,32023,Publicado,eletronico,Nacional,ELIANE RODRIGUES DE CARVALHO SILVA,Pregoeira,1.0,98200.0,116903.71,,"Pregão Eletrônico Prestação de servi ços de levantamento de cargas elétricas do Préd io Sede do TRE/PE e elaboração dos Projetos Elé trico e de Cabeamento Estruturado, incluindo os as built´s da situação atual dos sistemas el étricos e de cabeamento estruturado do imóvel e o dimensionamento dos circuitos de alimentação para os novos layouts de arquitetura do 4º e 5 º pavimento até o limite de entrega nos quadros de distribuição, de acordo com as especificaçõ es do Termo de Referência.","Av. Gov. Agamenon Magalhaes, 1.160 - 4º Andar - Sala 408 - Graças/PE",25313,2023-03-15,2023-03-01,2023-03-01,2023-03-01,2023-05-23T14:08:53,False,legado
16022505000392022,16022505392022,64193003613202285,160225,5,PREGÃO,392022,Publicado,eletronico,Nacional,FELIPE GLASNER DE MAIA CHAGAS,Od Base Adm Curado,61.0,3510.0,11799.97,,Pregão Eletrônico Aquisição de de To ner e Cartuchos para Base Administrativa do Cur ado e Organizações Militares Participante do GC ALC/7,Avenida Professor Luiz Freire N° 198 - Bairro Curado - /PE,25313,2023-03-13,2023-03-01,2023-03-01,2023-03-01,2023-10-31T10:19:13,False,legado
15518005000042023,1551800542023,23542009262202221,155180,5,PREGÃO,42023,Publicado,eletronico,Nacional,THAIS CRISTINE SANTANA SERAFIM LEITE,Agente de Licitação,9.0,552.0,5165.54,,"Pregão Eletrônico Aquisição de MATER IAL MÉDICO HOSPITALAR, visando suprir as demand as dos serviços realizados no Hospital de Ensin o Doutor Washington Antônio de Barros / HU-Univ asf",Av Jose de Sá Maniçoba S/n Centro - Centro/PE,25216,2023-03-13,2023-03-01,2023-03-01,2023-03-01,2023-04-04T16:11:43,False,legado
15442105000072023,1544210572023,23402040156202210,154421,5,PREGÃO,72023,Publicado,eletronico,Nacional,GIVANILDO DOS SANTOS,Pregoeiro,20.0,3000.0,5785.27,,"Pregão Eletrônico Objetiva-se a even tual compra de Materiais Esportivos, visando su prir demandas do Colegiado acadêmico de Educaçã o Física e Prefeitura Universitária desta Unive rsidade.",Av. José de Sá Maniçoba S/nº Centro-campus Universitário Petrolina - Centro/PE,25216,2023-03-22,2023-03-01,2023-03-01,2023-03-01,2023-05-03T11:00:12,False,legado
12063205000092023,1206320592023,67223010645202140,120632,5,PREGÃO,92023,Publicado,eletronico,Nacional,RODRIGO ANTONIO SILVEIRA DOS SANTOS,Ordenador de Despesas,25.0,,128299.31,,"Pregão Eletrônico Registro de prec o s pra aquisic a o de material permanente em ger al (cafeteira, poltrona, sofa , refrigerador, d entre outros), para atender a s demandas dos De stacamentos de Controle do Espac o Ae reo subor dinados ao Terceiro Centro Integrado de Defesa Ae rea e Controle de Tra fego Ae reo (CINDATA I II).","Av Armindo Moura, 500 - Boa Viagem/PE",25313,2023-03-15,2023-03-01,2023-03-01,2023-03-01,2023-07-17T16:25:54,False,legado
12063205000102023,12063205102023,67230000322202311,120632,5,PREGÃO,102023,Publicado,eletronico,Nacional,RODRIGO ANTONIO SILVEIRA DOS SANTOS,Ordenador de Despesas,1.0,28051.82,28051.82,,"Pregão Eletrônico Cessão de uso de á rea da UNIÃO FEDERAL (PARTE DO TOMBO PE. 002-00 0 A-19 PEÁREA: 9.654,15 M2), sob a respons abilidade do COMANDO DA AERONÁUTICA (COMAER)",Av Armindo Moura - Boa Viagem/PE,25313,2023-03-15,2023-03-01,2023-03-01,2023-03-01,2023-04-10T16:02:18,False,legado
12063205000132023,12063205132023,67223013499202295,120632,5,PREGÃO,132023,Publicado,eletronico,Nacional,RODRIGO ANTONIO SILVEIRA DOS SANTOS,Ordenador de Despesas,22.0,44506.0,1275.6,,"Pregão Eletrônico Contratac a o de e mpresa especializada na prestac a o de servic o s de conserto de fechadura danificadas, substit uic a o de fechaduras, modelagens, co pia de ch aves, troca de segredo, instalac a o de cilindr os e outros servic os inerentes, confecc a o de carimbos automa ticos e de madeira e refil de carimbo, para fins de atendimento das demandas da Guarnic a o de Aerona utica de Recife (GUARN AE-RF)","Av Armindo Moura,500 - Boa Viagem/PE",25313,2023-03-16,2023-03-02,2023-03-02,2023-03-02,2023-04-28T09:35:10,False,legado
12063205000122023,12063205122023,67223009656202268,120632,5,PREGÃO,122023,Publicado,eletronico,Nacional,RODRIGO ANTONIO SILVEIRA DOS SANTOS,Ordenador de Despesas,5.0,364317.6,818489.1,,"Pregão Eletrônico Contratação de emp resa prestadora de Serviço de Telefonia Móvel P essoal (SMP), na modalidade Local, Longa Distân cia Nacional (LDN) e Longa Distância Internacio nal (LDI) e comunicação de dados através de mod ens/roteadores, bem como o fornecimento de apar elhos celulares e modens/roteadores, a serem ut ilizados na Guarnição de Aeronáutica de Recife (GUARNAE-RF), pelo período de 30 (trinta) meses , podendo ser prorrogado por igual período, até o limite de 60 (sessenta) meses.",Av Armindo Moura - Boa Viagem/PE,25313,2023-03-16,2023-03-02,2023-03-02,2023-03-02,2023-05-05T15:49:58,False,legado
16019405000022023,1601940522023,64318037114202319,160194,5,PREGÃO,22023,Publicado,eletronico,Nacional,FREDERICO GIESEN,Ordenador de Despesas,132.0,354024.0,1355.28,,Pregão Eletrônico Gêneros Alimentíci os do Quantitativo de Rancho (QR) produtos de origem vegetal.,"Av. Visconde de Sao Leopoldo, 198 - Engenho do Meio - /PE",25313,2023-03-14,2023-03-02,2023-03-02,2023-03-02,2023-11-20T15:12:22,False,legado
13501205000052023,1350120552023,21198000499202360,135012,5,PREGÃO,52023,Publicado,eletronico,Nacional,MARIA AUXILIADORA COELHO DE LIMA,Chefe Geral,2.0,7940.0,8456.0,,Pregão Eletrônico Aquisição de Pneus,Br 428 Km 152 S/n Zona Rural Caixa Postal 023 - /PE,25216,2023-03-14,2023-03-02,2023-03-02,2023-03-02,2023-03-15T15:19:18,False,legado
08000605000662022,8000605662022,23.199/2022      ,80006,5,PREGÃO,662022,Publicado,eletronico,Nacional,AURELAIDE DE SOUZA NASCIMENTO MENEZES,Pregoeira,1.0,,8016.19,,Pregão Eletrônico Serviços de acesso móvel à internet 4G/5G pelo período de 30 mese s.,"Cais do Apolo Nº 739, Bairro do Recife, Recife/pe. - /PE",25313,2023-03-15,2023-03-02,2023-03-02,2023-03-02,2023-03-20T15:07:30,False,legado
15502205000172023,15502205172023,23536025296202242,155022,5,PREGÃO,172023,Publicado,eletronico,Nacional,JOAO LUIZ CAVALCANTI MARANHAO DE ALBUQUERQUE,Chefe do Setor de Administração do Hc/ufpe - Ebserh,36.0,17835.0,3006.58,Mais informações: (81) 2126 -3939.,Pregão Eletrônico Registro de preços visando a eventual aquisição de Medicamentos G erais e Antimicrobianos para atender demanda do Hospital das Clínicas de Pernambuco Filial E bserh.,Av. Professor Moraes Rego S/n - Cidade Universitária/PE,25313,2023-03-16,2023-03-02,2023-03-02,2023-03-02,2023-05-03T11:36:42,False,legado
16018305820232023,16018305820232023,641080337572022  ,160183,5,PREGÃO,820232023,Publicado,eletronico,Nacional,REGIS FERNANDO DA SILVA,Ordenador de Despesas,1.0,,267.55,,Pregão Eletrônico Eventual contrataç ão de serviço veterinário.,"Av. Cardoso de Sa, S/n - Vila Eduardo - /PE",25216,2023-03-16,2023-03-02,2023-03-02,2023-03-02,2023-03-02T11:21:08,False,legado
07001005000062023,700100562023,0025861-95.2022  ,70010,5,PREGÃO,62023,Publicado,eletronico,Nacional,JOANA D ARC SIMOES DE BARROS,Pregoeira,5.0,6180.0,1411.9,,"Pregão Eletrônico Registro de preços para aquisição de Medalhas Do Mérito Eleitoral Frei Caneca (Categorias Ouro, Prata, Bronze e Comendador) e Medalhas Do Mérito ao Servidor El eitoral de acordo com as especificações constan tes do termo de referência (Anexo I) do Edital.","Av. Gov. Agamenon Magalhaes, 1.160 - Sala 408 - Graças/PE",25313,2023-03-16,2023-03-02,2023-03-02,2023-03-02,2023-04-10T14:05:35,False,legado
15308005000132023,15308005132023,23076047785202263,153080,5,PREGÃO,132023,Publicado,eletronico,Nacional,RODRIGO DANNIEL DA SILVA ALEXANDRE,Coordenador de Licitações,91.0,214.2,1723.78,Para mais informações: (81) 2126.8065.,"Pregão Eletrônico Registro de preços para eventual aquisição de MATERIAL DE EXPEDIE NTE para atender as necessidades da Universidad e Federal de Pernambuco (UFPE), conforme condiç ões, quantidades e exigências estabelecidas nes te Edital.","Av da Arquitetura, S/n - Cidade Univerisitária/PE",25313,2023-03-20,2023-03-02,2023-03-02,2023-03-02,2024-06-26T15:38:10,False,legado
20011305000012023,2001130512023,08654020038202230,200113,5,PREGÃO,12023,Publicado,eletronico,Nacional,MARIA LUIZA DIAS GANDRA CIRNE DE AZEVEDO,Núcleo de Contratações Públicas,9.0,445291.19,5846706.5,Para maiores informações co ntactar: nucont.pe@prf.gov.br,"Pregão Eletrônico Contratação de emp resa para prestação de serviço comum de engenha ria ou arquitetura, para fiscalização, acompanh amento, gerenciamento, supervisão e assessoram ento da Administração Pública durante a execuçã o das obras de construção de Delegacias e Unida des Operacionais da Polícia Rodoviária Federal de Pernambuco.","Av. Antonio de Goes, 820 - Pina/PE",25313,2023-03-16,2023-03-03,2023-03-03,2023-03-03,2023-07-17T15:02:11,False,legado
16022505000012023,1602250512023,64091007048202273,160225,5,PREGÃO,12023,Publicado,eletronico,Nacional,FELIPE GLASNER DE MAIA CHAGAS,Ordenador de Despesas,91.0,31063.43,10329.39,Contatos: Fone: 81-2129-663 7 ou Email: licitacao.basecurado2@gmail.com,Pregão Eletrônico Aquisição de mater iais elétricos em proveito da Base Administrati va do Curado e das Unidades Participantes GCALC /7.,Avenida Professor Luiz Freire N° 198 - Várzea/PE,25313,2023-03-15,2023-03-03,2023-03-03,2023-03-03,2024-05-08T13:33:19,False,legado
15814905000022023,1581490522023,23302100117202215,158149,5,PREGÃO,22023,Publicado,eletronico,Nacional,FRANKLIN TORRES BRANDAO,Equipe de Apoio ao Pregoeiro,6.0,44231.52,49.78,,"Pregão Eletrônico Contratação de Emp resa Especializada para Prestação de Serviço de Outsourcing de Impressão para atender as neces sidades dos Campi e Reitoria do Instituto Feder al de Educação, Ciência e Tecnologia do Sertão Pernambucano / IFSertãoPE","Rua Aristarco Lopes,nº 240- Centro - Centro/PE",25216,2023-03-16,2023-03-03,2023-03-03,2023-03-03,2023-05-03T10:16:42,False,legado
20009005000032023,2000900532023,126000602/2023-08,200090,5,PREGÃO,32023,Publicado,eletronico,Nacional,CINTHIA DE CARVALHO FEITOSA MENDONCA,Pregoeira,1.0,9900.0,11000.0,,"Pregão Eletrônico Contratação de emp resa especializada para a prestação de serviço de manutençãocorretiva doSistema SPDA (Sistemadeproteçãocontradescargas atmosféricas)do edifício-sede da Procurado ria da República em Pernambuco, sito à Av. Agam enon Magalhães, 1800, Espinheiro, Recife/PE, co nforme especificações (ANEXO I) e consoante as demais condições estatuídas no edital e seus an exos.","Av Governador Agamenon Magalhães, 1800 - Espinheiro - Espinheiro/PE",25313,2023-03-17,2023-03-03,2023-03-03,2023-03-03,2023-03-28T15:33:23,False,legado
12063202000032023,1206320232023,67614007816202231,120632,2,TOMADA DE PREÇOS,32023,Publicado,presencial,Nacional,RODRIGO ANTONIO SILVEIRA DOS SANTOS,Ordenador de Despesas,1.0,,402653.98,,"Contratação de empresa para reparar a r ede de esgoto da vila habitacional do DESTACAME NTO DE CONTROLE DO ESPAÇO AÉREO DE PORTO SEGURO (DTCEA-PS), incluindo mão de obra especializad a, bem como material necessário.",Av Armindo Moura - Boa Viagem/PE,25313,,2023-03-03,2023-03-20,2023-03-03,2023-05-31T11:17:25,False,legado
16022505000402022,16022505402022,64361014354202239,160225,5,PREGÃO,402022,Publicado,eletronico,Nacional,FELIPE GLASNER DE MAIA CHAGAS,Od Base Adm Curado,18.0,84420.0,25109.64,,Pregão Eletrônico Aquisição de Mater iais de Tecnologia da Informação.,Avenida Professor Luiz Freire N° 198 - Bairro Curado - /PE,25313,2023-03-20,2023-03-03,2023-03-03,2023-03-03,2023-11-29T07:38:34,False,legado
78360205000012023,7836020512023,63133000150202323,783602,5,PREGÃO,12023,Publicado,eletronico,Nacional,ROGERIO ALVES RIBEIRO,Ordenador de Despesas,217.0,172508.0,3549.34,,"Pregão Eletrônico Aquisição de gêner os alimentícios, visando atender às necessidade s da Escola de Aprendizes-Marinheiros de Pernam buco (EAMPE), sediada na cidade de Olinda PE.","Av. Olinda Dom Helder Camara, S/n , Complexo Salgadinho - Olinda - /PE",24910,2023-03-15,2023-03-03,2023-03-03,2023-03-03,2024-01-29T15:00:00,False,legado
25704705000102023,25704705102023,25059003336202112,257047,5,PREGÃO,102023,Publicado,eletronico,Nacional,ANTONIO DE CARVALHO SA,Agente de Saúde Pública,134.0,,8937.47,,"Pregão Eletrônico Aquisição de mater iais de construção, para construção de banheiro s para a comunidade Fulniô e dos Postos de Saúd e, nas comunidades indígenas de Brejinho etni a Pankará em Carnaubeira da Penha, Santa Helena etnia Xucuru de Cimbres em Pesqueira, Oitic ica e Estreito etnia Atikum em Carnaubeira da P enha, Mulungu etnia Atikum Salgueiro em Salguei ro, Varzinha etnia Xukuru do Ororubá, Caxoi, et nia Tuxi em Belém de São Francisco, Serrote dos Campos etnia Pankará em Itacuruba.",Av. Norte Miguel Arraes de Alencar - Macaxeira/PE,25313,2023-03-27,2023-03-03,2023-03-03,2023-03-03,2023-04-04T15:23:54,False,legado
16018305000082023,1601830582023,64108033757202288,160183,5,PREGÃO,82023,Publicado,eletronico,Nacional,REGIS FERNANDO DA SILVA,Ordenador de Despesas,1.0,53000.0,267.55,,Pregão Eletrônico Eventual contrataç ão de serviço veterinário.,"Av. Cardoso de Sa, S/n - Vila Eduardo - /PE",25216,2023-03-16,2023-03-03,2023-03-03,2023-03-03,2023-03-20T15:15:41,False,legado
17005805000052023,1700580552023,19615720002202313,170058,5,PREGÃO,52023,Publicado,eletronico,Nacional,CARLA RAFAELA DO AMARAL PINHEIRO OLIVEIRA,Chefe da Dipol04,5.0,,1513997.48,,"Pregão Eletrônico Contratação de pes soa jurídica especializada na prestação continu ada de agenciamento de viagens, compreendendo o serviço de assessoria, cotação, reserva, emiss ão, cancelamento e reembolso de bilhetes aéreos nacionais, internacionais e serviço correlato de emissão de seguro viagem para atender as nec essidades da Superintendência da Receita Federa l do Brasil na 4º Região Fiscal e Unidades juri sdicionadas.","Av. Alfredo Lisboa, 1152, 2º Andar, Bairro do Recife Antigo - /PE",25313,2023-03-16,2023-03-03,2023-03-03,2023-03-03,2023-03-20T11:07:03,False,legado
07001005000152023,7001005152023,0013495-24.2022  ,70010,5,PREGÃO,152023,Publicado,eletronico,Nacional,ELIANE RODRIGUES DE CARVALHO SILVA,Pregoeira,1.0,29298.96,48879.6,,"Pregão Eletrônico Contratação de emp resa para prestação de serviços contínuos de ma nutenção preventiva e corretiva nos componentes e sistemas mecânicos nos equipamentos de contr ole de acesso de pessoas e veículos na sede do TRE/PE e anexo, de acordo com as especificações constantes do Termo de Referência (ANEXO I) do Edital.","Av. Gov. Agamenon Magalhaes, 1.160 - 4º Andar, Sala 408 - Graças/PE",25313,2023-03-20,2023-03-03,2023-03-03,2023-03-03,2023-03-27T10:59:44,False,legado
13501205000062023,1350120562023,21198000711202399,135012,5,PREGÃO,62023,Publicado,eletronico,Nacional,MARIA AUXILIADORA COELHO DE LIMA,Chefe Geral,3.0,,86.0,,Pregão Eletrônico Formação de Regist ro de Preços para o eventual fornecimento de SE MENTES,Br 428 Km 152 S/n Zona Rural - Zona Rural/PE,25216,2023-03-15,2023-03-03,2023-03-03,2023-03-03,2023-07-24T15:16:35,False,legado
15518005000062023,1551800562023,23542000568202301,155180,5,PREGÃO,62023,Publicado,eletronico,Nacional,THAIS CRISTINE SANTANA SERAFIM LEITE,Agente de Licitação,34.0,2880.0,4365.59,,"Pregão Eletrônico O objeto da presen te licitação é a escolha da proposta mais vanta josa para registro de preços objetivando eventu al aquisição de MATERIAL DE PROTEÇÃO E SEGURANÇ A (EPI), visando suprir as demandas dos serviço s realizados no Hospital de Ensino Doutor Washi ngton Antônio de Barros / HU-Univasf.",Av Jose de Sá Maniçoba S/n Centro - /PE,25216,2023-03-15,2023-03-03,2023-03-03,2023-03-03,2023-08-04T15:15:16,False,legado
07001005000092023,700100592023,0023471-55.2022  ,70010,5,PREGÃO,92023,Publicado,eletronico,Nacional,ELIANE RODRIGUES DE CARVALHO SILVA,Pregoeira,7.0,,4892.84,,"Pregão Eletrônico Aquisição de mater ial permanente (armário, mesa, estação de traba lho, gaveteiro, quadro e suporte para televisor ), de acordo com as especificações constantes d o Termo de Referência (ANEXO I) do edital.","Av. Gov. Agamenon Magalhaes, 1.160 - 4º Andar, Sala 408 - Graças/PE",25313,2023-03-17,2023-03-03,2023-03-03,2023-03-03,2023-04-11T09:27:21,False,legado
09003105000052023,900310552023,5676-30.2022.4.05,90031,5,PREGÃO,52023,Publicado,eletronico,Nacional,FRANCISCO REIS NOGUEIRA SOBRINHO,Pregoeiro,124.0,,4736.96,"Não será permitida a subcon tratação, no todo ou em parte, do objeto deste certame licitatório.Em caso de divergência entr e as especificações técnicas do objeto descrita s no Sistema SIASG do portal Comprasgovernament ais e as descritas neste Edital, prevalecerão e stas.","Pregão Eletrônico Contratação de emp resa especializada para aquisições de materiais de consumo da área da saúde (medicina, odontol ogia e enfermagem) que compõem o Núcleo de Assi stência à Saúde do Tribunal Regional Federal da 5ª Região (Órgão Gerenciador), por meio de Sis tema de Registro de Preços (SRP)","Av. Cais do Apolo, S/n - Edf. Ministro Djaci Falcão - Bairro do Recife/PE",25313,2023-03-16,2023-03-03,2023-03-03,2023-03-03,2023-03-24T13:49:42,False,legado
92617105000052023,9261710552023,25800.005012/2022,926171,5,PREGÃO,52023,Publicado,eletronico,Nacional,MIRELLA MUZZI DE LIMA,Pregoeira,1.0,470000.0,739761.9,"Demais informações constam no Termo de Referência, anexo I do edital.",Pregão Eletrônico SERVIÇOS CONTINUOS DE DESPACHO ADUANEIROdesembaraço alfandegár io,"Rua Professor Aloísio Pessoa de Araújo, 75, Empresarial Bvc, 8º e 9º Andares. - Boa Viagem/PE",25313,2023-03-15,2023-03-03,2023-03-03,2023-03-03,2023-06-26T09:36:18,False,legado
27505705000072023,2750570572023,008              ,275057,5,PREGÃO,72023,Publicado,eletronico,Nacional,JULIANA TAVARES CORDEIRO GALVAO,Analista de Gestao - Administrador,1.0,67710.0,27.9,,"Pregão Eletrônico Eventual aquisição de papel xerográfico, para atendimento da dema nda da CBTU-STU/REC","Rua José Natário,478 - Areias - Recife - Pe. - /PE",25313,2023-03-17,2023-03-06,2023-03-06,2023-03-06,2023-04-25T15:59:24,False,legado
16019405000152023,16019405152023,64318056248202339,160194,5,PREGÃO,152023,Publicado,eletronico,Nacional,ALEXANDRE DA SILVA GALDINO,Ordenador de Despesas,33.0,,107.38,,"Pregão Eletrônico Contratação de emp resa, pelo sistema de registro de preços, para prestação dos serviços de transporte de bagagem nacional, para atendimento das necessidades do Comando da 7ª Região Militar e Organizações Mi litares subordinadas.","Av. Visconde de Sao Leopoldo, 198 - Engenho do Meio - Várzea/PE",25313,2024-01-16,2024-01-02,2024-01-02,2024-01-02,2024-02-05T13:24:09,True,legado
15518005000472023,15518005472023,23542007498202312,155180,5,PREGÃO,472023,Publicado,eletronico,Nacional,FABIA FERNANDES PINHEIRO DA COSTA LIMA,Agente de Licitações,1.0,54000.0,75935.2,,"Pregão Eletrônico Contratação de ser viços de controle de vetores e pragas urbanas ( desinsetização, desratização, descupinização, c ombate a escorpiões, desalojamento de abelhas, pombos, morcegos e afins)",Av Jose de Sá Maniçoba S/n Centro - /PE,25216,2024-01-23,2024-01-02,2024-01-02,2024-01-02,2024-02-23T09:24:01,True,legado
11009605000262023,11009605262023,00587000508202369,110096,5,PREGÃO,262023,Publicado,eletronico,Nacional,SARAH LEANDRO VALENCA REGUEIRA,Pregoeira,8.0,19476.17,84339.09,"O edital e seus anexos enco ntram-se disponíveis no Portal Nacional de Cont ratações Públicas (PNCP), no Portal de Compras do Governo Federal e no Portal da AGU, nos ende reços eletrônicos, respectivamente: https://www .gov.br/pncp/pt-br, https://www.gov.br/compras/ pt-br e https://antigo.agu.gov.br/servico/licit acao","Pregão Eletrônico Contratação de ser viços de manutenção preventiva e corretiva em a parelhos de ar condicionado e bebedouros, de forma contínua e ininterrupta, incluindo o forn ecimento de materiais e peças originais, bem co mo a utilização de equipamentos adequados e nec essários para a execução dos serviços, nas depe ndências das unidades da AdvocaciaGeral da Un ião (AGU) no estado de Alagoas (AL)","Avenida Herculano Bandeira, 716 - Pina/PE",25313,2024-01-17,2024-01-02,2024-01-02,2024-01-02,2024-02-09T12:56:33,True,legado
15518005000522023,15518005522023,23477022647202396,155180,5,PREGÃO,522023,Publicado,eletronico,Nacional,FABIA FERNANDES PINHEIRO DA COSTA LIMA,Agente de Licitações,9.0,,303.9,,Pregão Eletrônico Aquisição de mater iais gráficos,Av Jose de Sá Maniçoba S/n Centro - /PE,25216,2024-01-15,2024-01-02,2024-01-02,2024-01-02,2024-02-02T18:56:14,True,legado
17005805000222023,17005805222023,13083155496202321,170058,5,PREGÃO,222023,Publicado,eletronico,Nacional,DREYFUS DIOGENES DE LIMA,Chefe da Dipol04,4.0,30331.2,178715.52,,"Pregão Eletrônico Contratação de pre stação de serviços terceirizados sem dedicação exclusiva de mão de obra, de caráter continuado , para o fornecimento, sob demanda, de serviço de alimentação para eventos institucionais.","Av. Alfredo Lisboa, 1152, 2º Andar, Bairro do Recife Antigo - /PE",25313,2024-01-16,2024-01-02,2024-01-02,2024-01-02,2024-01-31T09:41:37,True,legado
15316505900002024,15316505900002024,23082009063202288,153165,5,PREGÃO,900002024,Publicado,eletronico,Nacional,ALEX SILVA DE SALES,Pregoeiro,7.0,,158685.74,,Pregão Eletrônico Registro de preço para eventual e futura contratação de empresa e specializada para a prestação de serviços de su porte à implantação e sustentação dos sistemas integrados de gestão (SIG-UFRN).,Rua Dom Manoel de Medeiros S/n - Dois Irmaos - /PE,25313,2024-01-17,2024-01-03,2024-01-03,2024-01-03,2024-01-17T16:33:22,True,legado
11009605900002024,11009605900002024,00587001034202372,110096,5,PREGÃO,900002024,Publicado,eletronico,Nacional,SARAH LEANDRO VALENCA REGUEIRA,Pregoeira,6.0,11472.0,91773.0,"O edital e seus anexos enco ntram-se disponíveis no Portal Nacional de Cont ratações Públicas (PNCP), no Portal de Compras do Governo Federal e no Portal da AGU, nos ende reços eletrônicos, respectivamente: https://www .gov.br/pncp/pt-br, https://www.gov.br/compras/ pt-br e https://antigo.agu.gov.br/servico/licit acao","Pregão Eletrônico Aquisição de água mineral natural, sem gás, acondicionada em garr afões plásticos retornáveis, contendo 20 litros , para atender o consumo das unidades da AGU lo calizadas nos municípios de Recife/PE, Petrolin a/PE, Aracajú/SE, Natal/RN, Mossoró/RN e Teresi na/PI","Avenida Herculano Bandeira, 716 - Pina/PE",25313,2024-01-15,2024-01-03,2024-01-03,2024-01-03,2024-01-31T15:18:37,True,legado
11461405000052023,1146140552023,03626.000165/2023,114614,5,PREGÃO,52023,Publicado,eletronico,Nacional,CARLOS ANTONIO CORREIA LIMA,Pregoeiro,5.0,,357549.75,,"Pregão Eletrônico Serviço técnico es pecializado visando à elaboração de projeto bás ico, executivo, bem como a execução de serviços (contratação integrada)","Av. Eng. Domingos Ferreira, 1097, 4º And., Bairro Boa Viagem - Boa Viagem/PE",25313,2024-04-01,2024-01-03,2024-01-03,2024-01-03,2024-01-18T15:30:51,True,legado
12063205900012024,12063205900012024,67230003852202311,120632,5,PREGÃO,900012024,Publicado,eletronico,Nacional,RODRIGO ANTONIO SILVEIRA DOS SANTOS,Ordenador de Despesas,315.0,,43720.19,,"Pregão Eletrônico Registro de prec o s para aquisic a o de material de infraestrutur a, a fim de atender a s necessidades do Grupam ento de Apoio de Recife (GAP-RF) e OM apoiadas.",Av Armindo Moura - Boa Viagem/PE,25313,2024-01-19,2024-01-05,2024-01-05,2024-01-05,2024-04-26T16:51:56,True,legado
15502205900012024,15502205900012024,23536003743202211,155022,5,PREGÃO,900012024,Publicado,eletronico,Nacional,JOAO LUIZ CAVALCANTI MARANHAO DE ALBUQUERQUE,Chefe do Setor de Administração Hc/ufpe/ebserh,1.0,1786852.92,2521168.44,Mais informações: (81) 2126 -3939,"Pregão Eletrônico Contratação de ser viço técnico especializado na execução da manut enção de equipamentos médico hospitalares, incl uindo PRESTAÇÃO DE SERVIÇOS DE MANUTENÇÃO PROGR AMADA (PREVENTIVA, CALIBRAÇÃO, VALIDAÇÃO DE PRO CESSOS, QUALIFICAÇÃO, INSPEÇÃO TÉCNICA, ANÁLISE DE SEGURANÇA ELÉTRICA) E MANUTENÇÃO CORRETIVA, COM INCLUSÃO DE PEÇAS E SERVIÇOS ESPECIALIZADO S QUANDO NECESSÁRIO, TREINAMENTO DE OPERADORES E APOIO AO GERENCIAMENTO DE EQUIPAMENTOS MÉDICO HOSPITALARES (EMH)",Av. Professor Moraes Rego S/n - Cidade Universitária/PE,25313,2024-01-25,2024-01-05,2024-01-05,2024-01-05,2024-04-10T14:15:10,True,legado
11009605900012024,11009605900012024,00587000082202343,110096,5,PREGÃO,900012024,Publicado,eletronico,Nacional,SARAH LEANDRO VALENCA REGUEIRA,Pregoeira,13.0,94775.28,1868442.84,"O edital e seus anexos enc ontram-se disponíveis no Portal Nacional de Con tratações Públicas (PNCP), no Portal de Compra s do Governo Federal e no Portal da AGU, nos en dereços eletrônicos, respectivamente: https:// www.gov.br/pncp/pt-br, https://www.gov.br/compr as/pt-br e https://antigo.agu.gov.br/servico/l icitacao","Pregão Eletrônico Contratação de emp resa para prestação de serviços contínuos d e manutenção predial preventiva e corretiva, com dedicação exclusiva de mão de obra, b em como serviços eventuaissob demanda, pa ra atender às necessidades das unidades da Advocacia Geral da União situadas nos esta dos de Pernambuco e do Rio Grande do Nort e","Avenida Herculano Bandeira, 716 - Pina/PE",25313,2024-01-22,2024-01-08,2024-01-08,2024-01-08,2024-02-05T12:21:27,True,legado
09003105900022024,9003105900022024,12130-89.2023.4.0,90031,5,PREGÃO,900022024,Publicado,eletronico,Nacional,FRANCISCO REIS NOGUEIRA SOBRINHO,Pregoeiro,1.0,84999.0,106333.33,"Não será permitida a subcon tratação, no todo ou em parte, do objeto deste certame licitatório.Em caso de divergência entr e as especificações deste objeto descritas no h ttp://www.gov.br/compras e as especificações té cnicas constantes deste Edital, estas prevalece rão.",Pregão Eletrônico Contratação de emp resa especializada para realização de serviço d e blindagem em veículo automotor do Tribunal Re gional Federal da 5ª Região.,"Av. Cais do Apolo, S/n - Edf. Ministro Djaci Falcão - Recife Antigo/PE",25313,2024-01-23,2024-01-08,2024-01-08,2024-01-08,2024-01-31T14:39:24,True,legado
16019105000062023,1601910562023,64215007454202373,160191,5,PREGÃO,62023,Publicado,eletronico,Nacional,ANTONIO MARCOS SANTOS MORAES,Ordenador de Despesas,6.0,28490.64,92439.84,Em acordo com edital e anex os,Pregão Eletrônico Contratação de Sol ução de Tecnologia da Informação e Comunicação de Impressão Corporativa (Outsourcing de Impres são),"Av. 17 de Agosto, 1020 - Casa Forte - Casa Forte/PE",25313,2024-01-22,2024-01-08,2024-01-08,2024-01-08,2024-03-11T16:33:11,True,legado
07001005000522023,7001005522023,0015545-86.2023  ,70010,5,PREGÃO,522023,Publicado,eletronico,Nacional,WILLAMS DE LUCENA ALVES,Pregoeiro,1.0,22400.0,46312.0,,"Pregão Eletrônico Aquisição de água mineral em garrafão de 20 litros a fim de atend er às demandas das unidades do TRE/PE para o ex ercício de 2024, abrangendo verba ordinária e d e eleições, de acordo com as especificações con stantes do Termo de Referência (ANEXO I) do Edi tal.","Av. Gov. Agamenon Magalhaes, 1.160, 4º Andar, Sala 408 - Graças/PE",25313,2024-01-23,2024-01-09,2024-01-09,2024-01-09,2024-01-25T08:35:32,True,legado
07001005000462023,7001005462023,0007946-96.2023  ,70010,5,PREGÃO,462023,Publicado,eletronico,Nacional,ELIANE RODRIGUES DE CARVALHO SILVA,Pregoeira,3.0,27999.84,109203.99,,"Pregão Eletrônico Contratação de emp resa para prestação de serviços de manutenção p reventiva e corretiva dos grupos geradores dies el do edifício-sede do TRE-PE, do Anexo do Entr oncamento e do QG Bongi, incluindo serviços de plantão e emergência, com fornecimento de mater iais, combustível e equipamentos necessários à prestação dos serviços.","Av. Gov. Agamenon Magalhaes, 1.160 - 4ºandar - Graças/PE",25313,2024-01-25,2024-01-09,2024-01-09,2024-01-09,2024-03-11T14:33:32,True,legado
16019905000392023,16019905392023,64583015617202301,160199,5,PREGÃO,392023,Publicado,eletronico,Nacional,CARLOS FREDERICO DE AZEVEDO PIRES,Ordenador de Despesas,6.0,,34.82,"Ocorrendo possíveis divergê ncias entre a descrição do item contido neste T ermo e a descrição vinculada ao código do mater ial no sistema Comprasnet(CATMAT), prevalecerá a descrição contida no Anexo I do Edital -Termo de Referência.","Pregão Eletrônico Registro de Preços para eventual aquisição de insumos laboratoria is com disponibilização de equipamento de autom ação através de comodato, visando atender às ne cessidades do Laboratório de Análises Clínicas no setor da COAGULAÇÃO, para atender as necessi dades do Hospital Militar de Área de Recife.","Rua do Hospício, 563 - Boa Vista - Boa Vista/PE",25313,2024-01-24,2024-01-12,2024-01-12,2024-01-12,2024-02-29T13:39:47,True,legado
12063205900022024,12063205900022024,67230007376202315,120632,5,PREGÃO,900022024,Publicado,eletronico,Nacional,RODRIGO ANTONIO SILVEIRA DOS SANTOS,Ordenador de Despesas,14.0,,1605.04,,Pregão Eletrônico Registro de prec o s para aquisic a o de ga s liquefeito de petro leo (GLP) para atender ao Grupamento de Apoio d e Recife (GAP-RF) e Organizac o es Militares ap oiadas.,Av Armindo Moura - Boa Viagem/PE,25313,2024-01-25,2024-01-12,2024-01-12,2024-01-12,2024-01-30T16:36:40,True,legado
15518005000552023,15518005552023,23542005375202258,155180,5,PREGÃO,552023,Publicado,eletronico,Nacional,GILBERIO ITALO DE ARAUJO SANTOS,Agente de Licitação,1.0,899994.99,1184434.97,,"Pregão Eletrônico Contratação de emp resa, com dedicação exclusiva de mão de obra, p ara prestação de serviço contínuo na área de En genharia Clínica para realização de serviços de manutenção preventiva e corretiva (com substit uição de peças por demanda), calibração, qualif icação, validação, testes de segurança elétrica e auxílio no gerenciamento de equipamentos méd ico-assistenciais em todas as Unidades Físicas e Anexos do HU-Univasf.",Av Jose de Sá Maniçoba S/n Centro - Centro/PE,25216,2024-02-02,2024-01-12,2024-01-12,2024-01-12,2024-02-20T08:46:47,True,legado
11009605900022024,11009605900022024,00587000643/2023 ,110096,5,PREGÃO,900022024,Publicado,eletronico,Nacional,ROSICLEIDE ALEXANDRE DA SILVA,Pregoeira,2.0,96764.13,106217.11,"O edital e seus anexos enco ntram-se disponíveis no Portal Nacional de Cont ratações Públicas (PNCP), no Portal de Compras do Governo Federal e no Portal da AGU, nos end ereços eletrônicos, respectivamente: https://ww w.gov.br/pncp/pt-br, https://www.gov.br/compras /pt-br e https://antigo.agu.gov.br/servico/lici tacao","Pregão Eletrônico Contratação de ser viços de segurança eletrônica com instalação, m anutenção preventiva e corretiva, incluindo a r eposição de peças e suporte técnico do sistema para atender às necessidades da Advocacia-Geral da União AGU na cidade de Petrolina, no esta do de Pernambuco","Avenida Herculano Bandeira, 716 - Pina/PE",25313,2024-01-26,2024-01-12,2024-01-12,2024-01-12,2024-02-02T15:59:49,True,legado
16019405000172023,16019405172023,64318063437202368,160194,5,PREGÃO,172023,Publicado,eletronico,Nacional,ALEXANDRE DA SILVA GALDINO,Ordenador de Despesas,296.0,,108709.13,,Pregão Eletrônico Contratação de emp resa para prestação do serviço comum de engenha ria de manutenção predial do Comando da 7 Regiã o Militar e Organizações Militares subordinadas .,"Av. Visconde de Sao Leopoldo, 198 - Engenho do Meio - Várzea/PE",25313,2024-01-29,2024-01-15,2024-01-15,2024-01-15,2024-03-07T14:26:45,True,legado
15442105000472023,15442105472023,23402019646202257,154421,5,PREGÃO,472023,Publicado,eletronico,Nacional,LUIZ CARLOS PINTO RIBEIRO,Pregoeiro,4.0,293367.94,1830321.66,,Pregão Eletrônico Contratação de emp resa para prestação de serviços de SEGURO TOTAL para os veículos oficiais pertencentes ao Proj eto de Integração do Rio São Francisco/PISF.,Av.jose de Sa Maniçoba S/n Centro-campus Universitário Petrolina - Centro/PE,25216,2024-01-29,2024-01-15,2024-01-15,2024-01-15,2024-02-19T16:41:03,True,legado
