codigoUasg,nomeUasg,usoSisg,adesaoSiasg,siglaUf,codigoMunicipio,codigoMunicipioIbge,nomeMunicipioIbge,codigoUnidadePolo,nomeUnidadePolo,codigoUnidadeEspelho,nomeUnidadeEspelho,uasgCadastradora,cnpjCpfUasg,codigoOrgao,cnpjCpfOrgao,cnpjCpfOrgaoVinculado,cnpjCpfOrgaoSuperior,codigoSiorg,statusUasg,dataImplantacaoSidec,dataHoraMovimento
026289,GERêNCIA DE FILIAL LOGíSTICA EM RECIFE,False,True,PE,25313,2611606.0,RECIFE,0,,0,,False,,25220,70000000013074,00394460000141,00394411000109,,True,2013-05-28T03:00:00.000+00:00,2013-05-28T15:59:00
086626,INSTITUTO DE PREVID DOS SERVID MUN DE POMBOS,False,True,PE,25259,2611309.0,POMBOS,0,,0,,False,,86626,07080825000102,11049848000121,10571982000125,,True,2025-04-02T03:00:00.000+00:00,2025-04-02T14:28:00
514190,FRGPS - APS ARARIPINA,False,False,PE,23213,2601102.0,ARARIPINA,0,,0,,False,,37904,16727230000197,,,,True,2017-06-21T03:00:00.000+00:00,2017-12-16T15:56:00
931101,CâMARA MUNICIPAL DE GOIANA-PE,False,True,PE,24236,2606200.0,GOIANA,0,,0,,False,,94630,11408655000110,,,,True,2024-03-05T03:00:00.000+00:00,2024-03-05T15:59:00
975134,FUNDO MUNICIPAL DE SAUDE CEDRO,False,True,PE,23850,2604304.0,CEDRO,0,,0,,False,,87833,12424026000146,,,,True,,2024-08-17T17:47:00
975131,FUNDO MUNICIPAL DE SAUDE SÃO JOÃO,False,True,PE,25631,2613206.0,SÃO JOÃO,0,,0,,False,,87830,03061099000120,,,,True,,2024-08-17T17:47:00
975124,FUNDO MUNICIPAL DE SAUDE MANARI,False,True,PE,5541,2609154.0,MANARI,0,,0,,False,,87823,11819732000124,,,,True,,2024-08-17T17:47:00
975121,FUNDO MUNICIPAL DE SAUDE JAQUEIRA,False,True,PE,5487,2607950.0,JAQUEIRA,0,,0,,False,,87820,09471844000195,,,,True,,2024-08-17T17:47:00
975137,FUNDO MUNICIPAL DE SAUDE OURICURI,False,True,PE,24970,2609907.0,OURICURI,0,,0,,False,,87836,11434981000100,,,,True,,2024-08-17T17:47:00
089232,UNIVERSIDADE DE PERNAMBUCO - CAMPUS PETROLINA,False,True,PE,25216,2611101.0,PETROLINA,0,,0,,False,,89232,11022597001082,10571982000125,0,,True,2025-07-04T03:00:00.000+00:00,2025-07-04T14:25:00
974417,FUNDO MUNICIPAL DE SAUDE MORENO,False,True,PE,24872,2609402.0,MORENO,0,,0,,False,,87116,08560938000178,,,,True,,2024-08-03T17:47:00
975112,FUNDO MUNICIPAL DE SAUDE BETÂNIA,False,True,PE,23353,2601805.0,BETÂNIA,0,,0,,False,,87811,19259219000138,,,,True,,2024-08-17T17:47:00
113211,CENTRO REG. DE CIENCIAS NUCLEARES DO NORDESTE,True,True,PE,25313,2611606.0,RECIFE,113209,COMISSAO NACIONAL DE ENERGIA NUCLEAR,0,,False,,20301,00402552000126,01263896000164,00394411000109,20756,True,2009-02-17T03:00:00.000+00:00,2025-07-04T16:06:00
110096,SUPERINT. DE ADMINISTRACAO EM PERNAMBUCO,True,True,PE,25313,2611606.0,RECIFE,110061,COORDENACAO-GERAL DE SERVICOS GERAIS,0,,True,,20114,26994558000123,00394411000109,00394411000109,56851,True,2000-12-20T02:00:00.000+00:00,2025-02-04T14:32:00
120007,PREFEITURA DA AERONAUTICA DE RECIFE,False,True,PE,25313,2611606.0,RECIFE,0,,0,,False,,52111,00394429000100,03277610000125,00394411000109,,True,1999-07-15T03:00:00.000+00:00,2025-05-06T18:30:00
060004,AUDITORIA DA 7A. CJM/PE,False,True,PE,25313,2611606.0,RECIFE,0,,0,,False,497552001803,13003,00497552001803,,,A1444,True,1999-07-15T03:00:00.000+00:00,2025-02-21T18:06:00
125140,CENTRO DE SUPORTE ADMINISTRATIVO DE RECIFE,False,True,PE,25313,2611606.0,RECIFE,125001,INFRAERO CENTRO CORPORATIVO/SEDE,0,,False,,20213,00352294000110,49582441000138,00394411000109,,True,1999-07-15T03:00:00.000+00:00,2025-01-21T08:12:00
975120,FUNDO MUNICIPAL DE SAUDE ITAÍBA,False,True,PE,24490,2607505.0,ITAÍBA,0,,0,,False,,87819,11826158000131,,,,True,,2024-08-17T17:47:00
125142,AEROPORTO DE RECIFE/SBRF,False,True,PE,25313,2611606.0,RECIFE,125001,INFRAERO CENTRO CORPORATIVO/SEDE,0,,False,,20213,00352294000110,49582441000138,00394411000109,,True,1999-07-15T03:00:00.000+00:00,2025-01-21T08:12:00
125141,AEROPORTO DE PETROLINA/SBPL,False,True,PE,25216,2611101.0,PETROLINA,125001,INFRAERO CENTRO CORPORATIVO/SEDE,0,,False,,20213,00352294000110,49582441000138,00394411000109,,True,1999-07-15T03:00:00.000+00:00,2025-01-21T08:12:00
151909,INSTITUTO FED. DE PERNAMBUCO/CAMPUS CARUARU,True,True,PE,23817,2604106.0,CARUARU,158136,"INST.FED.DE EDUC.,CIENC.E TEC.DE PERNAMBUCO",0,,True,,26418,10767239000145,00394445000101,00394411000109,103815,True,2010-08-31T03:00:00.000+00:00,2018-12-15T15:38:00
125402,EPTA PETROLINA,False,True,PE,25216,2611101.0,PETROLINA,125001,INFRAERO CENTRO CORPORATIVO/SEDE,0,,False,,20213,00352294000110,49582441000138,00394411000109,,True,2014-04-02T03:00:00.000+00:00,2025-01-21T15:56:00
152771,SUPERINTEND. DE SEGURANÇA INSTITUC. DA UFPE,True,True,PE,25313,2611606.0,RECIFE,0,,0,,True,,26242,24134488000108,00394445000101,00394411000109,00266414,True,2012-10-02T03:00:00.000+00:00,2025-01-13T12:29:00
154716,HOSP. ENSINO - UNIFASF,True,True,PE,25216,2611101.0,PETROLINA,154421,FUND. UNIVERSIDADE FEDERAL VALE SAO FRANCISCO,0,,False,,26230,05440725000114,00394445000101,00394411000109,124959,True,2014-01-15T02:00:00.000+00:00,2025-07-07T10:56:00
155022,HOSPITAL DAS CLINICAS DE PERNAMBUCO,False,True,PE,25313,2611606.0,RECIFE,155007,EMPRESA BRASILEIRA DE SERVIÇOS HOSPITALARES,0,,False,,26443,15126437000305,00394544000185,00394411000109,201441,True,2014-06-05T03:00:00.000+00:00,2025-03-18T17:23:00
154849,IFPE/CAMPUS CABO DE SANTO AGOSTINHO,True,True,PE,23574,2602902.0,CABO DE SANTO AGOSTINHO,158136,"INST.FED.DE EDUC.,CIENC.E TEC.DE PERNAMBUCO",0,,True,,26418,10767239000145,00394445000101,00394411000109,123863,True,2014-03-06T03:00:00.000+00:00,2014-05-26T08:06:00
151910,INSTITUTO FED.DE PERNAMBUCO/CAMPUS GARANHUNS,True,True,PE,24198,2606002.0,GARANHUNS,158136,"INST.FED.DE EDUC.,CIENC.E TEC.DE PERNAMBUCO",0,,True,,26418,10767239000145,00394445000101,00394411000109,110130,True,2010-08-31T03:00:00.000+00:00,2022-12-17T19:45:00
155341,IF DE PERNAMBUCO ABREU E LIMA,True,True,PE,26310,2600054.0,ABREU E LIMA,0,,0,,False,,26418,10767239000145,00394445000101,00394411000109,203509,True,2015-02-10T02:00:00.000+00:00,2023-06-22T08:04:00
151911,INST.FED.PERNAMBUCO/CAMPUS AF.INGAZEIRA,True,True,PE,23019,2600104.0,AFOGADOS DA INGAZEIRA,158136,"INST.FED.DE EDUC.,CIENC.E TEC.DE PERNAMBUCO",0,,True,,26418,10767239000145,00394445000101,00394411000109,110129,True,2010-08-31T03:00:00.000+00:00,2024-02-05T11:29:00
155217,INST FED.EDUC.CIEN. TEC. PE CAMPUS PAULISTA,True,True,PE,25135,2610707.0,PAULISTA,158136,"INST.FED.DE EDUC.,CIENC.E TEC.DE PERNAMBUCO",0,,True,,26418,10767239000145,00394445000101,00394411000109,202865,True,2015-01-16T02:00:00.000+00:00,2025-03-28T13:11:00
155228,INST FED. CIENC. TEC PE CAMPUS IGARASSU,True,True,PE,24350,2606804.0,IGARASSU,158136,"INST.FED.DE EDUC.,CIENC.E TEC.DE PERNAMBUCO",0,,True,,26418,10767239000145,00394445000101,00394411000109,202866,True,2015-01-19T02:00:00.000+00:00,2015-05-05T18:02:00
156661,CENTRO DE CIENCIAS MEDICAS DA UFPE,True,True,PE,25313,2611606.0,RECIFE,0,,0,,False,,26242,24134488000108,00394445000101,00394411000109,,True,2019-11-05T03:00:00.000+00:00,2020-12-20T17:32:00
158463,INST FED.DE PERNAMBUCO/CAMPUS IPOJUCA,True,True,PE,24430,2607208.0,IPOJUCA,158136,"INST.FED.DE EDUC.,CIENC.E TEC.DE PERNAMBUCO",0,,True,,26418,10767239000145,00394445000101,00394411000109,123864,True,2010-01-18T02:00:00.000+00:00,2024-06-21T11:49:00
158464,INST FED.DE PERNAMBUCO/CAMPUS RECIFE,True,True,PE,25313,2611606.0,RECIFE,158136,"INST.FED.DE EDUC.,CIENC.E TEC.DE PERNAMBUCO",0,,True,,26418,10767239000145,00394445000101,00394411000109,440,True,,2020-12-20T12:23:00
154728,PROCIT-UFPE,True,True,PE,25313,2611606.0,RECIFE,0,,0,,True,,26242,24134488000108,00394445000101,00394411000109,,True,2013-08-22T03:00:00.000+00:00,2014-10-20T15:29:00
155180,HOSP ENS DR WASHINGTON ANTONIO BARROS,False,True,PE,25216,2611101.0,PETROLINA,155007,EMPRESA BRASILEIRA DE SERVIÇOS HOSPITALARES,0,,False,,26443,15126437000305,00394544000185,00394411000109,201447,True,2014-12-11T02:00:00.000+00:00,2025-03-18T17:23:00
158568,INST.FED.DO SERTÃO PERNAMB/CAMPUS SALGUEIRO,True,True,PE,25437,2612208.0,SALGUEIRO,0,,0,,True,,26430,10830301000104,00394445000101,00394411000109,105247,True,2011-01-24T02:00:00.000+00:00,2023-04-18T16:27:00
158741,INST. FED. CAMPUS SERRA TALHADA,True,True,PE,25771,2613909.0,SERRA TALHADA,0,,0,,True,,26430,10830301000104,00394445000101,00394411000109,00204800,True,2014-10-15T03:00:00.000+00:00,2020-12-20T11:02:00
158465,INST FED.DE PERNAMBUCO/CAMPUS VITORIA S.ANTAO,True,True,PE,26271,2616407.0,VITÓRIA DE SANTO ANTÃO,158136,"INST.FED.DE EDUC.,CIENC.E TEC.DE PERNAMBUCO",0,,True,,26418,10767239000145,00394445000101,00394411000109,00001185,True,2010-01-18T02:00:00.000+00:00,2023-01-20T12:30:00
170341,ALFANDEGA DO PORTO DE SUAPE-PE,True,True,PE,24430,2607208.0,IPOJUCA,170058,SUP.REGIONAL RECEITA FEDERAL 4A.RF/PE,0,,False,,25000,00394460000141,00394411000109,00394411000109,11880,True,2001-12-31T02:00:00.000+00:00,2019-12-15T16:01:00
158149,INST.FED.EDUC.CIENC.E TEC.SERTãO PERNAMBUCANO,True,True,PE,25216,2611101.0,PETROLINA,0,,0,,True,,26430,10830301000104,00394445000101,00394411000109,215830,True,2009-06-17T03:00:00.000+00:00,2019-12-15T10:16:00
158136,"INST.FED.DE EDUC.,CIENC.E TEC.DE PERNAMBUCO",True,True,PE,25313,2611606.0,RECIFE,0,,0,,True,,26418,10767239000145,00394445000101,00394411000109,100922,True,2009-05-22T03:00:00.000+00:00,2022-12-17T11:11:00
158466,INST FED.DE PERNAMBUCO/CAMPUS BARREIROS,True,True,PE,23272,2601409.0,BARREIROS,158136,"INST.FED.DE EDUC.,CIENC.E TEC.DE PERNAMBUCO",0,,True,,26418,10767239000145,00394445000101,00394411000109,1184,True,2010-01-18T02:00:00.000+00:00,2012-05-03T09:52:00
158477,INST FED.DE PERNAMBUCO/CAMPUS PESQUEIRA,True,True,PE,25178,2610905.0,PESQUEIRA,158136,"INST.FED.DE EDUC.,CIENC.E TEC.DE PERNAMBUCO",0,,True,,26418,10767239000145,00394445000101,00394411000109,00103812,True,2010-01-18T02:00:00.000+00:00,2019-12-15T17:10:00
158500,INST FED.SERTãO PERNAMBUCANO/CAMPUS FLORESTA,True,True,PE,24139,2605707.0,FLORESTA,0,,0,,True,,26430,10830301000104,00394445000101,00394411000109,105781,True,2010-01-18T02:00:00.000+00:00,2016-01-15T15:12:00
158478,INST FED.DE PERNAMBUCO/CAMPUS BELO JARDIM,True,True,PE,23337,2601706.0,BELO JARDIM,158136,"INST.FED.DE EDUC.,CIENC.E TEC.DE PERNAMBUCO",0,,True,,26418,10767239000145,00394445000101,00394411000109,1183,True,2010-01-18T02:00:00.000+00:00,2022-12-17T14:34:00
158499,INST FED.SERTãO PERNAMBUCANO/CAMPUS PETROLINA,True,True,PE,25216,2611101.0,PETROLINA,0,,0,,True,,26430,10830301000104,00394445000101,00394411000109,105249,True,2010-01-18T02:00:00.000+00:00,2015-11-27T17:01:00
175028,CAIXA/GI.DE LICIT.CONTRATACOES EM RECIFE/PE,False,True,PE,25313,2611606.0,RECIFE,0,,0,,False,,25220,70000000013074,00394460000141,00394411000109,,True,1999-07-15T03:00:00.000+00:00,2015-11-11T14:07:00
193371,DIV. DE ESTUDOS E PESQ REGIONAIS/SUDENE-PE,True,True,PE,25313,2611606.0,RECIFE,0,,0,,False,,20601,10890804000167,03353358000196,00394411000109,,True,1999-07-15T03:00:00.000+00:00,2010-07-07T18:30:00
193393,DIV. DE ADM. DE PESSOAL - SUDENE,True,True,PE,25313,2611606.0,RECIFE,0,,0,,False,,20601,10890804000167,03353358000196,00394411000109,,True,1999-07-15T03:00:00.000+00:00,2010-07-07T18:30:00
170340,MF ALFANDEGA AEROPORTO INT. GUARARAPES - PE,True,True,PE,25313,2611606.0,RECIFE,170058,SUP.REGIONAL RECEITA FEDERAL 4A.RF/PE,0,,False,,25000,00394460000141,00394411000109,00394411000109,4796,True,2001-12-31T02:00:00.000+00:00,2019-12-15T11:18:00
195023,CIA DE DES.DOS VALES DO S.FRANC E DO PARNAIBA,False,True,PE,25313,2611606.0,RECIFE,0,,0,,False,,22203,00399857000126,03353358000196,00394411000109,,True,2023-08-11T03:00:00.000+00:00,2025-07-22T09:26:00
158570,INST.FED.DO SERTÃO PERNAMB/CAMPUS OURICURI,True,True,PE,24970,2609907.0,OURICURI,0,,0,,True,,26430,10830301000104,00394445000101,00394411000109,105248,True,2010-01-24T02:00:00.000+00:00,2011-10-27T10:18:00
158740,INST.FED.CAMPUS SANTA MARIA DA BOA VISTA,True,True,PE,25518,2612604.0,SANTA MARIA DA BOA VISTA,0,,0,,True,,26430,10830301000104,00394445000101,00394411000109,204801,True,2014-10-15T03:00:00.000+00:00,2023-09-13T14:23:00
232637,ESCRITOR JOSUE DE CASTRO,False,True,PE,25313,2611606.0,RECIFE,0,,0,,False,,85622,10565000000192,10571982000125,0,,True,2025-02-28T03:00:00.000+00:00,2025-02-28T15:22:00
257047,DISTRITO SANIT.ESP.INDÍGENA - PERNAMBUCO,True,True,PE,25313,2611606.0,RECIFE,257020,SECRETARIA ESPECIAL DE SAUDE INDIGENA - SESAI,0,,False,,36000,00394544000185,00394411000109,00394411000109,44331,True,2011-05-24T03:00:00.000+00:00,2018-12-15T13:33:00
335014,DATAPREV - UNIDADE REGIONAL PERNAMBUCO,False,True,PE,25313,2611606.0,RECIFE,238014,EMPRESA DE TEC. E INFORMAÇOES DA PREVID. S.A.,0,,False,,57280,42422253000101,00489828000155,00394411000109,,True,2002-06-03T03:00:00.000+00:00,2024-05-14T08:12:00
400072,SUPERINTENDÊNCIA REG. DO TRABALHO E EMPREGO,True,True,PE,25313,2611606.0,RECIFE,0,,0,,True,,40000,23612685000122,00394411000109,00394411000109,,True,2016-05-27T03:00:00.000+00:00,2024-02-05T10:30:00
455526,PREFEITURA MUNICIPAL DE CAMOCIM DE SÃO FÉLIX,False,True,PE,23698,2603504.0,CAMOCIM DE SÃO FÉLIX,0,,0,,False,,94620,10571982000125,0,0,,True,2010-05-11T03:00:00.000+00:00,2010-09-15T16:36:00
462406,FUNDO MUNICIPAL DE SAUDE DE PAUDALHO - PE,False,True,PE,25119,2610608.0,PAUDALHO,0,,0,,False,,98972,07868234000102,11097383000184,10571982000125,,True,2020-02-05T03:00:00.000+00:00,2024-04-07T15:14:00
462549,AGÊNCIA DE DEFESA FISC.AGROPEC.DO ESTADO PE,False,True,PE,25313,2611606.0,RECIFE,0,,0,,False,,94620,10571982000125,0,0,,True,2018-06-28T03:00:00.000+00:00,2024-05-17T08:49:00
460577,FUNDO MUNICIPAL DE SAUDE DE POMBOS,False,True,PE,25259,2611309.0,POMBOS,0,,0,,False,,94620,10571982000125,0,0,,True,2019-11-07T03:00:00.000+00:00,2020-12-20T17:34:00
459237,SECRETARIA DA CULTURA DO ESTADO DE PERNANBUCO,False,True,PE,25313,2611606.0,RECIFE,0,,0,,False,,94620,10571982000125,0,0,,True,2021-02-05T03:00:00.000+00:00,2021-12-12T19:28:00
514197,FRGPS - APS SERRA TALHADA,False,False,PE,25771,2613909.0,SERRA TALHADA,0,,0,,False,,37904,16727230000197,,,,True,2017-06-21T03:00:00.000+00:00,2017-12-16T15:14:00
456366,AGENCIA DE DES ECONOMICO DE PERNAMBUCO,False,True,PE,25313,2611606.0,RECIFE,0,,0,,False,,94620,10571982000125,0,0,,True,2019-04-08T03:00:00.000+00:00,2019-12-15T09:55:00
514180,FRGPS - GERENCIA EXECUTIVA RECIFE,False,False,PE,25313,2611606.0,RECIFE,0,,0,,False,,37904,16727230000197,,,,True,2017-06-21T03:00:00.000+00:00,2017-12-16T15:14:00
514195,FRGPS - GERENCIA EXECUTIVA PETROLINA,False,False,PE,25216,2611101.0,PETROLINA,0,,0,,False,,37904,16727230000197,,,,True,2017-06-21T03:00:00.000+00:00,2017-12-16T15:14:00
458688,AUTARQUIA EDUCAC.DO VALE DO SÃO FRANCISCO-PE,False,True,PE,25216,2611101.0,PETROLINA,0,,0,,False,,98977,11157971000166,10358190000177,10571982000125,,True,2020-10-14T03:00:00.000+00:00,2024-04-07T15:14:00
925340,INST. DESENV. SOCIAL E TRABALHO - PE,False,False,PE,25313,2611606.0,RECIFE,0,,0,,False,,94620,10571982000125,0,0,,True,2006-07-17T03:00:00.000+00:00,2010-03-18T10:00:00
925383,"SECRETARIA DE CIÊNCIA, TECN. E MEIO AMBIENTE",False,False,PE,25313,2611606.0,RECIFE,0,,0,,False,,25201,00038166000105,00394460000141,00394411000109,A39617,True,2006-08-21T03:00:00.000+00:00,2010-03-18T10:00:00
514206,FRGPS - GERENCIA EXECUTIVA GARANHUNS,False,False,PE,24198,2606002.0,GARANHUNS,0,,0,,False,,37904,16727230000197,,,,True,2017-06-21T03:00:00.000+00:00,2017-12-16T15:14:00
925215,GOVERNO DO ESTADO DE PERNAMBUCO,False,True,PE,25313,2611606.0,RECIFE,0,,0,,False,,94620,10571982000125,0,0,,True,2006-01-27T02:00:00.000+00:00,2024-03-01T08:12:00
925135,BANCO CENTRAL DO BRASIL - RECIFE,False,True,PE,25313,2611606.0,RECIFE,0,,0,,False,,25201,00038166000105,00394460000141,00394411000109,69805,True,2005-07-20T03:00:00.000+00:00,2018-12-15T12:59:00
925356,TRIBUNAL DE CONTAS DO ESTADO DE PERNAMBUCO,False,True,PE,25313,2611606.0,RECIFE,0,,0,,False,,94622,11435633000149,10571982000125,0,,True,2023-04-18T03:00:00.000+00:00,2023-04-18T14:30:00
925604,FUND. DE AMPARO à PESQUISA DE RECURSOS VIVOS,False,False,PE,5584,2614857.0,TAMANDARÉ,0,,0,,False,,94620,10571982000125,0,0,,True,2007-03-09T03:00:00.000+00:00,2010-03-18T10:00:00
925927,ECT - DIRETORIA REGIONAL DE PERNAMBUCO,False,True,PE,25313,2611606.0,RECIFE,148002,CORREIOS SEDE,0,,False,,49280,34028316000103,37753638000103,00394411000109,,True,2008-04-25T03:00:00.000+00:00,2013-07-04T13:33:00
925795,SENAI DEPARTAMENTO REGIONAL DE PERNAMBUCO,False,True,PE,25313,2611606.0,RECIFE,0,,0,,False,,39305,03789272000100,33564543000190,0,,True,2007-08-22T03:00:00.000+00:00,2024-10-09T14:44:00
926026,SERVICO SOCIAL DO COMERCIO - SESC AR/PE,False,False,PE,25313,2611606.0,RECIFE,0,,0,,False,,39206,03482931000161,33469164000111,0,,True,2009-02-10T02:00:00.000+00:00,2024-10-09T10:37:00
926041,FUNDAÇÃO DE APOIO AO DESENVOLVIMENTO DA UFPE,False,True,PE,25313,2611606.0,RECIFE,0,,0,,False,,26242,24134488000108,00394445000101,00394411000109,,True,2009-05-13T03:00:00.000+00:00,2013-02-22T08:29:00
926073,REFINARIA ABREU E LIMA S.A,False,True,PE,24430,2607208.0,IPOJUCA,910816,PETROLEO BRASILEIRO S/A,0,,False,,91084,02709449000159,37115383000153,00394411000109,,True,2010-02-08T02:00:00.000+00:00,2012-06-29T15:32:00
925690,ASSOCIAÇÃO CONVIVER NO SERTÃO,False,True,PE,24856,2609303.0,MIRANDIBA,0,,0,,False,,25201,00038166000105,00394460000141,00394411000109,,True,2007-05-08T03:00:00.000+00:00,2010-03-18T10:00:00
925499,MOVIMENTO GAY LEÕES DO NORTE,False,True,PE,25313,2611606.0,RECIFE,0,,0,,False,,25201,00038166000105,00394460000141,00394411000109,,True,2006-11-08T02:00:00.000+00:00,2010-03-18T10:00:00
925705,FUNDO DE TERRAS DE PERNAMBUCO,False,True,PE,25313,2611606.0,RECIFE,0,,0,,False,,25201,00038166000105,00394460000141,00394411000109,,True,2007-05-08T03:00:00.000+00:00,2010-03-18T10:00:00
925412,EMPRESA PERNAMBUCANA DE PESQUISA AGROPECUáRIA,False,False,PE,25313,2611606.0,RECIFE,0,,0,,False,,94620,10571982000125,0,0,,True,2006-09-19T03:00:00.000+00:00,2010-03-18T10:00:00
926172,EMPR. BRAS. DE HEMODERIVADOS E BIOTECNOLOGIA,False,True,PE,25313,2611606.0,RECIFE,925305,EMPRESA BRAS. DE HEMOD. E BIOTETECNOLOGIA,0,,False,,36000,00394544000185,00394411000109,00394411000109,,True,,2015-11-27T15:31:00
926288,SECRETARIA MUNICIPAL DE SAUDE DE PETROLINA-PE,False,True,PE,25216,2611101.0,PETROLINA,0,,0,,False,,98979,06081158000110,10358190000177,10571982000125,,True,2021-09-16T03:00:00.000+00:00,2024-04-07T15:14:00
926075,FUNDAÇÃO ESTATAL MUNC.DE SAÚDE DE PETROLINA,False,True,PE,25216,2611101.0,PETROLINA,0,,0,,False,,98976,09582921000184,10358190000177,10571982000125,,True,2010-02-17T02:00:00.000+00:00,2024-04-07T15:14:00
925670,CENTRO DE EDUC.E CULTURA DO TRABALHADOR RURAL,False,True,PE,25313,2611606.0,RECIFE,0,,0,,False,,25201,00038166000105,00394460000141,00394411000109,,True,2007-05-07T03:00:00.000+00:00,2010-03-18T10:00:00
926171,EMP. BRAS. DE HEMODERIVADOS E BIOTECNOLOGIA,False,True,PE,25313,2611606.0,RECIFE,925305,EMPRESA BRAS. DE HEMOD. E BIOTETECNOLOGIA,0,,False,,36000,00394544000185,00394411000109,00394411000109,,True,2011-10-31T02:00:00.000+00:00,2024-04-17T10:19:00
926496,TRIBUNAL DE JUSTIÇA DE PERNAMBUCO,False,True,PE,25313,2611606.0,RECIFE,0,,0,,False,,94625,11431327000134,10571982000125,0,,True,2021-12-13T03:00:00.000+00:00,2022-12-17T17:09:00
927058,CENTRO UNIVERSIT.INTEG.SAÚDE AMAURY MEDEIROS,False,True,PE,25313,2611606.0,RECIFE,0,,0,,False,,94620,10571982000125,0,0,,True,2018-07-20T03:00:00.000+00:00,2024-06-19T15:34:00
462849,FUNDO MUNICIPAL DE SAUDE DE SÃO CAITANO - PE,False,True,PE,25615,2613107.0,SÃO CAITANO,0,,0,,False,,98991,12775279000164,10091585000156,10571982000125,,True,2020-06-01T03:00:00.000+00:00,2024-04-07T15:14:00
514199,FRGPS - GERENCIA EXECUTIVA CARUARU,False,False,PE,23817,2604106.0,CARUARU,0,,0,,False,,37904,16727230000197,,,,True,2017-06-21T03:00:00.000+00:00,2017-12-16T15:14:00
926117,SECRETARIA DA FAZENDA DO GOVERNO DE PE,False,True,PE,25313,2611606.0,RECIFE,0,,0,,False,,94620,10571982000125,0,0,,True,2024-08-14T03:00:00.000+00:00,2024-08-14T12:33:00
926174,EMPR. BRAS. DE HEMODERIVADOS E BIOECNOLOGIA,False,True,PE,24236,2606200.0,GOIANA,925305,EMPRESA BRAS. DE HEMOD. E BIOTETECNOLOGIA,0,,False,,36000,00394544000185,00394411000109,00394411000109,,True,2011-10-31T02:00:00.000+00:00,2015-11-27T15:32:00
926175,EMPR. BRAS. DE HEMODERIVADOS E BIOTECNOLOGIA,False,True,PE,24570,2607901.0,JABOATÃO DOS GUARARAPES,925305,EMPRESA BRAS. DE HEMOD. E BIOTETECNOLOGIA,0,,False,,36000,00394544000185,00394411000109,00394411000109,,True,2011-10-31T02:00:00.000+00:00,2015-11-27T15:33:00
927093,FUNDO MUNICIPAL DE SAÚDE DE RECIFE,False,True,PE,25313,2611606.0,RECIFE,0,,0,,False,,94620,10571982000125,0,0,,True,2018-08-13T03:00:00.000+00:00,2021-12-12T12:20:00
927108,SECRETARIA DA MULHER/PE,False,True,PE,25313,2611606.0,RECIFE,0,,0,,False,,94620,10571982000125,0,0,,True,2018-08-20T03:00:00.000+00:00,2024-05-13T09:13:00
927202,AGÊNCIA ESTADUAL DE PLANEJAMENTO E PESQUISAS,False,True,PE,25313,2611606.0,RECIFE,0,,0,,False,,94620,10571982000125,0,0,,True,2018-10-04T03:00:00.000+00:00,2018-12-15T09:01:00
927209,FUNDAÇÃO DE APOS. E PENSÕES DOS SERV. DE PE,False,True,PE,25313,2611606.0,RECIFE,0,,0,,False,,94620,10571982000125,0,0,,True,2024-04-23T03:00:00.000+00:00,2024-04-23T15:13:00
926264,INSTITUTO DE PESOS E MEDIDAS DO EST.DE PERNAM,False,True,PE,25313,2611606.0,RECIFE,0,,0,,False,,94620,10571982000125,0,0,,True,2013-02-18T03:00:00.000+00:00,2024-01-19T11:31:00
926268,SECR. DO MIN. PUBLICO DO EST. DE PERNAMBUCO,False,True,PE,25313,2611606.0,RECIFE,0,,0,,False,,94620,10571982000125,0,0,,True,2013-03-14T03:00:00.000+00:00,2013-03-14T17:26:00
926863,HOSPITAL DA RESTAURAÇÃO,False,True,PE,25313,2611606.0,RECIFE,0,,0,,False,,94620,10571982000125,0,0,,True,2018-04-23T03:00:00.000+00:00,2018-12-15T14:10:00
927407,1ª COMPANHIA INDEP DE POL E MEIO AMB DA PM/PE,False,True,PE,24350,2606804.0,IGARASSU,0,,0,,False,,94620,10571982000125,0,0,,True,2019-04-08T03:00:00.000+00:00,2019-12-15T10:13:00
926807,AUTARQUIA DO ENSINO SUPERIOR DE GARANHUNS -PE,False,True,PE,24198,2606002.0,GARANHUNS,0,,0,,False,,94709,11224920000100,24513574000121,08993917000146,,True,2017-12-14T02:00:00.000+00:00,2024-04-07T15:14:00
926809,SECRETARIA MUNICIPAL DE SAUDE DE CARUARU - PE,False,True,PE,23817,2604106.0,CARUARU,0,,0,,False,,94699,10572048001523,10091536000113,10571982000125,,True,2017-12-19T02:00:00.000+00:00,2024-04-07T15:14:00
926992,FUNDO MUNICIPAL DE ASSISTÊNCIA SOCIAL,False,True,PE,25313,2611606.0,RECIFE,0,,0,,False,,94620,10571982000125,0,0,,True,2018-06-29T03:00:00.000+00:00,2018-12-15T11:27:00
926895,SECRETARIA DE EDUCAÇÃO E ESPORTES,False,True,PE,25313,2611606.0,RECIFE,0,,0,,False,,94620,10571982000125,0,0,,True,2018-05-21T03:00:00.000+00:00,2020-12-20T12:18:00
926928,AUTARQUIA DE URBANIZAÇÃO DO RECIFE,False,True,PE,25313,2611606.0,RECIFE,0,,0,,False,,94620,10571982000125,0,0,,True,2018-06-08T03:00:00.000+00:00,2018-12-15T16:38:00
926660,23ª VARA FEDERAL DE GARANHUNS,False,True,PE,24198,2606002.0,GARANHUNS,0,,0,,False,,12000,508903000188,,,,True,2017-01-03T02:00:00.000+00:00,2017-12-16T11:11:00
927024,1º BATALHÃO DE POLICIAMENTO DE TRÂNSITO DE PE,False,True,PE,25313,2611606.0,RECIFE,0,,0,,False,,94620,10571982000125,0,0,,True,2018-07-09T03:00:00.000+00:00,2018-12-15T17:13:00
927224,INSTITUTO DE TERRAS E REFORMA AGRARIA DE PE,False,True,PE,25313,2611606.0,RECIFE,0,,0,,False,,94620,10571982000125,0,0,,True,2021-08-04T03:00:00.000+00:00,2021-12-12T16:22:00
927808,ASSEMBLEIA LEGISLATIVA DO ESTADO DE PE,False,True,PE,25313,2611606.0,RECIFE,0,,0,,False,,94621,11426103000134,10571982000125,0,,True,2019-12-19T03:00:00.000+00:00,2022-12-17T17:09:00
927855,FUNDO MUNICIPAL DE EDUCAÇÃO DE PAUDALHO - PE,False,True,PE,25119,2610608.0,PAUDALHO,0,,0,,False,,98971,29355454000167,11097383000184,10571982000125,,True,2020-02-05T03:00:00.000+00:00,2024-04-07T15:14:00
927373,FUNDO MUNICIPAL DE EDUCAÇÃO DE OLINDA,False,True,PE,24910,2609600.0,OLINDA,0,,0,,False,,94620,10571982000125,0,0,,True,2021-08-16T03:00:00.000+00:00,2021-12-12T15:41:00
927977,FUNDO MUNICIPAL DE SAUDE DE FEIRA NOVA - PE,False,True,PE,24074,2605400.0,FEIRA NOVA,0,,0,,False,,94707,11472134000121,11097243000106,10571982000125,,True,2020-04-29T03:00:00.000+00:00,2024-04-07T15:14:00
927510,AGENCIA PERNAMBUCANA DE VIGILANCIA SANITARIA,False,True,PE,25313,2611606.0,RECIFE,0,,0,,False,,94620,10571982000125,0,0,,True,2019-07-16T03:00:00.000+00:00,2019-12-15T13:27:00
927616,AUTARQUIA PREV.DO MUNICIPIO DO IPOJUCA/PE,False,True,PE,24430,2607208.0,IPOJUCA,0,,0,,False,,94620,10571982000125,0,0,,True,2019-08-29T03:00:00.000+00:00,2019-12-15T15:47:00
927086,CORPO DE BOMBEIROS MILITAR DE PERNAMBUCO,False,True,PE,25313,2611606.0,RECIFE,0,,0,,False,,94620,10571982000125,0,0,,True,2018-08-07T03:00:00.000+00:00,2018-12-15T11:41:00
927153,UNIVERSIDADE DE PERNAMBUCO-CAMPUS GARANHUNS,False,True,PE,24198,2606002.0,GARANHUNS,0,,0,,False,,94620,10571982000125,0,0,,True,2018-09-12T03:00:00.000+00:00,2018-12-15T14:25:00
927186,EMPRESA MUN DE INFORMÁTICA,False,True,PE,25313,2611606.0,RECIFE,0,,0,,False,,94620,10571982000125,0,0,,True,2018-09-27T03:00:00.000+00:00,2018-12-15T14:33:00
927715,FUNDO MUN.DE ASSIST.SOC.DE LAGOA ITAENGA,False,True,PE,24694,2608503.0,LAGOA DE ITAENGA,0,,0,,False,,94620,10571982000125,0,0,,True,2019-11-04T03:00:00.000+00:00,2020-12-20T17:32:00
928181,FUNDO MUNIC.DE ASSISTÊNCIA SOCIAL DE LIMOEIRO,False,True,PE,24775,2608909.0,LIMOEIRO,0,,0,,False,,98958,12570642000105,11097292000149,10571982000125,,True,2020-08-21T03:00:00.000+00:00,2024-04-07T15:14:00
927473,FUNDO MUNICIPAL DE ASSISTÊNCIA SOCIAL,False,True,PE,24350,2606804.0,IGARASSU,0,,0,,False,,94620,10571982000125,0,0,,True,2019-06-24T03:00:00.000+00:00,2019-12-15T17:32:00
927278,INSTITUTO DE PREVIDÊNCIA DOS SERV. PÚBLICOS,False,True,PE,24570,2607901.0,JABOATÃO DOS GUARARAPES,0,,0,,False,,94620,10571982000125,0,0,,True,2018-11-09T02:00:00.000+00:00,2018-12-15T15:52:00
927210,HOSPITAL GETÚLIO VARGAS/PE,False,True,PE,25313,2611606.0,RECIFE,0,,0,,False,,94620,10571982000125,0,0,,True,2020-11-05T03:00:00.000+00:00,2020-12-20T15:47:00
927326,DIRETORIA DE APOIO ADM. AO SISTEMA DE SAÚDE,False,True,PE,25313,2611606.0,RECIFE,0,,0,,False,,94620,10571982000125,0,0,,True,2019-01-03T02:00:00.000+00:00,2019-12-15T14:36:00
927381,CONSELHO REGIONAL DE CORRETORES DE IMOVEIS-PE,False,True,PE,25313,2611606.0,RECIFE,0,,0,,False,,38757,11005444000136,62658737000153,37115367000160,,True,2025-01-09T03:00:00.000+00:00,2025-01-09T17:45:00
927400,AUTARQUIA DE MANUTENÇÃO E LIMPEZA URBANA,False,True,PE,25313,2611606.0,RECIFE,0,,0,,False,,94620,10571982000125,0,0,,True,2019-03-26T03:00:00.000+00:00,2019-12-15T13:48:00
928249,AUTARQUIA MUNIC.DO ENSINO SUPERIOR DE GOIANA,False,True,PE,24236,2606200.0,GOIANA,0,,0,,False,,94711,11408812000197,10150043000107,10571982000125,,True,2020-10-06T03:00:00.000+00:00,2024-04-07T15:14:00
927890,FUNDO MUN.DE ASSIST.SOCIAL DA VIT.DE S.ANTÃO,False,True,PE,26271,2616407.0,VITÓRIA DE SANTO ANTÃO,0,,0,,False,,94620,10571982000125,0,0,,True,2020-02-26T03:00:00.000+00:00,2020-12-20T15:05:00
927516,FUNDO MUN DE ASSISTENCIA SOCIAL DE CARUARU-PE,False,True,PE,23817,2604106.0,CARUARU,0,,0,,False,,94698,13454844000154,10091536000113,10571982000125,,True,2019-07-17T03:00:00.000+00:00,2024-04-07T15:14:00
927296,AUTARQUIA MUN DE PREV E ASSIST A SAUDE SERV,False,True,PE,25313,2611606.0,RECIFE,0,,0,,False,,94620,10571982000125,0,0,,True,2021-08-20T03:00:00.000+00:00,2021-12-12T14:12:00
927459,GRANDE RECIFE CONSÓRCIO DE TRANSPORTE,False,True,PE,25313,2611606.0,RECIFE,0,,0,,False,,94620,10571982000125,0,0,,True,2019-06-17T03:00:00.000+00:00,2019-12-15T17:05:00
927948,GERENCIA GERAL DE PROT. E DEFESA DO CONSUMIDO,False,True,PE,25313,2611606.0,RECIFE,0,,0,,False,,94620,10571982000125,0,0,,True,2020-04-07T03:00:00.000+00:00,2020-12-20T16:07:00
928022,FUNDO MUNICIPAL DE SAUDE DE BELO JARDIM - PE,False,True,PE,23337,2601706.0,BELO JARDIM,0,,0,,False,,94700,10260222000105,10571982000125,0,,True,2020-05-25T03:00:00.000+00:00,2024-04-07T15:14:00
927469,HOSPITAL CORREIA PICANÇO,False,True,PE,25313,2611606.0,RECIFE,0,,0,,False,,94620,10571982000125,0,0,,True,2019-06-24T03:00:00.000+00:00,2019-12-15T10:10:00
927521,AUTAR TER DISTRITO EST FERNANDO DE NORANHA,False,True,PE,30015,2605459.0,FERNANDO DE NORONHA,0,,0,,False,,94620,10571982000125,0,0,,True,2019-07-18T03:00:00.000+00:00,2019-12-15T10:23:00
928342,INSTITUTO NAC.METEOR.3ºDISTRI DE METEOROLOGIA,False,True,PE,25313,2611606.0,RECIFE,0,,0,,False,,94620,10571982000125,0,0,,True,2021-01-12T03:00:00.000+00:00,2021-12-12T11:08:00
927555,POLICIA CIVIL DE PERNAMBUCO,False,True,PE,25313,2611606.0,RECIFE,0,,0,,False,,94620,10571982000125,0,0,,True,2019-08-01T03:00:00.000+00:00,2019-12-15T15:31:00
927622,CENTRO DE REEDUCAçãO DA POLíCIA MILITAR/PE,False,True,PE,26310,2600054.0,ABREU E LIMA,0,,0,,False,,94620,10571982000125,0,0,,True,2019-08-30T03:00:00.000+00:00,2019-12-15T15:04:00
927531,CONSELHO REGIONAL DE SERVICO SOCIAL 4ª - PE,False,True,PE,25313,2611606.0,RECIFE,0,,0,,False,,38772,11869591000154,33874330000165,,,True,2019-07-19T03:00:00.000+00:00,2023-03-24T15:26:00
927557,FUNDO DE TRANSPORTE E TRANS DO MUNIC OLINDA,False,True,PE,24910,2609600.0,OLINDA,0,,0,,False,,94620,10571982000125,0,0,,True,2019-08-06T03:00:00.000+00:00,2019-12-15T09:00:00
927618,CONSELHO REG. DOS TECNICOS INDUSTRIAIS 3ª-PE,False,True,PE,25313,2611606.0,RECIFE,0,,0,,False,,38894,32784418000123,30871497000184,37115367000160,,True,2019-08-29T03:00:00.000+00:00,2024-05-29T11:44:00
928423,INSTITUTO DE PREVIDENCIA SOC.DO MUN.PAULISTA,False,True,PE,25135,2610707.0,PAULISTA,0,,0,,False,,98974,07010511000133,10408839000117,10571982000125,,True,2021-02-25T03:00:00.000+00:00,2024-04-07T15:14:00
928472,AGÊNCIA DE FOMENTO DO ESTADO DE PERNAMBUCO,False,True,PE,25313,2611606.0,RECIFE,0,,0,,False,,94620,10571982000125,0,0,,True,2021-03-29T03:00:00.000+00:00,2021-12-12T16:14:00
927757,CENTRO DE SUPRIMENTO E MANUT.DE INTENDENCIA,False,True,PE,25313,2611606.0,RECIFE,0,,0,,False,,94620,10571982000125,0,0,,True,2019-11-20T03:00:00.000+00:00,2020-12-20T17:26:00
927867,ESCOLA DE CONTAS PUB PROF BARRETO GUIMARAES,False,True,PE,25313,2611606.0,RECIFE,0,,0,,False,,94620,10571982000125,0,0,,True,2020-02-12T03:00:00.000+00:00,2020-12-20T15:31:00
927910,COMPANHIA IND. DE MUSICA DA POLÍCIA MILITAR,False,True,PE,25313,2611606.0,RECIFE,0,,0,,False,,94620,10571982000125,0,0,,True,2020-03-11T03:00:00.000+00:00,2020-12-20T15:09:00
927718,FUNDO MUNICIPAL DE SAUDE DE LAGOA DO ITAENGA,False,True,PE,24694,2608503.0,LAGOA DE ITAENGA,0,,0,,False,,94620,10571982000125,0,0,,True,2019-11-04T03:00:00.000+00:00,2020-12-20T17:26:00
927649,EMPRESA MUNICIPAL DE ENERGIA E ILUM.PÚBLICA,False,True,PE,24570,2607901.0,JABOATÃO DOS GUARARAPES,0,,0,,False,,98953,04440139000107,10377679000196,10571982000125,,True,2019-09-19T03:00:00.000+00:00,2024-04-07T15:14:00
928330,AGENCIA PERNANBUCANA DE AGUAS E CLIMA/PE,False,True,PE,25313,2611606.0,RECIFE,0,,0,,False,,94620,10571982000125,0,0,,True,2020-12-21T03:00:00.000+00:00,2020-12-20T11:13:00
928365,FUNDO MUNICIPAL DE ASSIS.SOCIAL BARREIROS-PE,False,True,PE,23272,2601409.0,BARREIROS,0,,0,,False,,94684,01856164000188,10110989000140,10571982000125,,True,2021-01-26T03:00:00.000+00:00,2024-04-07T15:14:00
927814,HOSPITAL REGIONAL DO AGRESTE DE CARUARU,False,True,PE,23817,2604106.0,CARUARU,0,,0,,False,,94620,10571982000125,0,0,,True,2019-12-27T03:00:00.000+00:00,2020-12-20T17:26:00
928047,FUNDO MUNIC.DE ASSIST.SOCIAL DE SÃO CAITANO,False,True,PE,25615,2613107.0,SÃO CAITANO,0,,0,,False,,98990,12130524000186,10091585000156,10571982000125,,True,2020-05-04T03:00:00.000+00:00,2024-04-07T15:14:00
928133,FUNDO MUNICIPAL DE SAUDE DE SAO JOSE DO EGITO,False,True,PE,25712,2613602.0,SÃO JOSÉ DO EGITO,0,,0,,False,,94620,10571982000125,0,0,,True,2020-07-31T03:00:00.000+00:00,2020-12-20T16:37:00
927875,INSTITUTO DE PREV.SOC.DOS SERV.DO MUN.C.S.AG.,False,True,PE,23574,2602902.0,CABO DE SANTO AGOSTINHO,0,,0,,False,,94620,10571982000125,0,0,,True,2020-02-17T03:00:00.000+00:00,2020-12-20T12:32:00
927729,CONSELHO REGIONAL ARQUITETURA E URBANISMO-PE,False,True,PE,25313,2611606.0,RECIFE,0,,0,,False,,39081,14944213000186,14702767000177,00394445000101,,True,2019-11-06T03:00:00.000+00:00,2024-04-07T15:14:00
928447,FUNDO MUNICIPAL DE SAÚDE DE SANHARÓ - PE,False,True,PE,25470,2612406.0,SANHARÓ,0,,0,,False,,98984,10725387000105,11044906000124,10571982000125,,True,2021-03-12T03:00:00.000+00:00,2024-04-07T15:14:00
927953,FUNDO MUNICIPAL DE SAÚDE DE VICÊNCIA - PE,False,True,PE,26255,2616308.0,VICÊNCIA,0,,0,,False,,98999,10566414000136,10168235000140,10571982000125,,True,2020-04-08T03:00:00.000+00:00,2024-04-07T15:14:00
927785,GUARDA MUNICIPAL DE PETROLINA,False,True,PE,25216,2611101.0,PETROLINA,0,,0,,False,,94620,10571982000125,0,0,,True,2019-12-09T03:00:00.000+00:00,2020-12-20T17:26:00
927802,CAMARA MUNICIPAL VEREADORES DOS PALMARES,False,True,PE,24996,2610004.0,PALMARES,0,,0,,False,,94620,10571982000125,0,0,,True,2019-12-18T03:00:00.000+00:00,2020-12-20T17:32:00
927969,FUNDO MUNICIPAL DE SAUDE DE LIMOEIRO - PE,False,True,PE,24775,2608909.0,LIMOEIRO,0,,0,,False,,98960,10628610000198,11097292000149,10571982000125,,True,2020-04-22T03:00:00.000+00:00,2024-04-07T15:14:00
925683,MOVIMENTO DA MULHER TRAB.RURAL DO NORDESTE,False,True,PE,23817,2604106.0,CARUARU,0,,0,,False,,25201,00038166000105,00394460000141,00394411000109,,True,2007-05-07T03:00:00.000+00:00,2010-03-18T10:00:00
928899,SECRETARIA DE CIENIA TEC. E INOVAÇAO/PE,False,True,PE,25313,2611606.0,RECIFE,0,,0,,False,,94620,10571982000125,0,0,,True,2021-10-06T03:00:00.000+00:00,2021-12-12T13:58:00
927901,FUNDO MUNICIPAL DE SAUDE DE QUIXABA PE,False,True,PE,26379,2611533.0,QUIXABA,0,,0,,False,,94620,10571982000125,0,0,,True,2020-03-10T03:00:00.000+00:00,2020-12-20T15:18:00
928142,CAMARA MUNICIPAL DE IPOJUCA - PE,False,True,PE,24430,2607208.0,IPOJUCA,0,,0,,False,,94716,08907347000124,10571982000125,0,,True,2020-08-05T03:00:00.000+00:00,2024-04-07T15:14:00
928107,FUNDO MUNICIPAL DE SAUDE DE VERTENTE DO LERIO,False,False,PE,22918,2616183.0,VERTENTE DO LÉRIO,0,,0,,False,,98997,69902112000134,40893646000160,10571982000125,,True,,2024-04-07T15:14:00
928277,FUNDO MUNICIPAL DE SAUDE DE FREI MIGUELINHO,False,True,PE,24155,2605806.0,FREI MIGUELINHO,0,,0,,False,,94620,10571982000125,0,0,,True,2020-10-26T03:00:00.000+00:00,2020-12-20T08:38:00
929063,ESCOLA POLITÉCNICA DE PERNAMBUCO/PE,False,True,PE,25313,2611606.0,RECIFE,0,,0,,False,,94620,10571982000125,0,0,,True,2021-12-01T03:00:00.000+00:00,2021-12-12T15:20:00
928266,FUNDO MUN.DE EDUCAÇÃO DE VERTENTE DO LÉRIO-PE,False,True,PE,22918,2616183.0,VERTENTE DO LÉRIO,0,,0,,False,,98996,31055800000133,40893646000160,10571982000125,,True,2020-10-15T03:00:00.000+00:00,2024-04-07T15:14:00
928039,CAMARA MUNICIPAL DE OLINDA - PE,False,True,PE,24910,2609600.0,OLINDA,0,,0,,False,,98965,11527108000153,10571982000125,0,,True,2020-06-02T03:00:00.000+00:00,2024-04-07T15:14:00
928334,FUNDO MUNICIPAL DE EDUCAÇÃO DE PAUDALHO,False,False,PE,25119,2610608.0,PAUDALHO,0,,0,,False,,94620,10571982000125,0,0,,True,2021-01-04T03:00:00.000+00:00,2021-12-12T17:41:00
928340,FUNDO MUNIC.DE SAÚDE DE STA CRUZ CAPIBARIBE,False,True,PE,25496,2612505.0,SANTA CRUZ DO CAPIBARIBE,0,,0,,False,,98986,11196515000125,10091569000163,10571982000125,,True,2021-01-11T03:00:00.000+00:00,2024-04-07T15:14:00
928362,CAMARA MUNICIPAL DA VITÓRIA DE SANTO ANTÃO-PE,False,True,PE,26271,2616407.0,VITÓRIA DE SANTO ANTÃO,0,,0,,False,,99000,11491628000153,10571982000125,0,,True,2021-01-26T03:00:00.000+00:00,2024-04-07T15:14:00
928333,SERVIÇO NACIONAL DE APRENDIZAGEM COMERCIAL-PE,False,True,PE,25313,2611606.0,RECIFE,0,,0,,False,,39155,03485324000155,03296968000367,0,,True,2020-12-23T03:00:00.000+00:00,2024-10-09T09:15:00
928360,FUNDO MUNICIPAL DE SAUDE DE BARREIROS - PE,False,True,PE,23272,2601409.0,BARREIROS,0,,0,,False,,94686,11514360000128,10110989000140,10571982000125,,True,2021-01-26T03:00:00.000+00:00,2024-04-07T15:14:00
928192,FUNDO MUNICIPAL DE SAÚDE DE IBIRAJUBA/PE,False,True,PE,24333,2606705.0,IBIRAJUBA,0,,0,,False,,94620,10571982000125,0,0,,True,2020-08-24T03:00:00.000+00:00,2020-12-20T14:47:00
928323,PRONTO S. CARDIOLOGICO DE PE. PROF. LUIZ TAV,False,True,PE,25313,2611606.0,RECIFE,0,,0,,False,,94620,10571982000125,0,0,,True,2020-12-14T03:00:00.000+00:00,2020-12-20T15:26:00
928355,FUNDO MUNICIPAL DE SAUDE DE CASINHAS - PE,False,True,PE,5460,2604155.0,CASINHAS,0,,0,,False,,99004,07622498000173,01618704000195,10571982000125,,True,2021-01-20T03:00:00.000+00:00,2024-04-07T15:14:00
928380,FUNDO MUNICIPAL DE EDUCAÇAO DE BARREIROS - PE,False,True,PE,23272,2601409.0,BARREIROS,0,,0,,False,,94685,31571296000124,10110989000140,10571982000125,,True,2021-01-29T03:00:00.000+00:00,2024-04-07T15:14:00
928441,POLICIA MILITAR DE PERNANBUCO,False,True,PE,25313,2611606.0,RECIFE,0,,0,,False,,94620,10571982000125,0,0,,True,2021-03-08T03:00:00.000+00:00,2021-12-12T11:14:00
928442,CAMARA MUNICIPAL DE CARUARU - PE,False,True,PE,23817,2604106.0,CARUARU,0,,0,,False,,94694,11472180000120,10571982000125,0,,True,2021-03-09T03:00:00.000+00:00,2024-04-07T15:14:00
928450,AUTARQUIA DE TRANSITO E TRANS. DE ARCOVERDE,False,True,PE,23230,2601201.0,ARCOVERDE,0,,0,,False,,94682,13609436000124,10105955000167,10571982000125,,True,2021-03-15T03:00:00.000+00:00,2024-04-07T15:14:00
928341,FUNDO MUNICIPAL DE EDUCAÇÃO DE LIMOEIRO - PE,False,True,PE,24775,2608909.0,LIMOEIRO,0,,0,,False,,98959,30773502000116,11097292000149,10571982000125,,True,2021-01-11T03:00:00.000+00:00,2024-04-07T15:14:00
928547,FUNDO MUNICIPAL DE SAUDE DE BOM JARDIM,False,True,PE,23434,2602209.0,BOM JARDIM,0,,0,,False,,94620,10571982000125,0,0,,True,2021-05-11T03:00:00.000+00:00,2021-12-12T15:00:00
929073,FUNDO MUN.DE SAUDE DO MUNICIPIO DE PAULISTA,False,True,PE,25135,2610707.0,PAULISTA,0,,0,,False,,94620,10571982000125,0,0,,True,2012-12-07T02:00:00.000+00:00,2021-12-12T14:44:00
929074,FUNDO MUN. DE ASSISTENCUIA SOCIAL/IPOJUCA,False,True,PE,24430,2607208.0,IPOJUCA,0,,0,,False,,94620,10571982000125,0,0,,True,2021-12-07T03:00:00.000+00:00,2021-12-12T15:04:00
928437,MINISTERIO PUBLICO DE PERNANBUCO/PE,False,True,PE,25313,2611606.0,RECIFE,0,,0,,False,,94623,09437229000162,10571982000125,0,,True,2021-03-03T03:00:00.000+00:00,2022-12-17T17:09:00
929550,FACULDADE DE CIENCIAS DA ADM.DO LIMOEIRO - PE,False,True,PE,24775,2608909.0,LIMOEIRO,0,,0,,False,,98957,11166741000163,11097292000149,10571982000125,,True,2022-07-29T03:00:00.000+00:00,2024-04-07T15:14:00
932797,SAO JOAO BATISTA,False,True,PE,25313,2611606.0,RECIFE,0,,0,,False,,85622,10565000000192,10571982000125,0,,True,2025-03-07T03:00:00.000+00:00,2025-03-17T09:41:00
932796,SAO JOAO,False,True,PE,25313,2611606.0,RECIFE,0,,0,,False,,85622,10565000000192,10571982000125,0,,True,2025-03-07T03:00:00.000+00:00,2025-03-17T09:41:00
932787,SANTA LUZIA,False,True,PE,25313,2611606.0,RECIFE,0,,0,,False,,85622,10565000000192,10571982000125,0,,True,2025-03-07T03:00:00.000+00:00,2025-03-17T09:39:00
932785,SANTA CECILIA,False,True,PE,25313,2611606.0,RECIFE,0,,0,,False,,85622,10565000000192,10571982000125,0,,True,2025-03-07T03:00:00.000+00:00,2025-03-17T09:39:00
932783,RODA DE FOGO,False,True,PE,25313,2611606.0,RECIFE,0,,0,,False,,85622,10565000000192,10571982000125,0,,True,2025-03-07T03:00:00.000+00:00,2025-03-17T09:39:00
932398,US 277 CAPS ESPERANçA - SESAU,False,True,PE,25313,2611606.0,RECIFE,0,,0,,False,,85622,10565000000192,10571982000125,0,,True,2025-02-11T03:00:00.000+00:00,2025-03-17T09:26:00
932378,POLICLíNICA GOUVEIA DE BARROS - SESAU,False,True,PE,25313,2611606.0,RECIFE,0,,0,,False,,85622,10565000000192,10571982000125,0,,True,2025-02-11T03:00:00.000+00:00,2025-03-17T09:12:00
932365,POLICLíNICA DO PINA,False,True,PE,25313,2611606.0,RECIFE,0,,0,,False,,85622,10565000000192,10571982000125,0,,True,2025-02-11T03:00:00.000+00:00,2025-03-17T09:12:00
932352,CENTRO EDUC PROF. JORNALISTA CRISTIANO DONATO,False,True,PE,25313,2611606.0,RECIFE,0,,0,,False,,86474,45339611000105,46379400000150,0,,True,2025-02-11T03:00:00.000+00:00,2025-03-17T09:12:00
932799,SEMENTINHA DO SKYLAB,False,True,PE,25313,2611606.0,RECIFE,0,,0,,False,,85622,10565000000192,10571982000125,0,,True,2025-03-07T03:00:00.000+00:00,2025-03-17T09:41:00
932833,14 BIS,False,True,PE,25313,2611606.0,RECIFE,0,,0,,False,,85622,10565000000192,10571982000125,0,,True,2025-03-07T03:00:00.000+00:00,2025-03-17T09:41:00
932346,EM BOLA NA REDE/RECIFE/PE,False,True,PE,25313,2611606.0,RECIFE,0,,0,,False,,85622,10565000000192,10571982000125,0,,True,2025-02-11T03:00:00.000+00:00,2025-03-17T09:12:00
932345,EM RODOLFO AURELIANO/RECIFE/PE,False,True,PE,25313,2611606.0,RECIFE,0,,0,,False,,85622,10565000000192,10571982000125,0,,True,2025-02-11T03:00:00.000+00:00,2025-03-17T09:12:00
932344,EM CLARICVE LISPECTOR/RECIFE/PE,False,True,PE,25313,2611606.0,RECIFE,0,,0,,False,,85622,10565000000192,10571982000125,0,,True,2025-02-11T03:00:00.000+00:00,2025-03-17T09:12:00
932343,CMEI NOVO PINA/RECIFE/PE,False,True,PE,25313,2611606.0,RECIFE,0,,0,,False,,85622,10565000000192,10571982000125,0,,True,2025-02-11T03:00:00.000+00:00,2025-03-17T09:12:00
975126,FUNDO MUNICIPAL DE SAUDE PARANATAMA,False,True,PE,25054,2610301.0,PARANATAMA,0,,0,,False,,87825,11642133000188,,,,True,,2024-08-17T17:47:00
975125,FUNDO MUNICIPAL DE SAUDE PALMEIRINA,False,True,PE,25011,2610103.0,PALMEIRINA,0,,0,,False,,87824,08091098000141,,,,True,,2024-08-17T17:47:00
975119,FUNDO MUNICIPAL DE SAUDE ITACURUBA,False,True,PE,24473,2607406.0,ITACURUBA,0,,0,,False,,87818,11873674000117,,,,True,,2024-08-17T17:47:00
932702,MERCIA DE ALBUQUERQUE FERREIRA,False,True,PE,25313,2611606.0,RECIFE,0,,0,,False,,85622,10565000000192,10571982000125,0,,True,2025-03-06T03:00:00.000+00:00,2025-03-17T09:37:00
932697,MAURICEIA DA SILVA DIAS,False,True,PE,25313,2611606.0,RECIFE,0,,0,,False,,85622,10565000000192,10571982000125,0,,True,2025-03-06T03:00:00.000+00:00,2025-03-17T09:37:00
932691,MARGARIDA DE SIQUEIRA PESSOA,False,True,PE,25313,2611606.0,RECIFE,0,,0,,False,,85622,10565000000192,10571982000125,0,,True,2025-03-06T03:00:00.000+00:00,2025-03-17T09:37:00
932683,LUIZ LUA GONZAGA,False,True,PE,25313,2611606.0,RECIFE,0,,0,,False,,85622,10565000000192,10571982000125,0,,True,2025-03-06T03:00:00.000+00:00,2025-03-17T09:37:00
932679,KARLA PATRICIA,False,True,PE,25313,2611606.0,RECIFE,0,,0,,False,,85622,10565000000192,10571982000125,0,,True,2025-03-06T03:00:00.000+00:00,2025-03-17T09:37:00
932662,JARDIM MONTE VERDE,False,True,PE,25313,2611606.0,RECIFE,0,,0,,False,,85622,10565000000192,10571982000125,0,,True,2025-02-28T03:00:00.000+00:00,2025-03-17T09:37:00
932660,JADER FIGUEIREDO DE ANDRADE SILVA,False,True,PE,25313,2611606.0,RECIFE,0,,0,,False,,85622,10565000000192,10571982000125,0,,True,2025-02-28T03:00:00.000+00:00,2025-03-17T09:35:00
932656,IRMA DULCE,False,True,PE,25313,2611606.0,RECIFE,0,,0,,False,,85622,10565000000192,10571982000125,0,,True,2025-02-28T03:00:00.000+00:00,2025-03-17T09:35:00
932640,FERNANDO SANTA CRUZ,False,True,PE,25313,2611606.0,RECIFE,0,,0,,False,,85622,10565000000192,10571982000125,0,,True,2025-02-28T03:00:00.000+00:00,2025-03-17T09:35:00
932637,ESCRITOR JOSUE DE CASTRO,False,True,PE,25313,2611606.0,RECIFE,0,,0,,False,,85622,10565000000192,10571982000125,0,,True,2025-02-28T03:00:00.000+00:00,2025-03-17T09:35:00
932631,EDUCADOR PAULO FREIRE,False,True,PE,25313,2611606.0,RECIFE,0,,0,,False,,85622,10565000000192,10571982000125,0,,True,2025-02-28T03:00:00.000+00:00,2025-03-17T09:35:00
932616,DOM JOSE LAMARTINE SOARES,False,True,PE,25313,2611606.0,RECIFE,0,,0,,False,,85622,10565000000192,10571982000125,0,,True,2025-02-28T03:00:00.000+00:00,2025-03-17T09:34:00
932602,DIACONO ABEL GUEIROS,False,True,PE,25313,2611606.0,RECIFE,0,,0,,False,,85622,10565000000192,10571982000125,0,,True,2025-02-28T03:00:00.000+00:00,2025-03-17T09:34:00
932590,DA TORRE,False,True,PE,25313,2611606.0,RECIFE,0,,0,,False,,85622,10565000000192,10571982000125,0,,True,2025-02-28T03:00:00.000+00:00,2025-03-17T09:34:00
932589,DA MANGUEIRA,False,True,PE,25313,2611606.0,RECIFE,0,,0,,False,,85622,10565000000192,10571982000125,0,,True,2025-02-28T03:00:00.000+00:00,2025-03-17T09:34:00
932575,CRECHE ESCOLA RECIFE DO IBURA,False,True,PE,25313,2611606.0,RECIFE,0,,0,,False,,85622,10565000000192,10571982000125,0,,True,2025-02-28T03:00:00.000+00:00,2025-03-17T09:32:00
932574,CRECHE ESCOLA MUNICIPAL JOAO AMAZONAS,False,True,PE,25313,2611606.0,RECIFE,0,,0,,False,,85622,10565000000192,10571982000125,0,,True,2025-02-28T03:00:00.000+00:00,2025-03-17T09:32:00
932534,ARRAIAL NOVO DO BOM JESUS,False,True,PE,25313,2611606.0,RECIFE,0,,0,,False,,85622,10565000000192,10571982000125,0,,True,2025-02-27T03:00:00.000+00:00,2025-03-17T09:32:00
932531,ANTONIO TIBURCIO,False,True,PE,25313,2611606.0,RECIFE,0,,0,,False,,85622,10565000000192,10571982000125,0,,True,2025-02-27T03:00:00.000+00:00,2025-03-17T09:32:00
932530,ANTONIO LUIZ,False,True,PE,25313,2611606.0,RECIFE,0,,0,,False,,85622,10565000000192,10571982000125,0,,True,2025-02-27T03:00:00.000+00:00,2025-03-17T09:32:00
932526,ANDRE DE MELO,False,True,PE,25313,2611606.0,RECIFE,0,,0,,False,,85622,10565000000192,10571982000125,0,,True,2025-02-27T03:00:00.000+00:00,2025-03-17T09:27:00
932494,USF PLANETA DOS MACACOS,False,True,PE,25313,2611606.0,RECIFE,0,,0,,False,,85622,10565000000192,10571982000125,0,,True,2025-02-27T03:00:00.000+00:00,2025-03-17T09:27:00
932493,TECELÕES,False,True,PE,25313,2611606.0,RECIFE,0,,0,,False,,85622,10565000000192,10571982000125,0,,True,2025-02-27T03:00:00.000+00:00,2025-03-17T09:27:00
932487,USF+ SÍTIO GRANDE,False,True,PE,25313,2611606.0,RECIFE,0,,0,,False,,85622,10565000000192,10571982000125,0,,True,2025-02-27T03:00:00.000+00:00,2025-03-17T09:27:00
932484,US 104 PROF SEBASTIãO IV,False,True,PE,25313,2611606.0,RECIFE,0,,0,,False,,85622,10565000000192,10571982000125,0,,True,2025-02-27T03:00:00.000+00:00,2025-03-17T09:26:00
932470,SEDE DISTRITO SANITáRIO III,False,True,PE,25313,2611606.0,RECIFE,0,,0,,False,,85622,10565000000192,10571982000125,0,,True,2025-02-27T03:00:00.000+00:00,2025-03-17T09:26:00
932584,CRIANCA FELIZ,False,True,PE,25313,2611606.0,RECIFE,0,,0,,False,,85622,10565000000192,10571982000125,0,,True,2025-02-28T03:00:00.000+00:00,2025-03-17T09:34:00
932577,CRECHE ESCOLA RECIFE MIGUEL ARRAES DE ALENCAR,False,True,PE,25313,2611606.0,RECIFE,0,,0,,False,,85622,10565000000192,10571982000125,0,,True,2025-02-28T03:00:00.000+00:00,2025-03-17T09:34:00
932569,COMPOSITOR CAPIBA,False,True,PE,25313,2611606.0,RECIFE,0,,0,,False,,85622,10565000000192,10571982000125,0,,True,2025-02-28T03:00:00.000+00:00,2025-03-17T09:32:00
932550,CASINHA AZUL,False,True,PE,25313,2611606.0,RECIFE,0,,0,,False,,85622,10565000000192,10571982000125,0,,True,2025-02-27T03:00:00.000+00:00,2025-03-17T09:32:00
932546,CAPELA SANTO ANTONIO,False,True,PE,25313,2611606.0,RECIFE,0,,0,,False,,85622,10565000000192,10571982000125,0,,True,2025-02-27T03:00:00.000+00:00,2025-03-17T09:32:00
932540,BIDO KRAUSE,False,True,PE,25313,2611606.0,RECIFE,0,,0,,False,,85622,10565000000192,10571982000125,0,,True,2025-02-27T03:00:00.000+00:00,2025-03-17T09:32:00
932529,ANTONIO HERACLIO DO REGO,False,True,PE,25313,2611606.0,RECIFE,0,,0,,False,,85622,10565000000192,10571982000125,0,,True,2025-02-27T03:00:00.000+00:00,2025-03-17T09:32:00
932519,ALTO DO PASCOAL,False,True,PE,25313,2611606.0,RECIFE,0,,0,,False,,85622,10565000000192,10571982000125,0,,True,2025-02-27T03:00:00.000+00:00,2025-03-17T09:27:00
932502,SEDE DISTRITO SANITáRIO,False,True,PE,25313,2611606.0,RECIFE,0,,0,,False,,85622,10565000000192,10571982000125,0,,True,2025-02-27T03:00:00.000+00:00,2025-03-17T09:27:00
932501,USF VIETNÃ,False,True,PE,25313,2611606.0,RECIFE,0,,0,,False,,85622,10565000000192,10571982000125,0,,True,2025-02-27T03:00:00.000+00:00,2025-03-17T09:27:00
932499,ESCOLA PROFISSIONALIZANTE,False,True,PE,25313,2611606.0,RECIFE,0,,0,,False,,85622,10565000000192,10571982000125,0,,True,2025-02-27T03:00:00.000+00:00,2025-03-17T09:27:00
932492,JARDIM UCHôA,False,True,PE,25313,2611606.0,RECIFE,0,,0,,False,,85622,10565000000192,10571982000125,0,,True,2025-02-27T03:00:00.000+00:00,2025-03-17T09:27:00
932476,UF+ JARDIM SAO PAULO,False,True,PE,25313,2611606.0,RECIFE,0,,0,,False,,85622,10565000000192,10571982000125,0,,True,2025-02-27T03:00:00.000+00:00,2025-03-17T09:26:00
932816,UR 05,False,True,PE,25313,2611606.0,RECIFE,0,,0,,False,,85622,10565000000192,10571982000125,0,,True,2025-03-07T03:00:00.000+00:00,2025-03-17T09:41:00
932814,TRES CARNEIROS,False,True,PE,25313,2611606.0,RECIFE,0,,0,,False,,85622,10565000000192,10571982000125,0,,True,2025-03-07T03:00:00.000+00:00,2025-03-17T09:41:00
932774,PROFESSOR SOLANO MAGALHAES,False,True,PE,25313,2611606.0,RECIFE,0,,0,,False,,85622,10565000000192,10571982000125,0,,True,2025-03-07T03:00:00.000+00:00,2025-03-17T09:39:00
932757,PROFESSOR ENALDO MANOEL DE SOUZA,False,True,PE,25313,2611606.0,RECIFE,0,,0,,False,,85622,10565000000192,10571982000125,0,,True,2025-03-06T03:00:00.000+00:00,2025-03-17T09:39:00
932756,PROFESSOR ARIANO VILAR SUASSUNA,False,True,PE,25313,2611606.0,RECIFE,0,,0,,False,,85622,10565000000192,10571982000125,0,,True,2025-03-06T03:00:00.000+00:00,2025-03-17T09:39:00
932716,NOVA AURORA,False,True,PE,25313,2611606.0,RECIFE,0,,0,,False,,85622,10565000000192,10571982000125,0,,True,2025-03-06T03:00:00.000+00:00,2025-03-17T09:38:00
932707,MONTEIRO LOBATO,False,True,PE,25313,2611606.0,RECIFE,0,,0,,False,,85622,10565000000192,10571982000125,0,,True,2025-03-06T03:00:00.000+00:00,2025-03-17T09:37:00
932705,MONSENHOR VIANA,False,True,PE,25313,2611606.0,RECIFE,0,,0,,False,,85622,10565000000192,10571982000125,0,,True,2025-03-06T03:00:00.000+00:00,2025-03-17T09:37:00
932704,MILTON ALMEIDA DOS SANTOS,False,True,PE,25313,2611606.0,RECIFE,0,,0,,False,,85622,10565000000192,10571982000125,0,,True,2025-03-06T03:00:00.000+00:00,2025-03-17T09:37:00
932703,MERCIA MARIA BEZERRA COSTA,False,True,PE,25313,2611606.0,RECIFE,0,,0,,False,,85622,10565000000192,10571982000125,0,,True,2025-03-06T03:00:00.000+00:00,2025-03-17T09:37:00
932701,MENINO JESUS DE CASA FORTE,False,True,PE,25313,2611606.0,RECIFE,0,,0,,False,,85622,10565000000192,10571982000125,0,,True,2025-03-06T03:00:00.000+00:00,2025-03-17T09:37:00
932400,US 170 CAPS DR GALDINO LORETO - SESAU,False,True,PE,25313,2611606.0,RECIFE,0,,0,,False,,85622,10565000000192,10571982000125,0,,True,2025-02-11T03:00:00.000+00:00,2025-03-17T09:26:00
932834,27 DE NOVEMBRO,False,True,PE,25313,2611606.0,RECIFE,0,,0,,False,,85622,10565000000192,10571982000125,0,,True,2025-03-07T03:00:00.000+00:00,2025-03-17T09:41:00
932692,MARGARIDA SERPA COSSART,False,True,PE,25313,2611606.0,RECIFE,0,,0,,False,,85622,10565000000192,10571982000125,0,,True,2025-03-06T03:00:00.000+00:00,2025-03-17T09:37:00
932690,MANOEL ROLIM,False,True,PE,25313,2611606.0,RECIFE,0,,0,,False,,85622,10565000000192,10571982000125,0,,True,2025-03-06T03:00:00.000+00:00,2025-03-17T09:37:00
932686,MAESTRO NELSON FERREIRA,False,True,PE,25313,2611606.0,RECIFE,0,,0,,False,,85622,10565000000192,10571982000125,0,,True,2025-03-06T03:00:00.000+00:00,2025-03-17T09:37:00
932684,LUIZ VAZ DE CAMOES,False,True,PE,25313,2611606.0,RECIFE,0,,0,,False,,85622,10565000000192,10571982000125,0,,True,2025-03-06T03:00:00.000+00:00,2025-03-17T09:37:00
932677,JOSEFINA MARINHO,False,True,PE,25313,2611606.0,RECIFE,0,,0,,False,,85622,10565000000192,10571982000125,0,,True,2025-03-06T03:00:00.000+00:00,2025-03-17T09:37:00
932666,JOAO PESSOA GUERRA,False,True,PE,25313,2611606.0,RECIFE,0,,0,,False,,85622,10565000000192,10571982000125,0,,True,2025-02-28T03:00:00.000+00:00,2025-03-17T09:37:00
932643,FLORESTAN FERNANDES,False,True,PE,25313,2611606.0,RECIFE,0,,0,,False,,85622,10565000000192,10571982000125,0,,True,2025-02-28T03:00:00.000+00:00,2025-03-17T09:35:00
932642,FLOR DO BAIRRO DA GUABIRABA,False,True,PE,25313,2611606.0,RECIFE,0,,0,,False,,85622,10565000000192,10571982000125,0,,True,2025-02-28T03:00:00.000+00:00,2025-03-17T09:35:00
932629,E LUTANDO QUE SE CONQUISTA,False,True,PE,25313,2611606.0,RECIFE,0,,0,,False,,85622,10565000000192,10571982000125,0,,True,2025-02-28T03:00:00.000+00:00,2025-03-17T09:35:00
932586,DA GUABIRABA,False,True,PE,25313,2611606.0,RECIFE,0,,0,,False,,85622,10565000000192,10571982000125,0,,True,2025-02-28T03:00:00.000+00:00,2025-03-17T09:34:00
932579,CRECHE MUNICIPAL CHICO MENDES,False,True,PE,25313,2611606.0,RECIFE,0,,0,,False,,85622,10565000000192,10571982000125,0,,True,2025-02-28T03:00:00.000+00:00,2025-03-17T09:34:00
932578,CRECHE MUNICIPAL CEAPE,False,True,PE,25313,2611606.0,RECIFE,0,,0,,False,,85622,10565000000192,10571982000125,0,,True,2025-02-28T03:00:00.000+00:00,2025-03-17T09:34:00
932568,COELHINHO PENSANTE,False,True,PE,25313,2611606.0,RECIFE,0,,0,,False,,85622,10565000000192,10571982000125,0,,True,2025-02-28T03:00:00.000+00:00,2025-03-17T09:32:00
932389,POLICLíNICA CENTRO - SESAU,False,True,PE,25313,2611606.0,RECIFE,0,,0,,False,,85622,10565000000192,10571982000125,0,,True,2025-02-11T03:00:00.000+00:00,2025-03-17T09:26:00
932388,POLICLíNICA SALOMãO KELNER - SESAU,False,True,PE,25313,2611606.0,RECIFE,0,,0,,False,,85622,10565000000192,10571982000125,0,,True,2025-02-11T03:00:00.000+00:00,2025-03-17T09:12:00
932385,DISTRITO SANITáRIO VI,True,True,PE,25313,2611606.0,RECIFE,0,,0,,False,,85622,10565000000192,10571982000125,0,,True,2025-02-11T03:00:00.000+00:00,2025-03-17T09:26:00
932377,CENTRO MéDICO ERMíRIO DE MORAES - SESAU,False,True,PE,25313,2611606.0,RECIFE,0,,0,,False,,85622,10565000000192,10571982000125,0,,True,2025-02-11T03:00:00.000+00:00,2025-03-17T09:12:00
932376,CTA - SESAU,False,True,PE,25313,2611606.0,RECIFE,0,,0,,False,,85622,10565000000192,10571982000125,0,,True,2025-02-11T03:00:00.000+00:00,2025-03-17T09:12:00
932372,AMEM - SESAU,False,True,PE,25313,2611606.0,RECIFE,0,,0,,False,,85622,10565000000192,10571982000125,0,,True,2025-02-11T03:00:00.000+00:00,2025-03-17T09:12:00
932357,CAPS DAVID CAPISTRANO,False,True,PE,25313,2611606.0,RECIFE,0,,0,,False,,85622,10565000000192,10571982000125,0,,True,2025-02-11T03:00:00.000+00:00,2025-03-17T09:12:00
932356,ESCOLA PROFISSIONALIZANTE MAGALHãES BASTOS,False,True,PE,25313,2611606.0,RECIFE,0,,0,,False,,85622,10565000000192,10571982000125,0,,True,2025-02-11T03:00:00.000+00:00,2025-03-17T09:12:00
929482,SECRETARIA EDUC.ESP.CULT.T.J.DE CHÃ GRANDE/PE,False,True,PE,23892,2604502.0,CHÃ GRANDE,0,,0,,False,,94620,10571982000125,0,0,,True,2022-06-21T03:00:00.000+00:00,2022-12-17T11:34:00
932473,ESCOLA PROFISSIONALIZANTE,False,True,PE,25313,2611606.0,RECIFE,0,,0,,False,,85622,10565000000192,10571982000125,0,,True,2025-02-27T03:00:00.000+00:00,2025-03-17T09:26:00
932468,US 171 USF+ JOAQUIM D,False,True,PE,25313,2611606.0,RECIFE,0,,0,,False,,85622,10565000000192,10571982000125,0,,True,2025-02-27T03:00:00.000+00:00,2025-03-17T09:26:00
932467,USF DR LUIZ WILSON,False,True,PE,25313,2611606.0,RECIFE,0,,0,,False,,85622,10565000000192,10571982000125,0,,True,2025-02-27T03:00:00.000+00:00,2025-03-17T09:26:00
932466,SEDE DISTRITO SANITA,False,True,PE,25313,2611606.0,RECIFE,0,,0,,False,,85622,10565000000192,10571982000125,0,,True,2025-02-27T03:00:00.000+00:00,2025-03-17T09:26:00
932832,08 DE MARCO,False,True,PE,25313,2611606.0,RECIFE,0,,0,,False,,85622,10565000000192,10571982000125,0,,True,2025-03-07T03:00:00.000+00:00,2025-03-17T09:41:00
932831,ZUMBI DOS PALMARES,False,True,PE,25313,2611606.0,RECIFE,0,,0,,False,,85622,10565000000192,10571982000125,0,,True,2025-03-07T03:00:00.000+00:00,2025-03-17T09:41:00
932823,VINDE A MIM AS CRIANCINHAS,False,True,PE,25313,2611606.0,RECIFE,0,,0,,False,,85622,10565000000192,10571982000125,0,,True,2025-03-07T03:00:00.000+00:00,2025-03-17T09:41:00
932822,VILA SESAMO,False,True,PE,25313,2611606.0,RECIFE,0,,0,,False,,85622,10565000000192,10571982000125,0,,True,2025-03-07T03:00:00.000+00:00,2025-03-17T09:41:00
932803,SERVICO SOCIAL DE BELEM,False,True,PE,25313,2611606.0,RECIFE,0,,0,,False,,85622,10565000000192,10571982000125,0,,True,2025-03-07T03:00:00.000+00:00,2025-03-17T09:41:00
932801,SENADOR PAULO GUERRA,False,True,PE,25313,2611606.0,RECIFE,0,,0,,False,,85622,10565000000192,10571982000125,0,,True,2025-03-07T03:00:00.000+00:00,2025-03-17T09:41:00
932791,SANTO ANTONIO DO CACOTE,False,True,PE,25313,2611606.0,RECIFE,0,,0,,False,,85622,10565000000192,10571982000125,0,,True,2025-03-07T03:00:00.000+00:00,2025-03-17T09:39:00
158278,INST.FED.S.PERNAMBUCANO/CAMPUS PETROLINA-Z.RU,True,True,PE,25216,2611101.0,PETROLINA,0,,0,,True,0,26430,10830301000104,00394445000101,00394411000109,105250,True,2009-08-03T03:00:00.000+00:00,2024-03-08T16:01:00
932790,SANTO AMARO SEVERINO GOMES BRIA,False,True,PE,25313,2611606.0,RECIFE,0,,0,,False,,85622,10565000000192,10571982000125,0,,True,2025-03-07T03:00:00.000+00:00,2025-03-17T09:39:00
932781,REITOR JOAO ALFREDO,False,True,PE,25313,2611606.0,RECIFE,0,,0,,False,,85622,10565000000192,10571982000125,0,,True,2025-03-07T03:00:00.000+00:00,2025-03-17T09:39:00
932776,PROFESSORA HELIA MARIA PEREIRA,False,True,PE,25313,2611606.0,RECIFE,0,,0,,False,,85622,10565000000192,10571982000125,0,,True,2025-03-07T03:00:00.000+00:00,2025-03-17T09:39:00
932770,PROFESSOR PAULO ROSAS,False,True,PE,25313,2611606.0,RECIFE,0,,0,,False,,85622,10565000000192,10571982000125,0,,True,2025-03-06T03:00:00.000+00:00,2025-03-17T09:39:00
932764,PROFESSOR JULIO DE OLIVEIRA,False,True,PE,25313,2611606.0,RECIFE,0,,0,,False,,85622,10565000000192,10571982000125,0,,True,2025-03-06T03:00:00.000+00:00,2025-03-17T09:39:00
932762,PROFESSOR JOSE SOARES DA SILVA,False,True,PE,25313,2611606.0,RECIFE,0,,0,,False,,85622,10565000000192,10571982000125,0,,True,2025-03-06T03:00:00.000+00:00,2025-03-17T09:39:00
932760,PROFESSOR JOAO FRANCISCO DE SOUZA,False,True,PE,25313,2611606.0,RECIFE,0,,0,,False,,85622,10565000000192,10571982000125,0,,True,2025-03-06T03:00:00.000+00:00,2025-03-17T09:39:00
932565,CMEI CREUSA ARCOVERDE DE FREITAS CAVALCANTI,False,True,PE,25313,2611606.0,RECIFE,0,,0,,False,,85622,10565000000192,10571982000125,0,,True,2025-02-28T03:00:00.000+00:00,2025-03-17T09:32:00
932548,CASA DOS FERROVIARIOS,False,True,PE,25313,2611606.0,RECIFE,0,,0,,False,,85622,10565000000192,10571982000125,0,,True,2025-02-27T03:00:00.000+00:00,2025-03-17T09:32:00
932541,BOA ESPERANCA,False,True,PE,25313,2611606.0,RECIFE,0,,0,,False,,85622,10565000000192,10571982000125,0,,True,2025-02-27T03:00:00.000+00:00,2025-03-17T09:32:00
932538,BEATO EUGENIO MAZENOD,False,True,PE,25313,2611606.0,RECIFE,0,,0,,False,,85622,10565000000192,10571982000125,0,,True,2025-02-27T03:00:00.000+00:00,2025-03-17T09:32:00
932525,ANA ROSA FALCAO DE CARVALHO,False,True,PE,25313,2611606.0,RECIFE,0,,0,,False,,85622,10565000000192,10571982000125,0,,True,2025-02-27T03:00:00.000+00:00,2025-03-17T09:27:00
932518,ALTO DO MARACANA,False,True,PE,25313,2611606.0,RECIFE,0,,0,,False,,85622,10565000000192,10571982000125,0,,True,2025-02-27T03:00:00.000+00:00,2025-03-17T09:27:00
975136,FUNDO MUNICIPAL DE SAUDE OROBÓ,False,True,PE,24937,2609709.0,OROBÓ,0,,0,,False,,87835,11098717000134,,,,True,,2024-08-17T17:47:00
932515,ALMIRANTE SOARES DUTRA,False,True,PE,25313,2611606.0,RECIFE,0,,0,,False,,85622,10565000000192,10571982000125,0,,True,2025-02-27T03:00:00.000+00:00,2025-03-17T09:27:00
932474,ESCOLA PROFISSIONAL,False,True,PE,25313,2611606.0,RECIFE,0,,0,,False,,85622,10565000000192,10571982000125,0,,True,2025-02-27T03:00:00.000+00:00,2025-03-17T09:26:00
932402,US 343 CAPS CENTRO MéD. PSICO PEDAG. INFANTIL,False,True,PE,25313,2611606.0,RECIFE,0,,0,,False,,85622,10565000000192,10571982000125,0,,True,2025-02-11T03:00:00.000+00:00,2025-03-17T09:26:00
932399,DISTRITO SANITáRIO VII,True,True,PE,25313,2611606.0,RECIFE,0,,0,,False,,85622,10565000000192,10571982000125,0,,True,2025-02-11T03:00:00.000+00:00,2025-03-17T09:26:00
975115,FUNDO MUNICIPAL DE SAUDE CAPOEIRAS,False,True,PE,23752,2603801.0,CAPOEIRAS,0,,0,,False,,87814,08807619000114,,,,True,,2024-08-17T17:47:00
932403,CENTRO DE CONVIVêNCIA RECOMEçO FáTIMA CAIO,False,True,PE,25313,2611606.0,RECIFE,0,,0,,False,,85622,10565000000192,10571982000125,0,,True,2025-02-11T03:00:00.000+00:00,2025-03-17T09:26:00
932368,US 240 USF COELHOS I,False,True,PE,25313,2611606.0,RECIFE,0,,0,,False,,85622,10565000000192,10571982000125,0,,True,2025-02-11T03:00:00.000+00:00,2025-03-17T09:12:00
932366,US 320 CAPS CENTRO EUL CORD DE RECUPER HUMANA,False,True,PE,25313,2611606.0,RECIFE,0,,0,,False,,85622,10565000000192,10571982000125,0,,True,2025-02-11T03:00:00.000+00:00,2025-03-17T09:12:00
932359,ESCOLA PROFISSIONALIZANTE DE AREIAS,False,True,PE,25313,2611606.0,RECIFE,0,,0,,False,,85622,10565000000192,10571982000125,0,,True,2025-02-11T03:00:00.000+00:00,2025-03-17T09:12:00
932349,CAPS CLEA ALACET/RECIFE/PE,False,True,PE,25313,2611606.0,RECIFE,0,,0,,False,,85622,10565000000192,10571982000125,0,,True,2025-02-11T03:00:00.000+00:00,2025-03-17T11:31:00
932347,CMEI DONA CARMELITA/RECIFE/PE,False,True,PE,25313,2611606.0,RECIFE,0,,0,,False,,85622,10565000000192,10571982000125,0,,True,2025-02-11T03:00:00.000+00:00,2025-03-17T09:12:00
932342,EM MAGALHAES BASTOS/RECIFE/PE,False,True,PE,25313,2611606.0,RECIFE,0,,0,,False,,85622,10565000000192,10571982000125,0,,True,2025-02-11T03:00:00.000+00:00,2025-03-17T09:12:00
932341,EM SAO FRANCISCO/RECIFE/PE,False,True,PE,25313,2611606.0,RECIFE,0,,0,,False,,85622,10565000000192,10571982000125,0,,True,2025-02-11T03:00:00.000+00:00,2025-03-17T09:12:00
932748,PRESBITERO JOSE BEZERRA,False,True,PE,25313,2611606.0,RECIFE,0,,0,,False,,85622,10565000000192,10571982000125,0,,True,2025-03-06T03:00:00.000+00:00,2025-03-17T09:38:00
932746,POETA PAULO BANDEIRA DA CRUZ,False,True,PE,25313,2611606.0,RECIFE,0,,0,,False,,85622,10565000000192,10571982000125,0,,True,2025-03-06T03:00:00.000+00:00,2025-03-17T09:38:00
932743,POETA JOAO CABRAL DE MELO NETO,False,True,PE,25313,2611606.0,RECIFE,0,,0,,False,,85622,10565000000192,10571982000125,0,,True,2025-03-06T03:00:00.000+00:00,2025-03-17T09:38:00
932738,PEDRINHO,False,True,PE,25313,2611606.0,RECIFE,0,,0,,False,,85622,10565000000192,10571982000125,0,,True,2025-03-06T03:00:00.000+00:00,2025-03-17T09:38:00
932736,PAULO VI,False,True,PE,25313,2611606.0,RECIFE,0,,0,,False,,85622,10565000000192,10571982000125,0,,True,2025-03-06T03:00:00.000+00:00,2025-03-17T09:38:00
932723,OLINDINA MONTEIRO DE OLIVEIRA FRANCA,False,True,PE,25313,2611606.0,RECIFE,0,,0,,False,,85622,10565000000192,10571982000125,0,,True,2025-03-06T03:00:00.000+00:00,2025-03-17T09:38:00
932715,NOSSO SENHOR JESUS DO BONFIM,False,True,PE,25313,2611606.0,RECIFE,0,,0,,False,,85622,10565000000192,10571982000125,0,,True,2025-03-06T03:00:00.000+00:00,2025-03-17T09:38:00
932711,NOSSA SENHORA DA PENHA,False,True,PE,25313,2611606.0,RECIFE,0,,0,,False,,85622,10565000000192,10571982000125,0,,True,2025-03-06T03:00:00.000+00:00,2025-03-17T09:38:00
932700,MENINO JESUS DA BOMBA GRANDE,False,True,PE,25313,2611606.0,RECIFE,0,,0,,False,,85622,10565000000192,10571982000125,0,,True,2025-03-06T03:00:00.000+00:00,2025-03-17T09:37:00
932698,MAURICIO DE NASSAU,False,True,PE,25313,2611606.0,RECIFE,0,,0,,False,,85622,10565000000192,10571982000125,0,,True,2025-03-06T03:00:00.000+00:00,2025-03-17T09:37:00
932661,JARDIM MAURICEIA,False,True,PE,25313,2611606.0,RECIFE,0,,0,,False,,85622,10565000000192,10571982000125,0,,True,2025-02-28T03:00:00.000+00:00,2025-03-17T09:37:00
932658,ISAAC PEREIRA DA SILVA,False,True,PE,25313,2611606.0,RECIFE,0,,0,,False,,85622,10565000000192,10571982000125,0,,True,2025-02-28T03:00:00.000+00:00,2025-03-17T09:35:00
932395,US CAPS AD ESTAçãO VICENTE ARAúJO - SESAU,False,True,PE,25313,2611606.0,RECIFE,0,,0,,False,,85622,10565000000192,10571982000125,0,,True,2025-02-11T03:00:00.000+00:00,2025-03-17T09:26:00
932392,SECRETARIA DE VIGILâNCIA EM SAúDE - SESAU,False,True,PE,25313,2611606.0,RECIFE,0,,0,,False,,85622,10565000000192,10571982000125,0,,True,2025-02-11T03:00:00.000+00:00,2025-03-17T09:26:00
975118,FUNDO MUNICIPAL DE SAUDE IBIRAJUBA,False,True,PE,24333,2606705.0,IBIRAJUBA,0,,0,,False,,87817,11415374000194,,,,True,,2024-08-17T17:47:00
932381,DISTRITO SANITáRIO II,True,True,PE,25313,2611606.0,RECIFE,0,,0,,False,,85622,10565000000192,10571982000125,0,,True,,2025-03-17T09:26:00
932375,POLICLíNICA AGAMENON MAGALHãES -AFOGADOS,False,True,PE,25313,2611606.0,RECIFE,0,,0,,False,,85622,10565000000192,10571982000125,0,,True,2025-02-11T03:00:00.000+00:00,2025-03-17T09:12:00
932367,US 123 CS PROF CESAR MONTEZUMA,False,True,PE,25313,2611606.0,RECIFE,0,,0,,False,,85622,10565000000192,10571982000125,0,,True,2025-02-11T03:00:00.000+00:00,2025-03-17T09:12:00
932362,EM SANTA CECÍLIA,False,True,PE,25313,2611606.0,RECIFE,0,,0,,False,,85622,10565000000192,10571982000125,0,,True,2025-02-11T03:00:00.000+00:00,2025-03-17T09:12:00
932360,EM DE TEMPO INTEGRAL PROFESSOR NILO PEREIRA,False,True,PE,25313,2611606.0,RECIFE,0,,0,,False,,85622,10565000000192,10571982000125,0,,True,2025-02-11T03:00:00.000+00:00,2025-03-17T09:12:00
932340,EM PROFESSOR NILO PEREIRA,False,True,PE,25313,2611606.0,RECIFE,0,,0,,False,,85622,10565000000192,10571982000125,0,,True,2025-02-11T03:00:00.000+00:00,2025-03-17T09:12:00
932650,GOVERNADOR MIGUEL ARRAES DE ALENCAR,False,True,PE,25313,2611606.0,RECIFE,0,,0,,False,,85622,10565000000192,10571982000125,0,,True,2025-02-28T03:00:00.000+00:00,2025-03-17T09:35:00
932645,FUTURO DO AMANHA,False,True,PE,25313,2611606.0,RECIFE,0,,0,,False,,85622,10565000000192,10571982000125,0,,True,2025-02-28T03:00:00.000+00:00,2025-03-17T09:35:00
932636,ENGENHO DO MEIO,False,True,PE,25313,2611606.0,RECIFE,0,,0,,False,,85622,10565000000192,10571982000125,0,,True,2025-02-28T03:00:00.000+00:00,2025-03-17T09:35:00
932622,DOUTOR ALBERICO DORNELAS CAMARA,False,True,PE,25313,2611606.0,RECIFE,0,,0,,False,,85622,10565000000192,10571982000125,0,,True,2025-02-28T03:00:00.000+00:00,2025-03-17T09:35:00
932619,DOS COELHOS,False,True,PE,25313,2611606.0,RECIFE,0,,0,,False,,85622,10565000000192,10571982000125,0,,True,2025-02-28T03:00:00.000+00:00,2025-03-17T09:35:00
932612,DO PANTANAL,False,True,PE,25313,2611606.0,RECIFE,0,,0,,False,,85622,10565000000192,10571982000125,0,,True,2025-02-28T03:00:00.000+00:00,2025-03-17T09:34:00
932607,DO COQUE,False,True,PE,25313,2611606.0,RECIFE,0,,0,,False,,85622,10565000000192,10571982000125,0,,True,2025-02-28T03:00:00.000+00:00,2025-03-17T09:34:00
932597,DE TEJIPIO,False,True,PE,25313,2611606.0,RECIFE,0,,0,,False,,85622,10565000000192,10571982000125,0,,True,2025-02-28T03:00:00.000+00:00,2025-03-17T09:34:00
932580,CRECHE MUNICIPAL DEUS E AMOR,False,True,PE,25313,2611606.0,RECIFE,0,,0,,False,,85622,10565000000192,10571982000125,0,,True,2025-02-28T03:00:00.000+00:00,2025-03-17T09:34:00
932572,CORREGO DA BICA,False,True,PE,25313,2611606.0,RECIFE,0,,0,,False,,85622,10565000000192,10571982000125,0,,True,2025-02-28T03:00:00.000+00:00,2025-03-17T09:32:00
932551,CASA DOS FERROVIARIOS,False,True,PE,25313,2611606.0,RECIFE,0,,0,,False,,85622,10565000000192,10571982000125,0,,True,2025-02-27T03:00:00.000+00:00,2025-03-17T09:32:00
932547,CARLUCIO DE SOUZA CASTANHA JUNIOR,False,True,PE,25313,2611606.0,RECIFE,0,,0,,False,,85622,10565000000192,10571982000125,0,,True,2025-02-27T03:00:00.000+00:00,2025-03-17T09:32:00
932542,BOLA NA REDE,False,True,PE,25313,2611606.0,RECIFE,0,,0,,False,,85622,10565000000192,10571982000125,0,,True,2025-02-27T03:00:00.000+00:00,2025-03-17T09:32:00
932517,ALTO DA GUABIRABA,False,True,PE,25313,2611606.0,RECIFE,0,,0,,False,,85622,10565000000192,10571982000125,0,,True,2025-02-27T03:00:00.000+00:00,2025-03-17T09:27:00
932830,ZILDA ARNS,False,True,PE,25313,2611606.0,RECIFE,0,,0,,False,,85622,10565000000192,10571982000125,0,,True,2025-03-07T03:00:00.000+00:00,2025-03-17T09:41:00
932821,VILA SAO MIGUEL,False,True,PE,25313,2611606.0,RECIFE,0,,0,,False,,85622,10565000000192,10571982000125,0,,True,2025-03-07T03:00:00.000+00:00,2025-03-17T09:41:00
932819,VILA OPERARIA DO RECIFE,False,True,PE,25313,2611606.0,RECIFE,0,,0,,False,,85622,10565000000192,10571982000125,0,,True,2025-03-07T03:00:00.000+00:00,2025-03-17T09:41:00
932815,UNIDOS VENCEREMOS,False,True,PE,25313,2611606.0,RECIFE,0,,0,,False,,85622,10565000000192,10571982000125,0,,True,2025-03-07T03:00:00.000+00:00,2025-03-17T09:41:00
932810,SOCIOLOGO GILBERTO FREYRE,False,True,PE,25313,2611606.0,RECIFE,0,,0,,False,,85622,10565000000192,10571982000125,0,,True,2025-03-07T03:00:00.000+00:00,2025-03-17T09:41:00
932806,SITIO DO BERARDO,False,True,PE,25313,2611606.0,RECIFE,0,,0,,False,,85622,10565000000192,10571982000125,0,,True,2025-03-07T03:00:00.000+00:00,2025-03-17T09:41:00
932804,SEVERINA BERNADETE TEIXEIRA,False,True,PE,25313,2611606.0,RECIFE,0,,0,,False,,85622,10565000000192,10571982000125,0,,True,2025-03-07T03:00:00.000+00:00,2025-03-17T09:41:00
932784,ROZEMAR DE MACEDO LIMA,False,True,PE,25313,2611606.0,RECIFE,0,,0,,False,,85622,10565000000192,10571982000125,0,,True,2025-03-07T03:00:00.000+00:00,2025-03-17T09:39:00
932782,RENATO ACCIOLY CARNEIRO CAMPOS,False,True,PE,25313,2611606.0,RECIFE,0,,0,,False,,85622,10565000000192,10571982000125,0,,True,2025-03-07T03:00:00.000+00:00,2025-03-17T09:39:00
932780,RECIFE 2000,False,True,PE,25313,2611606.0,RECIFE,0,,0,,False,,85622,10565000000192,10571982000125,0,,True,2025-03-07T03:00:00.000+00:00,2025-03-17T09:39:00
932773,PROFESSOR SIMOES BARBOSA,False,True,PE,25313,2611606.0,RECIFE,0,,0,,False,,85622,10565000000192,10571982000125,0,,True,2025-03-07T03:00:00.000+00:00,2025-03-17T09:39:00
982327,PREFEITURA MUNICIPAL DE BARREIROS - PE,False,True,PE,23272,2601409.0,BARREIROS,0,,0,,False,0,94683,10110989000140,10571982000125,0,,True,2021-01-26T03:00:00.000+00:00,2024-04-07T15:14:00
982333,PREFEITURA MUNICIPAL DE BELO JARDIM,False,True,PE,23337,2601706.0,BELO JARDIM,0,,0,,False,0,94700,10260222000105,10571982000125,0,,True,2020-02-06T03:00:00.000+00:00,2023-06-15T15:11:00
982415,PREF.MUN. DE FREI MIGUELINHO,False,True,PE,24155,2605806.0,FREI MIGUELINHO,0,,0,,False,0,94620,10571982000125,0,0,,True,2019-07-23T03:00:00.000+00:00,2019-12-15T10:29:00
982419,PREFEITURA MUNICIPAL DE GARANHUNS - PE,False,True,PE,24198,2606002.0,GARANHUNS,0,,0,,False,0,94708,11303906000100,10571982000125,0,,True,2018-10-18T03:00:00.000+00:00,2024-04-07T15:14:00
982423,PREFEITURA MUNICIPAL DE GOIANA - PE,False,True,PE,24236,2606200.0,GOIANA,0,,0,,False,0,94710,10150043000107,10571982000125,0,,True,2025-06-17T03:00:00.000+00:00,2025-06-17T11:47:00
982481,PREFEITURA MUNICIPAL DE MACHADOS/PE,False,True,PE,24813,2609105.0,MACHADOS,0,,0,,False,0,94620,10571982000125,0,0,,True,2021-02-12T03:00:00.000+00:00,2021-12-12T09:12:00
932514,ALDA ROMEUSTELLI TEDESCO,False,True,PE,25313,2611606.0,RECIFE,0,,0,,False,,85622,10565000000192,10571982000125,0,,True,2025-02-27T03:00:00.000+00:00,2025-03-17T09:27:00
932512,ABILIO GOMES,False,True,PE,25313,2611606.0,RECIFE,0,,0,,False,,85622,10565000000192,10571982000125,0,,True,2025-02-27T03:00:00.000+00:00,2025-03-17T09:27:00
932511,USF 269 BEIRA DO RIO,False,True,PE,25313,2611606.0,RECIFE,0,,0,,False,,85622,10565000000192,10571982000125,0,,True,2025-02-27T03:00:00.000+00:00,2025-03-17T09:27:00
932498,USF COSME E DAMIÃO,False,True,PE,25313,2611606.0,RECIFE,0,,0,,False,,85622,10565000000192,10571982000125,0,,True,2025-02-27T03:00:00.000+00:00,2025-03-17T09:27:00
932496,ESCOLA PROFISSIONALIZANTE,False,True,PE,25313,2611606.0,RECIFE,0,,0,,False,,85622,10565000000192,10571982000125,0,,True,2025-02-27T03:00:00.000+00:00,2025-03-17T09:27:00
932481,US 240 USF COELHOS I,False,True,PE,25313,2611606.0,RECIFE,0,,0,,False,,85622,10565000000192,10571982000125,0,,True,2025-02-27T03:00:00.000+00:00,2025-03-17T09:26:00
932478,USF+ MACAXEIRA/BURI,False,True,PE,25313,2611606.0,RECIFE,0,,0,,False,,85622,10565000000192,10571982000125,0,,True,2025-02-27T03:00:00.000+00:00,2025-03-17T09:26:00
932471,USF PROF BRUNO MAIA,False,True,PE,25313,2611606.0,RECIFE,0,,0,,False,,85622,10565000000192,10571982000125,0,,True,2025-02-27T03:00:00.000+00:00,2025-03-17T09:26:00
932397,US 310 CAPS AD PROF JOSE LUCENA - SESAU,False,True,PE,25313,2611606.0,RECIFE,0,,0,,False,,85622,10565000000192,10571982000125,0,,True,2025-02-11T03:00:00.000+00:00,2025-03-17T09:26:00
932766,PROFESSOR MAURO MOTA,False,True,PE,25313,2611606.0,RECIFE,0,,0,,False,,85622,10565000000192,10571982000125,0,,True,2025-03-06T03:00:00.000+00:00,2025-03-17T09:39:00
932761,PROFESSOR JOSE DA COSTA PORTO,False,True,PE,25313,2611606.0,RECIFE,0,,0,,False,,85622,10565000000192,10571982000125,0,,True,2025-03-06T03:00:00.000+00:00,2025-03-17T09:39:00
932758,PROFESSOR FRANCISCO DO AMARAL LOPES,False,True,PE,25313,2611606.0,RECIFE,0,,0,,False,,85622,10565000000192,10571982000125,0,,True,2025-03-06T03:00:00.000+00:00,2025-03-17T09:39:00
932747,POETA SOLANO TRINDADE,False,True,PE,25313,2611606.0,RECIFE,0,,0,,False,,85622,10565000000192,10571982000125,0,,True,2025-03-06T03:00:00.000+00:00,2025-03-17T09:38:00
932740,PEDRO AUGUSTO,False,True,PE,25313,2611606.0,RECIFE,0,,0,,False,,85622,10565000000192,10571982000125,0,,True,2025-03-06T03:00:00.000+00:00,2025-03-17T09:38:00
932737,PAZ E AMOR,False,True,PE,25313,2611606.0,RECIFE,0,,0,,False,,85622,10565000000192,10571982000125,0,,True,2025-03-06T03:00:00.000+00:00,2025-03-17T09:38:00
932735,PASTOR PAULO LEIVAS MACALAO,False,True,PE,25313,2611606.0,RECIFE,0,,0,,False,,85622,10565000000192,10571982000125,0,,True,2025-03-06T03:00:00.000+00:00,2025-03-17T09:38:00
932720,NOVO MANGUE,False,True,PE,25313,2611606.0,RECIFE,0,,0,,False,,85622,10565000000192,10571982000125,0,,True,2025-03-06T03:00:00.000+00:00,2025-03-17T09:38:00
932719,NOVO HORIZONTE,False,True,PE,25313,2611606.0,RECIFE,0,,0,,False,,85622,10565000000192,10571982000125,0,,True,2025-03-06T03:00:00.000+00:00,2025-03-17T09:38:00
932699,MENINO JESUS,False,True,PE,25313,2611606.0,RECIFE,0,,0,,False,,85622,10565000000192,10571982000125,0,,True,2025-03-06T03:00:00.000+00:00,2025-03-17T09:37:00
932687,MAEZINHA DO COQUE,False,True,PE,25313,2611606.0,RECIFE,0,,0,,False,,85622,10565000000192,10571982000125,0,,True,2025-03-06T03:00:00.000+00:00,2025-03-17T09:37:00
932682,LUA LUAR,False,True,PE,25313,2611606.0,RECIFE,0,,0,,False,,85622,10565000000192,10571982000125,0,,True,2025-03-06T03:00:00.000+00:00,2025-03-17T09:37:00
932681,LAGOA ENCANTADA,False,True,PE,25313,2611606.0,RECIFE,0,,0,,False,,85622,10565000000192,10571982000125,0,,True,2025-03-06T03:00:00.000+00:00,2025-03-17T09:37:00
932674,JOAO XXIII,False,True,PE,25313,2611606.0,RECIFE,0,,0,,False,,85622,10565000000192,10571982000125,0,,True,2025-02-28T03:00:00.000+00:00,2025-03-17T09:37:00
932393,US 263 CAPS JOSE CARLOS SOUTO - SESAU,False,True,PE,25313,2611606.0,RECIFE,0,,0,,False,,85622,10565000000192,10571982000125,0,,True,2025-02-11T03:00:00.000+00:00,2025-03-17T09:26:00
932391,CENTRO DE VIGILâNCIA AMBIENTAL - SESAU,False,True,PE,25313,2611606.0,RECIFE,0,,0,,False,,85622,10565000000192,10571982000125,0,,True,2025-02-11T03:00:00.000+00:00,2025-03-17T09:26:00
932386,CENTRAL DE ALERGOLOGIA - SESAU,False,True,PE,25313,2611606.0,RECIFE,0,,0,,False,,85622,10565000000192,10571982000125,0,,True,2025-02-11T03:00:00.000+00:00,2025-03-17T09:12:00
975143,FUNDO MUNICIPAL DE SAUDE TUPARETAMA,False,True,PE,26174,2615904.0,TUPARETAMA,0,,0,,False,,87842,11293112000102,,,,True,,2024-08-17T17:47:00
975129,FUNDO M. S. SANTA MARIA DO CAMBUCÁ,False,True,PE,25534,2612703.0,SANTA MARIA DO CAMBUCÁ,0,,0,,False,,87828,11425822000130,,,,True,,2024-08-17T17:47:00
975113,FUNDO MUNICIPAL DE SAUDE BUENOS AIRES,False,True,PE,23531,2602704.0,BUENOS AIRES,0,,0,,False,,87812,10793670000166,,,,True,,2024-08-17T17:47:00
932373,UNIDADE DO LABORATóRIO DE SAúDE - SESAU,False,True,PE,25313,2611606.0,RECIFE,0,,0,,False,,85622,10565000000192,10571982000125,0,,True,2025-02-11T03:00:00.000+00:00,2025-03-17T09:12:00
932358,EM PROF. ENGENHEIRO ANTÔNIO BEZERRA BALTAR,False,True,PE,25313,2611606.0,RECIFE,0,,0,,False,,85622,10565000000192,10571982000125,0,,True,,2025-03-17T09:12:00
932355,ESCOLA PROFISSIONAL ZULEIDE GOMES MONTEIRO,False,True,PE,25313,2611606.0,RECIFE,0,,0,,False,,85622,10565000000192,10571982000125,0,,True,2025-02-11T03:00:00.000+00:00,2025-03-17T09:12:00
932350,CAPS CLéA LACET,False,True,PE,25313,2611606.0,RECIFE,0,,0,,False,,85622,10565000000192,10571982000125,0,,True,2025-02-11T03:00:00.000+00:00,2025-03-17T09:12:00
932654,IBURA DE BAIXO,False,True,PE,25313,2611606.0,RECIFE,0,,0,,False,,85622,10565000000192,10571982000125,0,,True,2025-02-28T03:00:00.000+00:00,2025-03-17T09:35:00
932651,HENFIL,False,True,PE,25313,2611606.0,RECIFE,0,,0,,False,,85622,10565000000192,10571982000125,0,,True,2025-02-28T03:00:00.000+00:00,2025-03-17T09:35:00
932630,EDITE BRAGA,False,True,PE,25313,2611606.0,RECIFE,0,,0,,False,,85622,10565000000192,10571982000125,0,,True,2025-02-28T03:00:00.000+00:00,2025-03-17T09:35:00
932626,DOUTOR RODOLFO AURELIANO,False,True,PE,25313,2611606.0,RECIFE,0,,0,,False,,85622,10565000000192,10571982000125,0,,True,2025-02-28T03:00:00.000+00:00,2025-03-17T09:35:00
932621,DOS TORROES,False,True,PE,25313,2611606.0,RECIFE,0,,0,,False,,85622,10565000000192,10571982000125,0,,True,2025-02-28T03:00:00.000+00:00,2025-03-17T09:35:00
932618,DONA LUCI SILVA LIMA,False,True,PE,25313,2611606.0,RECIFE,0,,0,,False,,85622,10565000000192,10571982000125,0,,True,2025-02-28T03:00:00.000+00:00,2025-03-17T09:34:00
932608,DO DOM,False,True,PE,25313,2611606.0,RECIFE,0,,0,,False,,85622,10565000000192,10571982000125,0,,True,2025-02-28T03:00:00.000+00:00,2025-03-17T09:34:00
932601,DEUS E AMOR,False,True,PE,25313,2611606.0,RECIFE,0,,0,,False,,85622,10565000000192,10571982000125,0,,True,2025-02-28T03:00:00.000+00:00,2025-03-17T09:34:00
932600,DEPUTADO FERNANDO SAMPAIO,False,True,PE,25313,2611606.0,RECIFE,0,,0,,False,,85622,10565000000192,10571982000125,0,,True,2025-02-28T03:00:00.000+00:00,2025-03-17T09:34:00
932599,DEPUTADO EDSON CANTARELLI,False,True,PE,25313,2611606.0,RECIFE,0,,0,,False,,85622,10565000000192,10571982000125,0,,True,2025-02-28T03:00:00.000+00:00,2025-03-17T09:34:00
932595,DE CASA AMARELA,False,True,PE,25313,2611606.0,RECIFE,0,,0,,False,,85622,10565000000192,10571982000125,0,,True,2025-02-28T03:00:00.000+00:00,2025-03-17T09:34:00
932588,DA MANGABEIRA,False,True,PE,25313,2611606.0,RECIFE,0,,0,,False,,85622,10565000000192,10571982000125,0,,True,2025-02-28T03:00:00.000+00:00,2025-03-17T09:34:00
932587,DA IPUTINGA,False,True,PE,25313,2611606.0,RECIFE,0,,0,,False,,85622,10565000000192,10571982000125,0,,True,2025-02-28T03:00:00.000+00:00,2025-03-17T09:34:00
932581,CRECHE MUNICIPAL DO JORDAO BAIXO,False,True,PE,25313,2611606.0,RECIFE,0,,0,,False,,85622,10565000000192,10571982000125,0,,True,2025-02-28T03:00:00.000+00:00,2025-03-17T09:34:00
932576,CRECHE ESCOLA RECIFE GOVERNADOR MIGUEL ARRAES,False,True,PE,25313,2611606.0,RECIFE,0,,0,,False,,85622,10565000000192,10571982000125,0,,True,2025-02-28T03:00:00.000+00:00,2025-03-17T09:32:00
932571,CORREGO DA AREIA,False,True,PE,25313,2611606.0,RECIFE,0,,0,,False,,85622,10565000000192,10571982000125,0,,True,2025-02-28T03:00:00.000+00:00,2025-03-17T09:32:00
932564,CIDADAO HERBERT DE SOUZA,False,True,PE,25313,2611606.0,RECIFE,0,,0,,False,,85622,10565000000192,10571982000125,0,,True,2025-02-28T03:00:00.000+00:00,2025-03-17T09:32:00
932556,CICERO FRANKLIN CORDEIRO,False,True,PE,25313,2611606.0,RECIFE,0,,0,,False,,85622,10565000000192,10571982000125,0,,True,2025-02-27T03:00:00.000+00:00,2025-03-17T09:32:00
932543,BRASILIA TEIMOSA,False,True,PE,25313,2611606.0,RECIFE,0,,0,,False,,85622,10565000000192,10571982000125,0,,True,2025-02-27T03:00:00.000+00:00,2025-03-17T09:32:00
932539,BERNARD VAN DER LEER,False,True,PE,25313,2611606.0,RECIFE,0,,0,,False,,85622,10565000000192,10571982000125,0,,True,2025-02-27T03:00:00.000+00:00,2025-03-17T09:32:00
155171,INSTITUTO FEDERAL DE PE - CAMPUS PALMARES,True,True,PE,24996,2610004.0,PALMARES,0,,0,,False,,26418,10767239000145,00394445000101,00394411000109,201381,True,2014-09-01T03:00:00.000+00:00,2015-05-05T09:56:00
155216,INST FED.EDUC.CIEN. TEC. PE CAMPUS OLINDA,True,True,PE,24910,2609600.0,OLINDA,158136,"INST.FED.DE EDUC.,CIENC.E TEC.DE PERNAMBUCO",0,,True,,26418,10767239000145,00394445000101,00394411000109,202867,True,2015-01-16T02:00:00.000+00:00,2019-12-15T11:57:00
932536,ASA BRANCA,False,True,PE,25313,2611606.0,RECIFE,0,,0,,False,,85622,10565000000192,10571982000125,0,,True,2025-02-27T03:00:00.000+00:00,2025-03-17T09:32:00
932532,ARITANA,False,True,PE,25313,2611606.0,RECIFE,0,,0,,False,,85622,10565000000192,10571982000125,0,,True,2025-02-27T03:00:00.000+00:00,2025-03-17T09:32:00
932528,ANTONIO FARIAS FILHO,False,True,PE,25313,2611606.0,RECIFE,0,,0,,False,,85622,10565000000192,10571982000125,0,,True,2025-02-27T03:00:00.000+00:00,2025-03-17T09:32:00
932527,ANITA PAES BARRETO,False,True,PE,25313,2611606.0,RECIFE,0,,0,,False,,85622,10565000000192,10571982000125,0,,True,2025-02-27T03:00:00.000+00:00,2025-03-17T09:27:00
932508,CENTRO DE EDUCAçãO PRO,False,True,PE,25313,2611606.0,RECIFE,0,,0,,False,,85622,10565000000192,10571982000125,0,,True,2025-02-27T03:00:00.000+00:00,2025-03-17T09:27:00
932500,ESCOLA PROFISSIONALIZANTE,False,True,PE,25313,2611606.0,RECIFE,0,,0,,False,,85622,10565000000192,10571982000125,0,,True,2025-02-27T03:00:00.000+00:00,2025-03-17T09:27:00
932497,CENTRO DE REABILITAçãO F,False,True,PE,25313,2611606.0,RECIFE,0,,0,,False,,85622,10565000000192,10571982000125,0,,True,2025-02-27T03:00:00.000+00:00,2025-03-17T09:27:00
932490,POLICLíNICA DO PINA,False,True,PE,25313,2611606.0,RECIFE,0,,0,,False,,85622,10565000000192,10571982000125,0,,True,2025-02-27T03:00:00.000+00:00,2025-03-17T09:27:00
932488,UPINH DIA NOVO JIQUIá,False,True,PE,25313,2611606.0,RECIFE,0,,0,,False,,85622,10565000000192,10571982000125,0,,True,2025-02-27T03:00:00.000+00:00,2025-03-17T09:27:00
932479,USF TRêS CARNEIROS BAIXO,False,True,PE,25313,2611606.0,RECIFE,0,,0,,False,,85622,10565000000192,10571982000125,0,,True,2025-02-27T03:00:00.000+00:00,2025-03-17T09:26:00
932469,USF MANGUEIRA 2,False,True,PE,25313,2611606.0,RECIFE,0,,0,,False,,85622,10565000000192,10571982000125,0,,True,2025-02-27T03:00:00.000+00:00,2025-03-17T09:26:00
932404,DISTRITO SANITáRIO VIII,False,True,PE,25313,2611606.0,RECIFE,0,,0,,False,,85622,10565000000192,10571982000125,0,,True,2025-02-11T03:00:00.000+00:00,2025-03-17T09:26:00
932401,US 303 CAPS AD ESPACO TRAVESSIA RENE RIBEIRO,False,True,PE,25313,2611606.0,RECIFE,0,,0,,False,,85622,10565000000192,10571982000125,0,,True,2025-02-11T03:00:00.000+00:00,2025-03-17T09:26:00
932394,US 308 CAPS PROF ZALDO ROCHA - SESAU,False,True,PE,25313,2611606.0,RECIFE,0,,0,,False,,85622,10565000000192,10571982000125,0,,True,2025-02-11T03:00:00.000+00:00,2025-03-17T09:26:00
932387,POLICLíNICA ALBERT SABIN - SESAU,False,True,PE,25313,2611606.0,RECIFE,0,,0,,False,,85622,10565000000192,10571982000125,0,,True,2025-02-11T03:00:00.000+00:00,2025-03-17T09:12:00
932379,CENTRO DE REABILITAçãO - SESAU,False,True,PE,25313,2611606.0,RECIFE,0,,0,,False,,85622,10565000000192,10571982000125,0,,True,2025-02-11T03:00:00.000+00:00,2025-03-17T09:12:00
932369,US 395 USF UPINHA DIA DRA FERNANDA WANDERLEY,False,True,PE,25313,2611606.0,RECIFE,0,,0,,False,,85622,10565000000192,10571982000125,0,,True,2026-02-11T03:00:00.000+00:00,2025-03-17T09:12:00
932348,EM PAROQUIAL PROFª PRIMITIVA DE B.SILVA,False,True,PE,25313,2611606.0,RECIFE,0,,0,,False,,85622,10565000000192,10571982000125,0,,True,2025-02-11T03:00:00.000+00:00,2025-03-17T09:12:00
975141,FUNDO MUNICIPAL DE SAUDE SURUBIM,False,True,PE,25895,2614501.0,SURUBIM,0,,0,,False,,87840,08937139000178,,,,True,,2024-08-17T17:47:00
975133,FUNDO MUNICIPAL DE SAUDE CABROBÓ,False,True,PE,23590,2603009.0,CABROBÓ,0,,0,,False,,87832,10907425000132,,,,True,,2024-08-17T17:47:00
975128,FUNDO MUNICIPAL DE SAUDE QUIPAPÁ,False,True,PE,25291,2611507.0,QUIPAPÁ,0,,0,,False,,87827,11299001000103,,,,True,,2024-08-17T17:47:00
975127,FUNDO MUNICIPAL DE SAUDE PEDRA,False,True,PE,25151,2610806.0,PEDRA,0,,0,,False,,87826,08201607000141,,,,True,,2024-08-17T17:47:00
931009,FUNDO MUN. DE ASS. SOC. DE SAO BENTO DO UNA,False,True,PE,25593,2613008.0,SÃO BENTO DO UNA,0,,0,,False,,94627,12609678000155,,,,True,2024-02-21T03:00:00.000+00:00,2024-02-21T08:52:00
930824,FUNDO MUNICIPAL DE SAÚDE DE NAZARÉ DA MATA/PE,False,True,PE,24899,2609501.0,NAZARÉ DA MATA,0,,0,,False,,99686,09814269000186,10166817000198,10571982000125,,True,2024-01-25T03:00:00.000+00:00,2024-10-12T11:09:00
928403,FUNDO MUNICIPAL DE ASSISTENCIA SOCIAL F. NOVA,False,True,PE,24074,2605400.0,FEIRA NOVA,0,,0,,False,,94706,12146188000160,11097243000106,10571982000125,,True,2021-02-18T03:00:00.000+00:00,2024-04-07T15:14:00
928375,PREFEITURA MUNICIPAL DE SANHARO - PE,False,True,PE,25470,2612406.0,SANHARÓ,0,,0,,False,,98982,11044906000124,10571982000125,0,,True,2021-01-28T03:00:00.000+00:00,2024-04-07T15:14:00
930831,CONSELHO REGIONAL DE BIOLOGIA 5ª REGIAO,False,True,PE,25313,2611606.0,RECIFE,0,,0,,False,,39148,03662446000170,00720532000101,37115367000160,,True,2024-12-27T03:00:00.000+00:00,2024-12-27T11:43:00
930779,FUNDO PREVIDENCIARIO DO MUNICIPIO DO CONDADO,False,True,PE,23914,2604601.0,CONDADO,0,,0,,False,,99680,05864543000170,10150068000100,10571982000125,,True,2024-01-19T03:00:00.000+00:00,2024-10-06T11:09:00
928058,FUNDO MUN.DE ASSISTÊNCIA SOCIAL DE PAUDALHO,False,True,PE,25119,2610608.0,PAUDALHO,0,,0,,False,,98970,12105376000140,11097383000184,10571982000125,,True,2020-06-09T03:00:00.000+00:00,2024-04-07T15:14:00
930526,INSTITUTO DE PREVIDENCIA DO MUN.FEIRA NOVA,False,True,PE,24074,2605400.0,FEIRA NOVA,0,,0,,False,,94520,08761124000100,0,0,,True,2023-10-03T03:00:00.000+00:00,2023-10-03T11:17:00
930699,CONSELHO REG.DE FONOAUDIOLOGIA 4ª REGIAO,False,True,PE,25313,2611606.0,RECIFE,0,,0,,False,,39030,02116365000101,,,,True,2023-12-20T03:00:00.000+00:00,2023-12-20T21:46:00
927852,CONSÓRCIO PÚB.INT.AGRESTE PERNAMB.FRONTEIRAS,False,True,PE,23817,2604106.0,CARUARU,0,,0,,False,,94620,10571982000125,0,0,,True,2020-02-03T03:00:00.000+00:00,2020-12-20T10:29:00
930871,CAMARA MUNICIPAL DE CORTÊS - PE,False,True,PE,23957,2604809.0,CORTÊS,0,,0,,False,,99681,11530060000132,10571982000125,0,,True,2024-02-01T03:00:00.000+00:00,2024-10-06T11:09:00
930297,CONSELHO REGIONAL DE QUIMICA DA 1ª REGIÃO/PE,False,True,PE,25313,2611606.0,RECIFE,0,,0,,False,,39010,11674751000100,,,,True,2023-06-27T03:00:00.000+00:00,2023-06-27T18:52:00
930434,AUTARQUIA EDUCACIONAL DO BELO JARDIM/PE,False,True,PE,23337,2601706.0,BELO JARDIM,0,,0,,False,,94620,10571982000125,0,0,,True,2023-08-23T03:00:00.000+00:00,2023-08-23T13:09:00
930304,CAMARA MUNICIPAL DE RIACHO DAS ALMAS - PE,False,True,PE,25330,2611705.0,RIACHO DAS ALMAS,0,,0,,False,,98980,08861858000152,10571982000125,0,,True,2023-06-29T03:00:00.000+00:00,2024-04-07T15:14:00
930226,MPE-CAMARA MUNICIPAL DE ITAQUITINGA,False,True,PE,24554,2607802.0,ITAQUITINGA,0,,0,,False,,89058,11490117000117,10571982000125,0,,True,2023-06-06T03:00:00.000+00:00,2025-06-22T14:43:00
929819,SERVIÇO APOIO A MICROS E PEQUENAS EMPRESAS-PE,False,True,PE,25313,2611606.0,RECIFE,0,,0,,False,,39136,09829524000164,00330845000145,0,,True,2023-01-24T03:00:00.000+00:00,2024-10-09T09:15:00
929755,AUTARQUIA DE TRANSITO E TRANSPORTE - PAUDALHO,False,True,PE,25119,2610608.0,PAUDALHO,0,,0,,False,,98968,28867138000101,11097383000184,10571982000125,,True,2022-12-20T03:00:00.000+00:00,2024-04-07T15:14:00
930293,FUNDO MUNICIP.DE SAÚDE DE SÃO VICENTE FÉRRER,False,True,PE,25755,2613800.0,SÃO VICENTE FÉRRER,0,,0,,False,,94620,10571982000125,0,0,,True,2023-06-27T03:00:00.000+00:00,2023-06-27T14:08:00
929588,CAMARA MUNICIPAL DE MACHADOS-PE,False,True,PE,24813,2609105.0,MACHADOS,0,,0,,False,,98962,08985673000150,10571982000125,0,,True,2022-08-22T03:00:00.000+00:00,2024-04-07T15:14:00
930072,INSTITUTO DE PREV SERV PUB LAGOA DO CARROPE,False,True,PE,22896,2608453.0,LAGOA DO CARRO,0,,0,,False,,94620,10571982000125,0,0,,True,2023-04-13T03:00:00.000+00:00,2023-04-13T10:19:00
926933,INSTITUTO DE RECURSOS HUMANOS DE PERNAMBUCO,False,True,PE,25313,2611606.0,RECIFE,0,,0,,False,,94620,10571982000125,0,0,,True,2018-06-11T03:00:00.000+00:00,2018-12-15T13:41:00
929409,FUNDO MUNICIPAL DE EDUCAÇÃO DE PESQUEIRA/PE,False,True,PE,25178,2610905.0,PESQUEIRA,0,,0,,False,,94620,10571982000125,0,0,,True,2022-05-06T03:00:00.000+00:00,2022-12-17T12:12:00
930125,PARQUE ESTADUAL DOIS IRMAOS,False,True,PE,25313,2611606.0,RECIFE,0,,0,,False,,94620,10571982000125,0,0,,True,2023-05-02T03:00:00.000+00:00,2023-05-02T09:23:00
926823,CONSÓRCIO DE INTEGRAÇÃO DOS MUN. DO PAJEÚ,False,True,PE,23019,2600104.0,AFOGADOS DA INGAZEIRA,0,,0,,False,,94620,10571982000125,0,0,,True,2018-01-16T02:00:00.000+00:00,2018-12-15T18:19:00
929114,HOSPITAL JESUS NAZARENO DE CARUARU/PE,False,True,PE,23817,2604106.0,CARUARU,0,,0,,False,,94620,10571982000125,0,0,,True,2021-12-17T03:00:00.000+00:00,2021-12-12T12:13:00
929481,FUNDO MUNICIPAL DE SAúDE DE CHÃ GRANDE/PE,False,True,PE,23892,2604502.0,CHÃ GRANDE,0,,0,,False,,94620,10571982000125,0,0,,True,2022-06-21T03:00:00.000+00:00,2022-12-17T10:12:00
929632,CAMARA MUNICIPAL DE CARPINA - PE,False,True,PE,23795,2604007.0,CARPINA,0,,0,,False,,99678,08985624000117,10571982000125,0,,True,2022-09-20T03:00:00.000+00:00,2024-10-06T11:09:00
929065,FUNDAÇÃO UNIVERSIDADE DE PERNAMBUCO,False,True,PE,24198,2606002.0,GARANHUNS,0,,0,,False,,94620,10571982000125,0,0,,True,2021-12-02T03:00:00.000+00:00,2021-12-12T11:53:00
926469,COMPANHIA HIDRO ELETRICA DO SÃO FRANCISCO,False,True,PE,25313,2611606.0,RECIFE,0,,0,,False,,94620,10571982000125,0,0,,True,2015-01-26T02:00:00.000+00:00,2015-11-11T18:18:00
929251,CAMARA MUNICIPAL DE SAO BENTO DO UMA - PE,False,True,PE,25593,2613008.0,SÃO BENTO DO UNA,0,,0,,False,,98988,11474202000191,10571982000125,0,,True,2022-02-25T03:00:00.000+00:00,2024-04-07T15:14:00
926407,CONSELHO REGIONAL DE EDUCAÇÃO FISICA 12ª - PE,False,True,PE,25313,2611606.0,RECIFE,0,,0,,False,,38651,03956986000166,03101148000100,00394445000101,,True,2021-10-04T03:00:00.000+00:00,2024-03-01T08:12:00
929103,FNDO MUNICIPAL DE ASSISTENCIA SOCIAL,False,True,PE,23779,2603900.0,CARNAÍBA,0,,0,,False,,94620,10571982000125,0,0,,True,2021-12-14T03:00:00.000+00:00,2021-12-12T14:46:00
929038,UNIVERSIDADE DE PERNAMBUCO-CAMPUS MATA NORTE,False,True,PE,24899,2609501.0,NAZARÉ DA MATA,0,,0,,False,,94620,10571982000125,0,0,,True,2021-11-17T03:00:00.000+00:00,2021-12-12T08:42:00
929069,FUNDO MUNICIPAL DE SAÚDE DE ITAPETIM - PE,False,True,PE,24538,2607703.0,ITAPETIM,0,,0,,False,,94718,11402511000156,11358157000100,10571982000125,,True,2021-12-02T03:00:00.000+00:00,2024-04-07T15:14:00
929066,FUNDO MUNICIPAL DE EDUCAÇAO DO PAULISTA,False,True,PE,25135,2610707.0,PAULISTA,0,,0,,False,,94620,10571982000125,0,0,,True,2021-12-02T03:00:00.000+00:00,2021-12-12T11:57:00
929618,CAMARA MUNICIPAL DE VEREADORES DE CUMARU - PE,False,True,PE,23973,2604908.0,CUMARU,0,,0,,False,,94702,08985418000107,10571982000125,0,,True,2022-09-09T03:00:00.000+00:00,2024-04-07T15:14:00
932604,DIVINO ESPIRITO SANTO,False,True,PE,25313,2611606.0,RECIFE,0,,0,,False,,85622,10565000000192,10571982000125,0,,True,2025-02-28T03:00:00.000+00:00,2025-03-17T09:34:00
932585,CRISTIANO CORDEIRO,False,True,PE,25313,2611606.0,RECIFE,0,,0,,False,,85622,10565000000192,10571982000125,0,,True,2025-02-28T03:00:00.000+00:00,2025-03-17T09:34:00
932583,CREUSA DE FREITAS CAVALCANTI,False,True,PE,25313,2611606.0,RECIFE,0,,0,,False,,85622,10565000000192,10571982000125,0,,True,2025-02-28T03:00:00.000+00:00,2025-03-17T09:34:00
932570,COMPOSITOR LEVINO FERREIRA,False,True,PE,25313,2611606.0,RECIFE,0,,0,,False,,85622,10565000000192,10571982000125,0,,True,2025-02-28T03:00:00.000+00:00,2025-03-17T09:32:00
932566,CMEI DARCY RIBEIRO,False,True,PE,25313,2611606.0,RECIFE,0,,0,,False,,85622,10565000000192,10571982000125,0,,True,2025-02-28T03:00:00.000+00:00,2025-03-17T09:32:00
932552,CELESTE VIDAL,False,True,PE,25313,2611606.0,RECIFE,0,,0,,False,,85622,10565000000192,10571982000125,0,,True,2025-02-27T03:00:00.000+00:00,2025-03-17T09:32:00
932544,CAJUEIRO,False,True,PE,25313,2611606.0,RECIFE,0,,0,,False,,85622,10565000000192,10571982000125,0,,True,2025-02-27T03:00:00.000+00:00,2025-03-17T09:32:00
932533,ARQUITETO ALEXANDRE MUNIZ DE OLIVEIRA,False,True,PE,25313,2611606.0,RECIFE,0,,0,,False,,85622,10565000000192,10571982000125,0,,True,2025-02-27T03:00:00.000+00:00,2025-03-17T09:32:00
932523,AME AS CRIANCAS,False,True,PE,25313,2611606.0,RECIFE,0,,0,,False,,85622,10565000000192,10571982000125,0,,True,2025-02-27T03:00:00.000+00:00,2025-03-17T09:27:00
932522,ALTO SANTA TEREZINHA,False,True,PE,25313,2611606.0,RECIFE,0,,0,,False,,85622,10565000000192,10571982000125,0,,True,2025-02-27T03:00:00.000+00:00,2025-03-17T09:27:00
932520,ALTO DO REFUGIO IVAN NEVES,False,True,PE,25313,2611606.0,RECIFE,0,,0,,False,,85622,10565000000192,10571982000125,0,,True,2025-02-27T03:00:00.000+00:00,2025-03-17T09:27:00
932829,ZACARIAS DO REGO MACIEL,False,True,PE,25313,2611606.0,RECIFE,0,,0,,False,,85622,10565000000192,10571982000125,0,,True,2025-03-07T03:00:00.000+00:00,2025-03-17T09:41:00
932826,WALDEMAR DE SOUZA CABRAL,False,True,PE,25313,2611606.0,RECIFE,0,,0,,False,,85622,10565000000192,10571982000125,0,,True,2025-03-07T03:00:00.000+00:00,2025-03-17T09:41:00
932813,TIA EMILIA,False,True,PE,25313,2611606.0,RECIFE,0,,0,,False,,85622,10565000000192,10571982000125,0,,True,2025-03-07T03:00:00.000+00:00,2025-03-17T09:41:00
932634,ENGENHEIRO HENOCH COUTINHO DE MELO,False,True,PE,25313,2611606.0,RECIFE,0,,0,,False,,85622,10565000000192,10571982000125,0,,True,2025-02-28T03:00:00.000+00:00,2025-03-17T09:35:00
932639,ESTRELA DA MANHA,False,True,PE,25313,2611606.0,RECIFE,0,,0,,False,,85622,10565000000192,10571982000125,0,,True,2025-02-28T03:00:00.000+00:00,2025-03-17T09:35:00
932641,FLOR DA COMUNIDADE,False,True,PE,25313,2611606.0,RECIFE,0,,0,,False,,85622,10565000000192,10571982000125,0,,True,2025-02-28T03:00:00.000+00:00,2025-03-17T09:35:00
932649,GOVERNADOR EDUARDO CAMPOS,False,True,PE,25313,2611606.0,RECIFE,0,,0,,False,,85622,10565000000192,10571982000125,0,,True,2025-02-28T03:00:00.000+00:00,2025-03-17T09:35:00
932652,HISTORIADOR FLAVIO GUERRA,False,True,PE,25313,2611606.0,RECIFE,0,,0,,False,,85622,10565000000192,10571982000125,0,,True,2025-02-28T03:00:00.000+00:00,2025-03-17T09:35:00
932655,INES SOARES DE LIMA,False,True,PE,25313,2611606.0,RECIFE,0,,0,,False,,85622,10565000000192,10571982000125,0,,True,2025-02-28T03:00:00.000+00:00,2025-03-17T09:35:00
932664,JESUS DE NAZARE,False,True,PE,25313,2611606.0,RECIFE,0,,0,,False,,85622,10565000000192,10571982000125,0,,True,2025-02-28T03:00:00.000+00:00,2025-03-17T09:37:00
932800,SENADOR JOSE ERMIRIO DE MORAES,False,True,PE,25313,2611606.0,RECIFE,0,,0,,False,,85622,10565000000192,10571982000125,0,,True,2025-03-07T03:00:00.000+00:00,2025-03-17T09:41:00
932802,SERRA DA PRATA,False,True,PE,25313,2611606.0,RECIFE,0,,0,,False,,85622,10565000000192,10571982000125,0,,True,2025-03-07T03:00:00.000+00:00,2025-03-17T09:41:00
932805,SEVERINA LIRA,False,True,PE,25313,2611606.0,RECIFE,0,,0,,False,,85622,10565000000192,10571982000125,0,,True,2025-03-07T03:00:00.000+00:00,2025-03-17T09:41:00
932808,SITIO DO CEU,False,True,PE,25313,2611606.0,RECIFE,0,,0,,False,,85622,10565000000192,10571982000125,0,,True,2025-03-07T03:00:00.000+00:00,2025-03-17T09:41:00
932812,SONHO DO POVO,False,True,PE,25313,2611606.0,RECIFE,0,,0,,False,,85622,10565000000192,10571982000125,0,,True,2025-03-07T03:00:00.000+00:00,2025-03-17T09:41:00
932813,TIA EMILIA,False,True,PE,25313,2611606.0,RECIFE,0,,0,,False,,85622,10565000000192,10571982000125,0,,True,2025-03-07T03:00:00.000+00:00,2025-03-17T09:41:00
932826,WALDEMAR DE SOUZA CABRAL,False,True,PE,25313,2611606.0,RECIFE,0,,0,,False,,85622,10565000000192,10571982000125,0,,True,2025-03-07T03:00:00.000+00:00,2025-03-17T09:41:00
932829,ZACARIAS DO REGO MACIEL,False,True,PE,25313,2611606.0,RECIFE,0,,0,,False,,85622,10565000000192,10571982000125,0,,True,2025-03-07T03:00:00.000+00:00,2025-03-17T09:41:00
932520,ALTO DO REFUGIO IVAN NEVES,False,True,PE,25313,2611606.0,RECIFE,0,,0,,False,,85622,10565000000192,10571982000125,0,,True,2025-02-27T03:00:00.000+00:00,2025-03-17T09:27:00
932522,ALTO SANTA TEREZINHA,False,True,PE,25313,2611606.0,RECIFE,0,,0,,False,,85622,10565000000192,10571982000125,0,,True,2025-02-27T03:00:00.000+00:00,2025-03-17T09:27:00
932523,AME AS CRIANCAS,False,True,PE,25313,2611606.0,RECIFE,0,,0,,False,,85622,10565000000192,10571982000125,0,,True,2025-02-27T03:00:00.000+00:00,2025-03-17T09:27:00
932533,ARQUITETO ALEXANDRE MUNIZ DE OLIVEIRA,False,True,PE,25313,2611606.0,RECIFE,0,,0,,False,,85622,10565000000192,10571982000125,0,,True,2025-02-27T03:00:00.000+00:00,2025-03-17T09:32:00
932544,CAJUEIRO,False,True,PE,25313,2611606.0,RECIFE,0,,0,,False,,85622,10565000000192,10571982000125,0,,True,2025-02-27T03:00:00.000+00:00,2025-03-17T09:32:00
932552,CELESTE VIDAL,False,True,PE,25313,2611606.0,RECIFE,0,,0,,False,,85622,10565000000192,10571982000125,0,,True,2025-02-27T03:00:00.000+00:00,2025-03-17T09:32:00
932566,CMEI DARCY RIBEIRO,False,True,PE,25313,2611606.0,RECIFE,0,,0,,False,,85622,10565000000192,10571982000125,0,,True,2025-02-28T03:00:00.000+00:00,2025-03-17T09:32:00
932570,COMPOSITOR LEVINO FERREIRA,False,True,PE,25313,2611606.0,RECIFE,0,,0,,False,,85622,10565000000192,10571982000125,0,,True,2025-02-28T03:00:00.000+00:00,2025-03-17T09:32:00
932583,CREUSA DE FREITAS CAVALCANTI,False,True,PE,25313,2611606.0,RECIFE,0,,0,,False,,85622,10565000000192,10571982000125,0,,True,2025-02-28T03:00:00.000+00:00,2025-03-17T09:34:00
932585,CRISTIANO CORDEIRO,False,True,PE,25313,2611606.0,RECIFE,0,,0,,False,,85622,10565000000192,10571982000125,0,,True,2025-02-28T03:00:00.000+00:00,2025-03-17T09:34:00
932604,DIVINO ESPIRITO SANTO,False,True,PE,25313,2611606.0,RECIFE,0,,0,,False,,85622,10565000000192,10571982000125,0,,True,2025-02-28T03:00:00.000+00:00,2025-03-17T09:34:00
932609,DO IRAQUE,False,True,PE,25313,2611606.0,RECIFE,0,,0,,False,,85622,10565000000192,10571982000125,0,,True,2025-02-28T03:00:00.000+00:00,2025-03-17T09:34:00
932623,DOUTOR ANTONIO CORREIA,False,True,PE,25313,2611606.0,RECIFE,0,,0,,False,,85622,10565000000192,10571982000125,0,,True,2025-02-28T03:00:00.000+00:00,2025-03-17T09:35:00
932675,JORDAO BAIXO,False,True,PE,25313,2611606.0,RECIFE,0,,0,,False,,85622,10565000000192,10571982000125,0,,True,2025-03-06T03:00:00.000+00:00,2025-03-17T09:37:00
932678,JULIO VICENTE ALVES DE ARAUJO,False,True,PE,25313,2611606.0,RECIFE,0,,0,,False,,85622,10565000000192,10571982000125,0,,True,2025-03-06T03:00:00.000+00:00,2025-03-17T09:37:00
932709,NADIR COLACO,False,True,PE,25313,2611606.0,RECIFE,0,,0,,False,,85622,10565000000192,10571982000125,0,,True,2025-03-06T03:00:00.000+00:00,2025-03-17T09:37:00
932713,NOSSA SENHORA DE FATIMA,False,True,PE,25313,2611606.0,RECIFE,0,,0,,False,,85622,10565000000192,10571982000125,0,,True,2025-03-06T03:00:00.000+00:00,2025-03-17T09:38:00
932744,POETA JOAQUIM CARDOSO,False,True,PE,25313,2611606.0,RECIFE,0,,0,,False,,85622,10565000000192,10571982000125,0,,True,2025-03-06T03:00:00.000+00:00,2025-03-17T09:38:00
932769,PROFESSOR ORLANDO PARAHYM,False,True,PE,25313,2611606.0,RECIFE,0,,0,,False,,85622,10565000000192,10571982000125,0,,True,2025-03-06T03:00:00.000+00:00,2025-03-17T09:39:00
932799,SEMENTINHA DO SKYLAB,False,True,PE,25313,2611606.0,RECIFE,0,,0,,False,,85622,10565000000192,10571982000125,0,,True,2025-03-07T03:00:00.000+00:00,2025-03-17T09:41:00
932833,14 BIS,False,True,PE,25313,2611606.0,RECIFE,0,,0,,False,,85622,10565000000192,10571982000125,0,,True,2025-03-07T03:00:00.000+00:00,2025-03-17T09:41:00
932635,ENGENHEIRO UMBERTO GONDIM,False,True,PE,25313,2611606.0,RECIFE,0,,0,,False,,85622,10565000000192,10571982000125,0,,True,2025-02-28T03:00:00.000+00:00,2025-03-17T09:35:00
932688,MAGALHAES BASTOS,False,True,PE,25313,2611606.0,RECIFE,0,,0,,False,,85622,10565000000192,10571982000125,0,,True,2025-03-06T03:00:00.000+00:00,2025-03-17T09:37:00
932693,MARIA ADELAIDE DE BARROS,False,True,PE,25313,2611606.0,RECIFE,0,,0,,False,,85622,10565000000192,10571982000125,0,,True,2025-03-06T03:00:00.000+00:00,2025-03-17T09:37:00
932696,MARLUCE SANTIAGO DA SILVA,False,True,PE,25313,2611606.0,RECIFE,0,,0,,False,,85622,10565000000192,10571982000125,0,,True,2025-03-06T03:00:00.000+00:00,2025-03-17T09:37:00
932710,NOSSA SENHORA AUXILIADORA,False,True,PE,25313,2611606.0,RECIFE,0,,0,,False,,85622,10565000000192,10571982000125,0,,True,2025-03-06T03:00:00.000+00:00,2025-03-17T09:38:00
932721,NOVO PINA,False,True,PE,25313,2611606.0,RECIFE,0,,0,,False,,85622,10565000000192,10571982000125,0,,True,2025-03-06T03:00:00.000+00:00,2025-03-17T09:38:00
932722,OCTAVIO DE MEIRA LINS,False,True,PE,25313,2611606.0,RECIFE,0,,0,,False,,85622,10565000000192,10571982000125,0,,True,2025-03-06T03:00:00.000+00:00,2025-03-17T09:38:00
932730,PAIS E FILHOS,False,True,PE,25313,2611606.0,RECIFE,0,,0,,False,,85622,10565000000192,10571982000125,0,,True,2025-03-06T03:00:00.000+00:00,2025-03-17T09:38:00
932733,PARQUE DOS MILAGRES,False,True,PE,25313,2611606.0,RECIFE,0,,0,,False,,85622,10565000000192,10571982000125,0,,True,2025-03-06T03:00:00.000+00:00,2025-03-17T09:38:00
932739,PEDRO ALCANTARA,False,True,PE,25313,2611606.0,RECIFE,0,,0,,False,,85622,10565000000192,10571982000125,0,,True,2025-03-06T03:00:00.000+00:00,2025-03-17T09:38:00
932742,POETA CARLOS PENA FILHO,False,True,PE,25313,2611606.0,RECIFE,0,,0,,False,,85622,10565000000192,10571982000125,0,,True,2025-03-06T03:00:00.000+00:00,2025-03-17T09:38:00
932750,PROF ELIZABETH SALES COUTINHO BARROS,False,True,PE,25313,2611606.0,RECIFE,0,,0,,False,,85622,10565000000192,10571982000125,0,,True,2025-03-06T03:00:00.000+00:00,2025-03-17T09:38:00
932751,PROF JANDIRA BOTELHO PEREIRA DA COSTA,False,True,PE,25313,2611606.0,RECIFE,0,,0,,False,,85622,10565000000192,10571982000125,0,,True,2025-03-06T03:00:00.000+00:00,2025-03-17T09:38:00
932752,PROF JOSE LOURENCO DE LIMA,False,True,PE,25313,2611606.0,RECIFE,0,,0,,False,,85622,10565000000192,10571982000125,0,,True,2025-03-06T03:00:00.000+00:00,2025-03-17T09:38:00
974442,FUNDO M. S. SANTA CRUZ DO CAPIBARIBE,False,True,PE,25496,2612505.0,SANTA CRUZ DO CAPIBARIBE,0,,0,,False,,87141,11196515000125,10091569000163,10571982000125,,True,,2024-08-03T17:47:00
932754,PROFESSOR ADERBAL GALVAO,False,True,PE,25313,2611606.0,RECIFE,0,,0,,False,,85622,10565000000192,10571982000125,0,,True,2025-03-06T03:00:00.000+00:00,2025-03-17T09:39:00
932767,PROFESSOR MOACYR DE ALBUQUERQUE,False,True,PE,25313,2611606.0,RECIFE,0,,0,,False,,85622,10565000000192,10571982000125,0,,True,2025-03-06T03:00:00.000+00:00,2025-03-17T09:39:00
932775,PROFESSORA ALMERINDA UMBELINO DE BARROS,False,True,PE,25313,2611606.0,RECIFE,0,,0,,False,,85622,10565000000192,10571982000125,0,,True,2025-03-07T03:00:00.000+00:00,2025-03-17T09:39:00
932818,VILA IMPERIAL,False,True,PE,25313,2611606.0,RECIFE,0,,0,,False,,85622,10565000000192,10571982000125,0,,True,2025-03-07T03:00:00.000+00:00,2025-03-17T09:41:00
930245,FUNDO PREVIDENCIÁRIO DO MUNICÍPIO DE LIMOEIRO,False,True,PE,24775,2608909.0,LIMOEIRO,0,,0,,False,,98961,14537991000150,11097292000149,10571982000125,,True,2023-06-19T03:00:00.000+00:00,2024-04-07T15:14:00
974406,FUNDO MUNICIPAL DE SAUDE INGAZEIRA,False,True,PE,24414,2607109.0,INGAZEIRA,0,,0,,False,,87105,11208059000196,10347888000197,10571982000125,,True,,2024-08-03T17:47:00
974453,FUNDO MUNICIPAL DE SAUDE SÃO JOSÉ DO EGITO,False,True,PE,25712,2613602.0,SÃO JOSÉ DO EGITO,0,,0,,False,,87152,11503081000169,11354180000126,10571982000125,,True,,2024-08-03T17:47:00
975138,FUNDO MUNICIPAL DE SAUDE PETROLÂNDIA,False,True,PE,25194,2611002.0,PETROLÂNDIA,0,,0,,False,,87837,10410787000113,,,,True,,2024-08-17T17:47:00
974456,FUNDO MUNICIPAL DE SAUDE SÃO LOURENÇO DA MATA,False,True,PE,25739,2613701.0,SÃO LOURENÇO DA MATA,0,,0,,False,,87155,12257765000190,11251832000105,10571982000125,,True,,2024-08-03T17:47:00
930338,PERNAMBUCO PARTICIPAÇÕES E INVESTIMENTOS S/A,False,True,PE,25313,2611606.0,RECIFE,0,,0,,False,,94620,10571982000125,0,0,,True,2023-07-12T03:00:00.000+00:00,2023-07-12T17:47:00
975139,FUNDO MUNICIPAL DE SAUDE SANTA FILOMENA,False,True,PE,5568,2612554.0,SANTA FILOMENA,0,,0,,False,,87838,11415674000173,,,,True,,2024-08-17T17:47:00
975132,FUNDO MUNICIPAL DE SAUDE VERTENTE DO LÉRIO,False,True,PE,22918,2616183.0,VERTENTE DO LÉRIO,0,,0,,False,,87831,69902112000134,40893646000160,10571982000125,,True,,2024-10-17T20:50:00
975130,FUNDO MUNICIPAL DE SAUDE SÃO BENEDITO DO SUL,False,True,PE,25577,2612901.0,SÃO BENEDITO DO SUL,0,,0,,False,,87829,10785318000189,,,,True,,2024-08-17T17:47:00
931331,17ª VARA FEDERAL PETROLINA PE,False,True,PE,25216,2611101.0,PETROLINA,0,,0,,False,,94620,10571982000125,0,0,,True,2024-04-25T03:00:00.000+00:00,2024-04-25T14:33:00
070046,COORDENADORIA DE CONTROLE INTERNO - TRE/PE,False,True,PE,25313,2611606.0,RECIFE,0,,0,,False,0,14000,509018000113,,,,True,1999-07-15T03:00:00.000+00:00,2010-07-07T18:30:00
090036,TRIBUNAL REGIONAL FEDERAL DA 5A.REGIAO-ORCAM.,False,True,PE,25313,2611606.0,RECIFE,0,,0,,False,0,12000,508903000188,,,,True,1999-07-15T03:00:00.000+00:00,2010-07-07T18:30:00
120328,SEGUNDO DO OITAVO GRUPO DE AVIACAO,False,False,PE,25313,2611606.0,RECIFE,0,,0,,False,0,52111,00394429000100,03277610000125,00394411000109,,True,,2025-05-06T09:46:00
932351,EMTI REITOR JOãO ALFREDO,False,True,PE,25313,2611606.0,RECIFE,0,,0,,False,,85622,10565000000192,10571982000125,0,,True,2025-02-11T03:00:00.000+00:00,2025-03-17T09:12:00
932374,POLICLíNICA WALDEMAR DE OLIVEIRA - SESAU,False,True,PE,25313,2611606.0,RECIFE,0,,0,,False,,85622,10565000000192,10571982000125,0,,True,2025-02-11T03:00:00.000+00:00,2025-03-17T09:12:00
932383,DISTRITO SANITáRIO IV,True,True,PE,25313,2611606.0,RECIFE,0,,0,,False,,85622,10565000000192,10571982000125,0,,True,2025-02-11T03:00:00.000+00:00,2025-03-17T09:26:00
932390,SECRETARIA DE VIGILâNCIA EM SAúDE - SESAU,False,True,PE,25313,2611606.0,RECIFE,0,,0,,False,,85622,10565000000192,10571982000125,0,,True,2025-02-11T03:00:00.000+00:00,2025-03-17T09:26:00
932396,DISTRITO SANITáRIO I - SESAU,False,True,PE,25313,2611606.0,RECIFE,0,,0,,False,,85622,10565000000192,10571982000125,0,,True,2025-02-11T03:00:00.000+00:00,2025-03-17T09:26:00
932475,USF + EMOCY KRAUSE,False,True,PE,25313,2611606.0,RECIFE,0,,0,,False,,85622,10565000000192,10571982000125,0,,True,2025-02-27T03:00:00.000+00:00,2025-03-17T09:26:00
932509,USF + GUILHERME ROBALI,False,True,PE,25313,2611606.0,RECIFE,0,,0,,False,,85622,10565000000192,10571982000125,0,,True,2025-02-27T03:00:00.000+00:00,2025-03-17T09:27:00
932555,CHICO SCIENCE,False,True,PE,25313,2611606.0,RECIFE,0,,0,,False,,85622,10565000000192,10571982000125,0,,True,2025-02-27T03:00:00.000+00:00,2025-03-17T09:32:00
932567,CMEI NOVO PINA,False,True,PE,25313,2611606.0,RECIFE,0,,0,,False,,85622,10565000000192,10571982000125,0,,True,2025-02-28T03:00:00.000+00:00,2025-03-17T09:32:00
932582,CRECHE MUNICIPAL NOVO HORIZONTE,False,True,PE,25313,2611606.0,RECIFE,0,,0,,False,,85622,10565000000192,10571982000125,0,,True,2025-02-28T03:00:00.000+00:00,2025-03-17T09:34:00
932591,DARCY RIBEIRO,False,True,PE,25313,2611606.0,RECIFE,0,,0,,False,,85622,10565000000192,10571982000125,0,,True,2025-02-28T03:00:00.000+00:00,2025-03-17T09:34:00
932593,DE AGUA FRIA,False,True,PE,25313,2611606.0,RECIFE,0,,0,,False,,85622,10565000000192,10571982000125,0,,True,2025-02-28T03:00:00.000+00:00,2025-03-17T09:34:00
932603,DINA DE OLIVEIRA,False,True,PE,25313,2611606.0,RECIFE,0,,0,,False,,85622,10565000000192,10571982000125,0,,True,2025-02-28T03:00:00.000+00:00,2025-03-17T09:34:00
932605,DO BARRO,False,True,PE,25313,2611606.0,RECIFE,0,,0,,False,,85622,10565000000192,10571982000125,0,,True,2025-02-28T03:00:00.000+00:00,2025-03-17T09:34:00
932606,DO BONGI,False,True,PE,25313,2611606.0,RECIFE,0,,0,,False,,85622,10565000000192,10571982000125,0,,True,2025-02-28T03:00:00.000+00:00,2025-03-17T09:34:00
932614,DOM BOSCO,False,True,PE,25313,2611606.0,RECIFE,0,,0,,False,,85622,10565000000192,10571982000125,0,,True,2025-02-28T03:00:00.000+00:00,2025-03-17T09:34:00
932617,DONA CARMELITA MUNIZ DE ARAUJO,False,True,PE,25313,2611606.0,RECIFE,0,,0,,False,,85622,10565000000192,10571982000125,0,,True,2025-02-28T03:00:00.000+00:00,2025-03-17T09:34:00
932624,DOUTOR CAETE,False,True,PE,25313,2611606.0,RECIFE,0,,0,,False,,85622,10565000000192,10571982000125,0,,True,2025-02-28T03:00:00.000+00:00,2025-03-17T09:35:00
932646,FUTURO FELIZ,False,True,PE,25313,2611606.0,RECIFE,0,,0,,False,,85622,10565000000192,10571982000125,0,,True,2025-02-28T03:00:00.000+00:00,2025-03-17T09:35:00
932647,GENERAL EMIDIO DANTAS BARRETO,False,True,PE,25313,2611606.0,RECIFE,0,,0,,False,,85622,10565000000192,10571982000125,0,,True,2025-02-28T03:00:00.000+00:00,2025-03-17T09:35:00
932653,HUGO GERDAU,False,True,PE,25313,2611606.0,RECIFE,0,,0,,False,,85622,10565000000192,10571982000125,0,,True,2025-02-28T03:00:00.000+00:00,2025-03-17T09:35:00
932663,JARDIM UCHOA,False,True,PE,25313,2611606.0,RECIFE,0,,0,,False,,85622,10565000000192,10571982000125,0,,True,2025-02-28T03:00:00.000+00:00,2025-03-17T09:37:00
932676,JOSE MUCIO MONTEIRO,False,True,PE,25313,2611606.0,RECIFE,0,,0,,False,,85622,10565000000192,10571982000125,0,,True,2025-03-06T03:00:00.000+00:00,2025-03-17T09:37:00
932685,LUTADORES DO BEM,False,True,PE,25313,2611606.0,RECIFE,0,,0,,False,,85622,10565000000192,10571982000125,0,,True,2025-03-06T03:00:00.000+00:00,2025-03-17T09:37:00
932695,MARIO MELO,False,True,PE,25313,2611606.0,RECIFE,0,,0,,False,,85622,10565000000192,10571982000125,0,,True,2025-03-06T03:00:00.000+00:00,2025-03-17T09:37:00
932714,NOSSA SENHORA DO PILAR,False,True,PE,25313,2611606.0,RECIFE,0,,0,,False,,85622,10565000000192,10571982000125,0,,True,2025-03-06T03:00:00.000+00:00,2025-03-17T09:38:00
932727,PADRE JOSE DE ANCHIETA,False,True,PE,25313,2611606.0,RECIFE,0,,0,,False,,85622,10565000000192,10571982000125,0,,True,2025-03-06T03:00:00.000+00:00,2025-03-17T09:38:00
932731,PAPA JOAO XXIII,False,True,PE,25313,2611606.0,RECIFE,0,,0,,False,,85622,10565000000192,10571982000125,0,,True,2025-03-06T03:00:00.000+00:00,2025-03-17T09:38:00
932759,PROFESSOR JOAO BATISTA LIPPO NETO,False,True,PE,25313,2611606.0,RECIFE,0,,0,,False,,85622,10565000000192,10571982000125,0,,True,2025-03-06T03:00:00.000+00:00,2025-03-17T09:39:00
932768,PROFESSOR NILO PEREIRA,False,True,PE,25313,2611606.0,RECIFE,0,,0,,False,,85622,10565000000192,10571982000125,0,,True,2025-03-06T03:00:00.000+00:00,2025-03-17T09:39:00
932771,PROFESSOR POTIGUAR MATOS,False,True,PE,25313,2611606.0,RECIFE,0,,0,,False,,85622,10565000000192,10571982000125,0,,True,2025-03-06T03:00:00.000+00:00,2025-03-17T09:39:00
932777,PROFESSORA MARIA DA PAZ BRANDAO ALVES,False,True,PE,25313,2611606.0,RECIFE,0,,0,,False,,85622,10565000000192,10571982000125,0,,True,2025-03-07T03:00:00.000+00:00,2025-03-17T09:39:00
932786,SANTA EDWIGES,False,True,PE,25313,2611606.0,RECIFE,0,,0,,False,,85622,10565000000192,10571982000125,0,,True,2025-03-07T03:00:00.000+00:00,2025-03-17T09:39:00
932794,SAO DOMINGOS SAVIO,False,True,PE,25313,2611606.0,RECIFE,0,,0,,False,,85622,10565000000192,10571982000125,0,,True,2025-03-07T03:00:00.000+00:00,2025-03-17T09:39:00
932798,SEDE DA SABEDORIA,False,True,PE,25313,2611606.0,RECIFE,0,,0,,False,,85622,10565000000192,10571982000125,0,,True,2025-03-07T03:00:00.000+00:00,2025-03-17T09:41:00
932807,SITIO DO CARDOSO,False,True,PE,25313,2611606.0,RECIFE,0,,0,,False,,85622,10565000000192,10571982000125,0,,True,2025-03-07T03:00:00.000+00:00,2025-03-17T09:41:00
932809,SITIO GRANDE,False,True,PE,25313,2611606.0,RECIFE,0,,0,,False,,85622,10565000000192,10571982000125,0,,True,2025-03-07T03:00:00.000+00:00,2025-03-17T09:41:00
932811,SOLDADO JOSE ANTONIO DO NASCIMENTO BOA VISTA,False,True,PE,25313,2611606.0,RECIFE,0,,0,,False,,85622,10565000000192,10571982000125,0,,True,2025-03-07T03:00:00.000+00:00,2025-03-17T09:41:00
932820,VILA SANTA LUZIA,False,True,PE,25313,2611606.0,RECIFE,0,,0,,False,,85622,10565000000192,10571982000125,0,,True,2025-03-07T03:00:00.000+00:00,2025-03-17T09:41:00
932824,VIRGEM PODEROSA,False,True,PE,25313,2611606.0,RECIFE,0,,0,,False,,85622,10565000000192,10571982000125,0,,True,2025-03-07T03:00:00.000+00:00,2025-03-17T09:41:00
932825,VOVO ARTUR,False,True,PE,25313,2611606.0,RECIFE,0,,0,,False,,85622,10565000000192,10571982000125,0,,True,2025-03-07T03:00:00.000+00:00,2025-03-17T09:41:00
932828,WALDIR SAVLUSCHINSKE,False,True,PE,25313,2611606.0,RECIFE,0,,0,,False,,85622,10565000000192,10571982000125,0,,True,2025-03-07T03:00:00.000+00:00,2025-03-17T09:41:00
158278,INST.FED.S.PERNAMBUCANO/CAMPUS PETROLINA-Z.RU,True,True,PE,25216,2611101.0,PETROLINA,0,,0,,True,0,26430,10830301000104,00394445000101,00394411000109,105250,True,2009-08-03T03:00:00.000+00:00,2024-03-08T16:01:00
975117,FUNDO MUNICIPAL DE SAUDE FREI MIGUELINHO,False,True,PE,24155,2605806.0,FREI MIGUELINHO,0,,0,,False,,87816,13811409000130,,,,True,,2024-08-17T17:47:00
975111,FUNDO MUNICIPAL DE SAUDE ALAGOINHA,False,True,PE,23116,2600609.0,ALAGOINHA,0,,0,,False,,87810,11419791000105,11043981000170,10571982000125,,True,,2024-08-17T17:47:00
170408,PROC. SECCIONAL DA FAZENDA NACIOANL-PETROLINA,True,True,PE,25216,2611101.0,PETROLINA,0,,0,,False,0,25000,00394460000141,00394411000109,00394411000109,,True,,2018-12-15T10:09:00
975123,FUNDO MUNICIPAL DE SAUDE MACHADOS,False,True,PE,24813,2609105.0,MACHADOS,0,,0,,False,,87822,08194799000106,,,,True,,2024-08-17T17:47:00
193192,DIRETORIA DE RECURSOS HUMANOS,True,True,PE,25313,2611606.0,RECIFE,0,,0,,False,0,20601,10890804000167,03353358000196,00394411000109,,True,1999-07-15T03:00:00.000+00:00,2020-12-20T13:04:00
193204,DIRETORIA DE ADMINIST.GERAL-SUDENE-OLINDA/PE,True,True,PE,25313,2611606.0,RECIFE,0,,0,,False,0,20601,10890804000167,03353358000196,00394411000109,,True,1999-07-15T03:00:00.000+00:00,2020-12-20T13:05:00
240137,CENTRO DE TECNOLOGIAS ESTRATÉGICAS DO NORDEST,True,True,PE,25313,2611606.0,RECIFE,240104,MCT-INSTITUTO NACIONAL DE TECNOLOGIA-RJ,0,,True,0,24000,01263896000164,00394411000109,00394411000109,119700,True,,2018-12-15T12:27:00
200398,SUPERINTENDENCIA REG.DEP.POLICIA FEDERAL- PE,True,True,PE,25313,2611606.0,RECIFE,0,,200092,SUPERINTENDENCIA REG.DEP.POLICIA FEDERAL- PE,True,0,30108,00394494000136,00394494000136,00394411000109,1219,True,,2024-08-01T14:15:00
120334,SEGUNDO ESQUADRAO DE TRANSPORTE AEREO,False,False,PE,25313,2611606.0,RECIFE,0,,0,,False,0,52111,00394429000100,03277610000125,00394411000109,,True,,2025-05-06T09:46:00
389097,CONSELHO REG. DE ENGENHARIA E AGRONOMIA - PE,False,True,PE,25313,2611606.0,RECIFE,0,,0,,False,0,38582,09795881000159,,,,True,2012-06-05T03:00:00.000+00:00,2023-03-24T15:26:00
389195,CONSELHO REGIONAL DE MEDICINA VETERINARIA-PE,False,True,PE,25313,2611606.0,RECIFE,0,,0,,False,0,38811,09791450000114,00119784000171,,,True,2020-10-09T03:00:00.000+00:00,2023-10-17T14:37:00
389452,CONSELHO REGIONAL DE FARMACIA - PE,False,True,PE,25313,2611606.0,RECIFE,0,,0,,False,0,38701,09822982000171,60984473000100,37115367000160,,True,2018-02-27T03:00:00.000+00:00,2023-03-24T15:26:00
389101,CONSELHO REG.DE FIS. E TERAPIA OCUPACIONAL-PE,False,True,PE,25313,2611606.0,RECIFE,0,,0,,False,0,38788,11425519000138,00487140000136,37115367000160,,True,2020-02-26T03:00:00.000+00:00,2023-03-24T15:26:00
389148,CONSELHO REGIONAL DE ADMINISTRACAO - PE,False,True,PE,25313,2611606.0,RECIFE,0,,0,,False,0,38899,08089591000127,34061135000189,37115367000160,,True,2019-08-29T03:00:00.000+00:00,2024-04-29T15:26:00
450399,FUNDACAO DO AMPARO A CIENCIA E TECNOLOGIA-FAC,False,True,PE,25313,2611606.0,RECIFE,0,,0,,False,0,94620,10571982000125,0,0,,True,2019-08-29T03:00:00.000+00:00,2019-12-15T14:29:00
389176,CONSELHO REGIONAL DE MEDICINA - PE,False,True,PE,25313,2611606.0,RECIFE,0,,0,,False,0,38596,09790999000194,33583550000130,00394544000185,,True,2013-11-29T02:00:00.000+00:00,2023-03-24T15:26:00
389222,CONSELHO REGIONAL DE NUTRICIONISTAS 6ª - PE,False,True,PE,25313,2611606.0,RECIFE,0,,0,,False,0,38605,11674272000193,00579987000140,37115367000160,,True,2012-11-05T02:00:00.000+00:00,2024-03-01T08:12:00
450314,INSTITUTO AGRONÔMICO DE PERNAMBUCO/PE,False,True,PE,25313,2611606.0,RECIFE,0,,0,,False,0,94620,10571982000125,0,0,,True,2018-07-13T03:00:00.000+00:00,2021-12-12T14:56:00
389334,CONSELHO REGIONAL DE ENFERMAGEM - PE,False,True,PE,25313,2611606.0,RECIFE,0,,0,,False,0,38555,11674777000158,47217146000157,37115367000160,,True,2023-12-20T03:00:00.000+00:00,2023-12-20T21:00:00
389405,CONSELHO REGIONAL DE ECONOMIA 3A - PE,False,True,PE,25313,2611606.0,RECIFE,0,,0,,False,0,38974,01698061000137,33758053000125,,,True,2020-08-21T03:00:00.000+00:00,2024-04-07T15:14:00
523002,SEGUNDA GERÊNCIA REGIONAL - GER 2/ANAC,False,True,PE,25313,2611606.0,RECIFE,523001,AGENCIA NACIONAL DE AVIACAO CIVIL,0,,False,0,52201,07947821000189,03277610000125,00394411000109,91273,True,2007-04-20T03:00:00.000+00:00,2015-11-11T14:07:00
533003,GABINETE,True,True,PE,25313,2611606.0,RECIFE,0,,0,,False,0,53206,05193279000190,03353358000196,00394411000109,,True,,2025-07-07T19:14:00
451682,FUNDACAO DE CULTURA CIDADE DO RECIFE,False,True,PE,25313,2611606.0,RECIFE,0,,0,,False,0,94620,10571982000125,0,0,,True,2019-04-05T03:00:00.000+00:00,2019-12-15T14:46:00
683602,ESCOLA DE APREND.-MARINHEIROS DE PERNAMBUCO,False,True,PE,24910,2609600.0,OLINDA,783602,ESCOLA APRENDIZES DE MARINHEIROS/PE,783602,ESCOLA APRENDIZES DE MARINHEIROS/PE,False,0,52132,00394502047370,00394502002864,03277610000125,60966,True,,2024-11-14T10:33:00
200399,SUPERINTENDENCIA REG.DEP.POLICIA FEDERAL- PE,False,True,PE,25313,2611606.0,RECIFE,200398,SUPERINTENDENCIA REG.DEP.POLICIA FEDERAL- PE,200092,SUPERINTENDENCIA REG.DEP.POLICIA FEDERAL- PE,True,0,30909,00394494000136,00394494000136,00394411000109,1219,True,,2016-03-22T11:07:00
380942,DELEG.REG. DO TRAB/PERNAMBUCO,False,True,PE,25313,2611606.0,RECIFE,380042,DELEG.REG. DO TRAB/PERNAMBUCO,380042,DELEG.REG. DO TRAB/PERNAMBUCO,True,0,38901,07526983000143,37115367000160,00394411000109,3458,True,,2025-07-07T14:20:00
946001,PROG.DE APOIO AO DESENV. SUSTEN.ZONA DA MATA,False,True,PE,25313,2611606.0,RECIFE,0,,0,,False,0,94620,10571982000125,0,0,,True,2006-06-01T03:00:00.000+00:00,2024-03-01T08:12:00
389251,CONSELHO REGIONAL DE PSICOLOGIA 2A REGIÃO,True,True,PE,25313,2611606.0,RECIFE,0,,0,,False,0,38000,37115367000160,00394411000109,00394411000109,58597,True,2024-01-11T03:00:00.000+00:00,2024-09-13T10:04:00
980546,PREFEITURA MUNICIPAL DE CASINHAS - PE,False,True,PE,5460,2604155.0,CASINHAS,0,,0,,False,0,94701,01618704000195,10571982000125,0,,True,2021-01-14T03:00:00.000+00:00,2024-04-07T15:14:00
980558,PREFEIRURA MUNICIPAL DE TAMANDARE,False,True,PE,5584,2614857.0,TAMANDARÉ,0,,0,,False,0,94620,10571982000125,0,0,,True,2017-03-03T03:00:00.000+00:00,2019-12-15T15:08:00
450096,COOPERATIVA DE PRESTACAO DE SERVICOS REDE DE,False,False,PE,25313,2611606.0,RECIFE,0,,0,,False,0,44444,00489828000155,00394460000141,00394411000109,,True,,2022-12-17T10:20:00
980550,PREFEITURA MUNICIPAL DE JATOBÁ,False,True,PE,5509,2608057.0,JATOBÁ,0,,0,,False,0,94620,10571982000125,0,0,,True,2018-11-20T02:00:00.000+00:00,2018-12-15T13:08:00
980552,PREFEITURA MUNICIPAL DE LAGOA GRANDE/PE,False,True,PE,5525,2608750.0,LAGOA GRANDE,0,,0,,False,0,94620,10571982000125,0,0,,True,2018-10-31T03:00:00.000+00:00,2021-12-12T10:23:00
883602,ESCOLA DE APREND.-MARINHEIROS DE PERNAMBUCO,False,True,PE,24910,2609600.0,OLINDA,783602,ESCOLA APRENDIZES DE MARINHEIROS/PE,783602,ESCOLA APRENDIZES DE MARINHEIROS/PE,False,0,52133,00394502051644,00394502000144,03277610000125,60966,True,,2024-11-14T10:33:00
883702,HOSPITAL NAVAL DE RECIFE,False,True,PE,25313,2611606.0,RECIFE,783702,HOSPITAL NAVAL DE RECIFE,783702,HOSPITAL NAVAL DE RECIFE,False,0,52133,00394502051644,00394502000144,03277610000125,60963,True,,2024-11-14T14:07:00
982353,PREFEITURA MUNICIPAL DE BUENOS AIRES,False,True,PE,23531,2602704.0,BUENOS AIRES,0,,0,,False,0,94620,10571982000125,0,0,,True,2019-02-11T02:00:00.000+00:00,2019-12-15T16:49:00
982383,PREFEITURA MUNICIPAL DE CATENDE,False,True,PE,23833,2604205.0,CATENDE,0,,0,,False,0,94620,10571982000125,0,0,,True,2020-06-01T03:00:00.000+00:00,2020-12-20T18:36:00
982405,PREFEITURA MUNICIPAL DE EXU - PE,False,True,PE,24058,2605301.0,EXU,0,,0,,False,0,94704,11040870000100,10571982000125,0,,True,2020-04-24T03:00:00.000+00:00,2024-04-07T15:14:00
982453,PREFEITURA MUNICIPAL DE ITAPETIM - PE,False,True,PE,24538,2607703.0,ITAPETIM,0,,0,,False,0,94717,11358157000100,10571982000125,0,,True,2019-08-15T03:00:00.000+00:00,2024-04-07T15:14:00
982461,PREFEITURA MUNICIPAL DE JOÃO ALFREDO - PE,False,True,PE,24619,2608107.0,JOÃO ALFREDO,0,,0,,False,0,98955,11097359000145,10571982000125,0,,True,2019-04-01T03:00:00.000+00:00,2024-04-07T15:14:00
982589,PREFEITURA MUNICIPAL DE SURUBIM,False,True,PE,25895,2614501.0,SURUBIM,0,,0,,False,0,94620,10571982000125,0,0,,True,2019-03-28T03:00:00.000+00:00,2021-12-12T09:24:00
982297,PREFEITURA MUNICIPAL DE SANTA CRUZ/PE,False,True,PE,22977,2612455.0,SANTA CRUZ,0,,0,,False,0,94620,10571982000125,0,0,,True,2020-06-19T03:00:00.000+00:00,2020-12-20T09:23:00
982319,PREFEITURA MUNICIPAL DE ANGELIM,False,True,PE,23191,2601003.0,ANGELIM,0,,0,,False,0,94620,10571982000125,0,0,,True,2018-11-28T02:00:00.000+00:00,2018-12-15T14:16:00
982371,PREFEITURA MUNICIPAL DE CAMUTANGA/PE,False,True,PE,23710,2603603.0,CAMUTANGA,0,,0,,False,0,94620,10571982000125,0,0,,True,2021-09-15T03:00:00.000+00:00,2021-12-12T09:34:00
982417,PREF.MUN. DE GAMELEIRA,False,True,PE,24171,2605905.0,GAMELEIRA,0,,0,,False,0,94620,10571982000125,0,0,,True,2019-09-24T03:00:00.000+00:00,2019-12-15T14:38:00
982489,PREFEITURA MUNICIPAL DE NAZARÉ DA MATA - PE,False,True,PE,24899,2609501.0,NAZARÉ DA MATA,0,,0,,False,0,99685,10166817000198,10571982000125,0,,True,2020-08-12T03:00:00.000+00:00,2024-10-12T11:09:00
982533,PREF.MUN. DE RIACHO DAS ALMAS/PE,False,True,PE,25330,2611705.0,RIACHO DAS ALMAS,0,,0,,False,0,94620,10571982000125,0,0,,True,2019-10-25T03:00:00.000+00:00,2019-12-15T15:35:00
982567,PREF.MUN. DE SAO JOSE DA COROA GRANDE/PE,False,True,PE,25674,2613404.0,SÃO JOSÉ DA COROA GRANDE,0,,0,,False,0,94620,10571982000125,0,0,,True,2019-08-14T03:00:00.000+00:00,2019-12-15T16:15:00
982575,PREF.MUN. DE SAO VICENTE FERRER,False,True,PE,25755,2613800.0,SÃO VICENTE FÉRRER,0,,0,,False,0,94620,10571982000125,0,0,,True,2023-06-05T03:00:00.000+00:00,2023-06-05T19:02:00
982587,PREFEITURA MUNICIPAL DE SOLIDAO/PE,False,True,PE,25879,2614402.0,SOLIDÃO,0,,0,,False,0,94620,10571982000125,0,0,,True,2020-08-03T03:00:00.000+00:00,2020-12-20T14:31:00
982607,PREFEITURA MUNICIPAL DE TORITAMA/PE,False,True,PE,26077,2615409.0,TORITAMA,0,,0,,False,0,94620,10571982000125,0,0,,True,2018-10-09T03:00:00.000+00:00,2024-06-06T09:12:00
982327,PREFEITURA MUNICIPAL DE BARREIROS - PE,False,True,PE,23272,2601409.0,BARREIROS,0,,0,,False,0,94683,10110989000140,10571982000125,0,,True,2021-01-26T03:00:00.000+00:00,2024-04-07T15:14:00
982333,PREFEITURA MUNICIPAL DE BELO JARDIM,False,True,PE,23337,2601706.0,BELO JARDIM,0,,0,,False,0,94700,10260222000105,10571982000125,0,,True,2020-02-06T03:00:00.000+00:00,2023-06-15T15:11:00
982415,PREF.MUN. DE FREI MIGUELINHO,False,True,PE,24155,2605806.0,FREI MIGUELINHO,0,,0,,False,0,94620,10571982000125,0,0,,True,2019-07-23T03:00:00.000+00:00,2019-12-15T10:29:00
982419,PREFEITURA MUNICIPAL DE GARANHUNS - PE,False,True,PE,24198,2606002.0,GARANHUNS,0,,0,,False,0,94708,11303906000100,10571982000125,0,,True,2018-10-18T03:00:00.000+00:00,2024-04-07T15:14:00
982423,PREFEITURA MUNICIPAL DE GOIANA - PE,False,True,PE,24236,2606200.0,GOIANA,0,,0,,False,0,94710,10150043000107,10571982000125,0,,True,2025-06-17T03:00:00.000+00:00,2025-06-17T11:47:00
982481,PREFEITURA MUNICIPAL DE MACHADOS/PE,False,True,PE,24813,2609105.0,MACHADOS,0,,0,,False,0,94620,10571982000125,0,0,,True,2021-02-12T03:00:00.000+00:00,2021-12-12T09:12:00
982565,PREFEITURA MUNICIPAL DE SÃO JOAQUIM DO MONTE,False,True,PE,25658,2613305.0,SÃO JOAQUIM DO MONTE,0,,0,,False,0,94620,10571982000125,0,0,,True,2023-01-10T03:00:00.000+00:00,2023-01-10T11:59:00
982639,PREFEITURA MUN.DE SANTA CRUZ DA BAIXA VERDE,False,True,PE,26395,2612471.0,SANTA CRUZ DA BAIXA VERDE,0,,0,,False,0,94620,10571982000125,0,0,,True,2018-10-08T03:00:00.000+00:00,2023-01-10T15:35:00
982593,PREFEITURA MUNICIPAL DE TACAIMBO,False,True,PE,25933,2614709.0,TACAIMBÓ,0,,0,,False,0,94620,10571982000125,0,0,,True,2023-03-31T03:00:00.000+00:00,2023-03-31T15:58:00
982603,PREFEITURA MUNICIPAL DE TERRA NOVA - PE,False,True,PE,26034,2615201.0,TERRA NOVA,0,,0,,False,0,98994,11361201000130,10571982000125,0,,True,2019-02-25T03:00:00.000+00:00,2024-04-07T15:14:00
982637,PREFEITURA MUNICIPAL DE QUIXABA,False,True,PE,26379,2611533.0,QUIXABA,0,,0,,False,0,94620,10571982000125,0,0,,True,2020-03-09T03:00:00.000+00:00,2020-12-20T14:45:00
975122,FUNDO MUNICIPAL DE SAUDE LAGOA DO OURO,False,True,PE,24716,2608602.0,LAGOA DO OURO,0,,0,,False,,87821,10477153000188,,,,True,,2024-08-17T17:47:00
975142,FUNDO M. S. TAQUARITINGA DO NORTE,False,True,PE,25992,2615003.0,TAQUARITINGA DO NORTE,0,,0,,False,,87841,08677960000100,,,,True,,2024-08-17T17:47:00
982339,PREFEITURA MUNICIPAL DE BODOCÓ - PE,False,True,PE,23396,2602001.0,BODOCÓ,0,,0,,False,0,94690,11040862000164,10571982000125,0,,True,2021-02-18T03:00:00.000+00:00,2024-04-07T15:14:00
982427,PREFEITURA MUNICIPAL DE GRAVATÁ - PE,False,True,PE,24279,2606408.0,GRAVATÁ,0,,0,,False,0,94712,11049830000120,10571982000125,0,,True,2020-08-11T03:00:00.000+00:00,2024-04-07T15:14:00
982441,PREFEITURA MUNICIPAL DE INGAZEIRA - PE,False,True,PE,24414,2607109.0,INGAZEIRA,0,,0,,False,0,94715,10347888000197,10571982000125,0,,True,2021-02-12T03:00:00.000+00:00,2024-04-07T15:14:00
982507,PREFEITURA MUNICIPAL DE PARNAMIRIM - PE,False,True,PE,25070,2610400.0,PARNAMIRIM,0,,0,,False,0,98966,11361235000125,10571982000125,0,,True,2020-05-13T03:00:00.000+00:00,2024-04-07T15:14:00
982513,PREFEITURA MUNICIPAL DE PAULISTA - PE,False,True,PE,25135,2610707.0,PAULISTA,0,,0,,False,0,98973,10408839000117,10571982000125,0,,True,2018-10-09T03:00:00.000+00:00,2024-04-07T15:14:00
982515,PREFEITURA MUNICIPAL DA PEDRA,False,True,PE,25151,2610806.0,PEDRA,0,,0,,False,0,94620,10571982000125,0,0,,True,2019-01-30T02:00:00.000+00:00,2019-12-15T13:34:00
982521,PREFEITURA MUNICIPAL DE PETROLINA - PE,False,False,PE,25216,2611101.0,PETROLINA,0,,0,,True,0,98975,10358190000177,10571982000125,0,,True,1999-07-15T03:00:00.000+00:00,2024-04-07T15:14:00
982573,PREFEITURA MUNICIPAL DE SAO LOURENÇO DA MATA,False,True,PE,25739,2613701.0,SÃO LOURENÇO DA MATA,0,,0,,False,0,98993,11251832000105,10571982000125,0,,True,1999-07-15T03:00:00.000+00:00,2024-04-18T12:23:00
982585,PREFEITURA MUNICIPAL DE MOREILÂNDIA - PE,False,True,PE,25852,2614303.0,MOREILÂNDIA,0,,0,,False,0,98963,11361227000189,10571982000125,0,,True,2020-06-08T03:00:00.000+00:00,2024-04-07T15:14:00
982291,PREFEITURA MUNICIPAL DE VERTENTE DO LERIO-PE,False,True,PE,22918,2616183.0,VERTENTE DO LÉRIO,0,,0,,False,0,98995,40893646000160,10571982000125,0,,True,2019-11-06T03:00:00.000+00:00,2024-04-07T15:14:00
982321,PREFEITURA MUNICIPAL DE ARARIPINA,False,True,PE,23213,2601102.0,ARARIPINA,0,,0,,False,0,94620,10571982000125,0,0,,True,2019-10-02T03:00:00.000+00:00,2019-12-15T14:44:00
982337,PREFEITURA MUNICIPAL DE BEZERROS - PE,False,True,PE,23370,2601904.0,BEZERROS,0,,0,,False,0,94688,10091510000175,10571982000125,0,,True,2021-10-06T03:00:00.000+00:00,2024-04-07T15:14:00
982289,PREFEITURA MUNICIPAL DE LAGOA DO CARRO,False,True,PE,22896,2608453.0,LAGOA DO CARRO,0,,0,,False,0,94628,40893778000191,10571982000125,0,,True,2024-02-28T03:00:00.000+00:00,2024-02-28T08:25:00
982325,PREFEITURA MUNICIPAL DE BARRA DE GUABIRABA,False,True,PE,23256,2601300.0,BARRA DE GUABIRABA,0,,0,,False,0,94620,10571982000125,0,0,,True,2018-11-23T02:00:00.000+00:00,2021-12-12T08:25:00
982377,PREFEITURA MUNICIPAL DE CARNAÍBA - PE,False,True,PE,23779,2603900.0,CARNAÍBA,0,,0,,False,0,94620,10571982000125,0,0,,True,2021-11-23T03:00:00.000+00:00,2021-12-12T13:42:00
982389,PREFEITURA MUNICIPAL DE CHÃ GRANDE/PE,False,True,PE,23892,2604502.0,CHÃ GRANDE,0,,0,,False,0,94620,10571982000125,0,0,,True,2018-11-30T02:00:00.000+00:00,2022-12-17T09:31:00
982409,PREFEITURA MUNICIPAL DE FERREIROS,False,True,PE,24090,2605509.0,FERREIROS,0,,0,,False,0,94620,10571982000125,0,0,,True,1999-07-15T03:00:00.000+00:00,2019-12-15T09:30:00
982387,PREFEITURA MUNICIPAL DE CHÃ DE ALEGRIA,False,True,PE,23876,2604403.0,CHÃ DE ALEGRIA,0,,0,,False,0,94620,10571982000125,0,0,,True,2020-07-09T03:00:00.000+00:00,2020-12-20T10:34:00
982397,PREFEITURA MUNICIPAL DE CUMARU - PE,False,True,PE,23973,2604908.0,CUMARU,0,,0,,False,0,94703,11097391000120,10571982000125,0,,True,2020-12-17T03:00:00.000+00:00,2024-04-07T15:14:00
982477,PREFEITURA MUNICIPAL DE LIMOEIRO - PE,False,True,PE,24775,2608909.0,LIMOEIRO,0,,0,,False,0,98956,11097292000149,10571982000125,0,,True,2019-03-22T03:00:00.000+00:00,2024-04-07T15:14:00
982539,PREF.MUN. DE SAIRE,False,True,PE,25399,2612000.0,SAIRÉ,0,,0,,False,0,94620,10571982000125,0,0,,True,2019-04-29T03:00:00.000+00:00,2019-12-15T08:18:00
982561,PREFEITURA MUNICIPAL DE SAO CAITANO - PE,False,True,PE,25615,2613107.0,SÃO CAITANO,0,,0,,False,0,98989,10091585000156,10571982000125,0,,True,2019-10-17T03:00:00.000+00:00,2024-04-07T15:14:00
982581,PREFEITURA MUNICIPAL DE SERTANIA/PE,False,True,PE,25810,2614105.0,SERTÂNIA,0,,0,,False,0,94620,10571982000125,0,0,,True,2018-11-13T02:00:00.000+00:00,2023-01-27T11:05:00
982613,PREFEITURA MUNICIPAL DE TRIUNFO,False,True,PE,26131,2615706.0,TRIUNFO,0,,0,,False,0,94620,10571982000125,0,0,,True,2023-05-16T03:00:00.000+00:00,2023-05-16T09:39:00
982425,PREFEITURA MUNICIPAL DE GRANITO/PE,False,True,PE,24252,2606309.0,GRANITO,0,,0,,False,0,94620,10571982000125,0,0,,True,2020-06-12T03:00:00.000+00:00,2020-12-20T08:19:00
982433,PREFEITURA MUNICIPAL DE IBIRIRAJUBA/PE,False,True,PE,24333,2606705.0,IBIRAJUBA,0,,0,,False,0,94620,10571982000125,0,0,,True,2020-07-09T03:00:00.000+00:00,2020-12-20T10:33:00
982451,PREFEITURA MUNICIPAL DE ILHA DE ITAMARACA,False,True,PE,24511,,,0,,0,,False,0,94620,10571982000125,0,0,,True,2018-12-06T02:00:00.000+00:00,2018-12-15T11:19:00
982455,PREFEITURA MUNICIPAL DE ITAQUITINGA,False,True,PE,24554,2607802.0,ITAQUITINGA,0,,0,,False,0,94629,10150076000157,10571982000125,0,,True,2024-03-01T03:00:00.000+00:00,2024-03-01T13:46:00
982465,PREFEITURA MUNICIPAL DE JUPI/PE,False,True,PE,24651,2608305.0,JUPI,0,,0,,False,0,94620,10571982000125,0,0,,True,2021-02-12T03:00:00.000+00:00,2021-12-12T14:23:00
982473,PREFEITURA MUN. DE LAGOA DOS GATOS,False,True,PE,24732,2608701.0,LAGOA DOS GATOS,0,,0,,False,0,94620,10571982000125,0,0,,True,2022-10-31T03:00:00.000+00:00,2022-12-17T14:12:00
982549,PREFEITURA MUNICIPAL SANTA C.DO CAPIBARIBE-PE,False,True,PE,25496,2612505.0,SANTA CRUZ DO CAPIBARIBE,0,,0,,False,0,98985,10091569000163,10571982000125,0,,True,2022-01-19T03:00:00.000+00:00,2024-04-07T15:14:00
982571,PREFEITURA MUNICIPAL DE SÃO JOSÉ DO EGITO-PE,False,True,PE,25712,2613602.0,SÃO JOSÉ DO EGITO,0,,0,,False,0,98992,11354180000126,10571982000125,0,,True,2020-03-31T03:00:00.000+00:00,2024-04-07T15:14:00
982623,PREF.MUN. DE VERTENTES,False,False,PE,26239,2616209.0,VERTENTES,0,,0,,False,0,94620,10571982000125,0,0,,True,1999-07-15T03:00:00.000+00:00,2022-12-17T14:35:00
982627,PREFEITURA MUNICIPAL VITORIA SANTO ANTAO - PE,False,True,PE,26271,2616407.0,VITÓRIA DE SANTO ANTÃO,0,,0,,False,0,99001,11049855000123,10571982000125,0,,True,2019-10-10T03:00:00.000+00:00,2024-04-07T15:14:00
683702,HOSPITAL NAVAL DE RECIFE,False,True,PE,25313,2611606.0,RECIFE,783702,HOSPITAL NAVAL DE RECIFE,783702,HOSPITAL NAVAL DE RECIFE,False,0,52132,00394502047370,00394502002864,03277610000125,60963,True,,2024-11-14T14:07:00
463632,SECRETARIA DA CONTROLADORIA GERAL DO ESTADO,False,True,PE,25313,2611606.0,RECIFE,0,,0,,False,00000000000000,94620,10571982000125,0,0,,True,2022-09-28T03:00:00.000+00:00,2022-12-17T16:36:00
154853,IFPE/CAMPUS JABOATÃO DOS GUARARAPES,True,True,PE,24570,2607901.0,JABOATÃO DOS GUARARAPES,158136,"INST.FED.DE EDUC.,CIENC.E TEC.DE PERNAMBUCO",0,,True,,26418,10767239000145,00394445000101,00394411000109,123864,True,2014-03-06T03:00:00.000+00:00,2025-05-08T12:49:00
155171,INSTITUTO FEDERAL DE PE - CAMPUS PALMARES,True,True,PE,24996,2610004.0,PALMARES,0,,0,,False,,26418,10767239000145,00394445000101,00394411000109,201381,True,2014-09-01T03:00:00.000+00:00,2015-05-05T09:56:00
155216,INST FED.EDUC.CIEN. TEC. PE CAMPUS OLINDA,True,True,PE,24910,2609600.0,OLINDA,158136,"INST.FED.DE EDUC.,CIENC.E TEC.DE PERNAMBUCO",0,,True,,26418,10767239000145,00394445000101,00394411000109,202867,True,2015-01-16T02:00:00.000+00:00,2019-12-15T11:57:00
982293,PREFEITURA MUNICIPAL DE XERÉU/PE,False,True,PE,22934,2616506.0,XEXÉU,0,,0,,False,0,94620,10571982000125,0,0,,True,2020-05-06T03:00:00.000+00:00,2020-12-20T12:55:00
982305,PREFEITURA MUNICIPAL DE AGRESTINA,False,True,PE,23051,2600302.0,AGRESTINA,0,,0,,False,0,94620,10571982000125,0,0,,True,2018-11-23T02:00:00.000+00:00,2018-12-15T11:22:00
982311,PREFEITURA MUNICIPAL DE ALAGOINHA - PE,False,True,PE,23116,2600609.0,ALAGOINHA,0,,0,,False,0,94680,11043981000170,10571982000125,0,,True,2018-11-21T02:00:00.000+00:00,2024-04-07T15:14:00
982335,PREFEITURA MUNICIPAL DE BETANIA,False,True,PE,23353,2601805.0,BETÂNIA,0,,0,,False,0,94620,10571982000125,0,0,,True,2018-10-15T03:00:00.000+00:00,2018-12-15T10:48:00
982343,PREFEITURA MUNICIPAL DE BOM JARDIM - PE,False,True,PE,23434,2602209.0,BOM JARDIM,0,,0,,False,0,94691,10293074000117,10571982000125,0,,True,2021-05-03T03:00:00.000+00:00,2024-04-07T15:14:00
982351,PREF.MUN. DE BREJO DA MADRE DE DEUS,False,False,PE,23515,2602605.0,BREJO DA MADRE DE DEUS,0,,0,,False,0,94620,10571982000125,0,0,,True,1999-07-15T03:00:00.000+00:00,2020-12-20T09:04:00
982357,PREFEITURA MUNICIPAL CABO DE STO AGOSTINHO-PE,False,True,PE,23574,2602902.0,CABO DE SANTO AGOSTINHO,0,,0,,False,0,94693,11294402000162,10571982000125,0,,True,1999-07-15T03:00:00.000+00:00,2024-04-07T15:14:00
982403,PREFEITURA MUNICIPAL DE ESCADA,False,True,PE,24031,2605202.0,ESCADA,0,,0,,False,0,94620,10571982000125,0,0,,True,2023-11-06T03:00:00.000+00:00,2023-11-06T16:23:00
982407,PREFEITURA MUNICIPAL DE FEIRA NOVA - PE,False,True,PE,24074,2605400.0,FEIRA NOVA,0,,0,,False,0,94705,11097243000106,10571982000125,0,,True,2020-06-12T03:00:00.000+00:00,2024-04-07T15:14:00
982431,PREFEITURA MUNICIPAL DE IBIMIRIM - PE,False,True,PE,24317,2606606.0,IBIMIRIM,0,,0,,False,0,94714,10105971000150,10571982000125,0,,True,2021-01-28T03:00:00.000+00:00,2024-04-07T15:14:00
982443,PREFEITURA MUNICIPAL DE IPOJUCA,False,True,PE,24430,2607208.0,IPOJUCA,0,,0,,False,0,94620,10571982000125,0,0,,True,2021-05-03T03:00:00.000+00:00,2021-12-12T16:00:00
982459,PREFEITURA MUNICIPAL DE JATAÚBA - PE,False,True,PE,24597,2608008.0,JATAÚBA,0,,0,,False,0,98954,10091544000160,10571982000125,0,,True,2018-11-08T02:00:00.000+00:00,2024-04-07T15:14:00
982523,PREFEITURA MUNICIPAL DE POCAO PE,False,True,PE,25232,2611200.0,POÇÃO,0,,0,,False,0,94620,10571982000125,0,0,,True,2018-10-18T03:00:00.000+00:00,2018-12-15T16:14:00
982531,PREFEITURA MUNICIPAL DO RECIFE,False,True,PE,25313,2611606.0,RECIFE,0,,0,,False,0,94620,10571982000125,0,0,,True,1999-07-15T03:00:00.000+00:00,2011-11-23T09:27:00
982541,PREFEITUR MUNICIPAL DE SLGADINHO/PE,False,True,PE,25410,2612109.0,SALGADINHO,0,,0,,False,0,94620,10571982000125,0,0,,True,2019-09-19T03:00:00.000+00:00,2019-12-15T10:08:00
982579,PREF.MUN. DE SERRITA,False,False,PE,25798,2614006.0,SERRITA,0,,0,,False,0,94620,10571982000125,0,0,,True,1999-07-15T03:00:00.000+00:00,2019-12-15T15:05:00
982605,PREFEITURA MUNICIPAL DE TIMBAÚBA/PE,False,True,PE,26050,2615300.0,TIMBAÚBA,0,,0,,False,0,94620,10571982000125,0,0,,True,2022-12-23T03:00:00.000+00:00,2022-12-17T09:18:00
982609,PREF.MUN. DE TRACUNHAEM,False,False,PE,26093,2615508.0,TRACUNHAÉM,0,,0,,False,0,94620,10571982000125,0,0,,True,1999-07-15T03:00:00.000+00:00,2020-12-20T16:20:00
982625,PREFEITURA MUNICIPAL DE VICENCIA - PE,False,True,PE,26255,2616308.0,VICÊNCIA,0,,0,,False,0,98998,10168235000140,10571982000125,0,,True,2021-02-04T03:00:00.000+00:00,2024-04-07T15:14:00
193397,DIV. DE SERVICOS ADMINISTRATIVOS,True,True,PE,25313,2611606.0,RECIFE,0,,0,,False,,20601,10890804000167,03353358000196,00394411000109,,True,1999-07-15T03:00:00.000+00:00,2010-07-07T18:30:00
383514,CONSELHO REGIONAL DE CONTABILIDADE - PE,False,True,PE,25313,2611606.0,RECIFE,0,,0,,False,10979565000116,38715,10979565000116,33618570000107,00489828000155,,True,2022-04-05T03:00:00.000+00:00,2023-03-24T15:26:00
444307,PROCURADORIA GERAL DA JUSTICA EM PERNAMBUCO,False,True,PE,25313,2611606.0,RECIFE,0,,0,,False,,94620,10571982000125,0,0,,True,2010-12-29T02:00:00.000+00:00,2013-06-24T09:59:00
343005,SUPERINTENDÊNCIA DO IPHAN  PERNAMBUCO,True,True,PE,25313,2611606.0,RECIFE,343026,INSTITUTO DO PATRIMONIO HISTORICO E ARTISTICO,0,,True,26474056000686,20411,26474056000171,01264142000129,00394411000109,42744,True,1999-07-15T03:00:00.000+00:00,2025-02-24T14:23:00
803040,SERPRO - REGIONAL RECIFE,False,True,PE,25313,2611606.0,RECIFE,806030,SERPRO - SEDE BRASILIA,0,,True,33683111000522,25207,33683111000107,00394460000141,00394411000109,,True,2002-07-02T03:00:00.000+00:00,2024-03-01T08:12:00
511180,GERÊNCIA EXECUTIVA RECIFE/PE-INSS,True,True,PE,25313,2611606.0,RECIFE,510677,SUPERINTENDENCIA REGIONAL NORDESTE,0,,True,29979036019321,37202,29979036000140,00394528000192,00394411000109,41310,True,2000-05-30T03:00:00.000+00:00,2021-12-12T09:29:00
511195,GERÊNCIA EXECUTIVA PETROLINA/PE,True,True,PE,25216,2611101.0,PETROLINA,510677,SUPERINTENDENCIA REGIONAL NORDESTE,0,,True,29979036042579,37202,29979036000140,00394528000192,00394411000109,53933,True,1999-07-15T03:00:00.000+00:00,2021-12-12T17:15:00
120117,SEGUNDO SERVICO REGIONAL DE AVIACAO CIVIL,False,False,PE,25313,2611606.0,RECIFE,0,,0,,False,394429008438,52111,00394429000100,03277610000125,00394411000109,,True,1999-07-15T03:00:00.000+00:00,2025-05-06T17:12:00
150134,CENTRO ACADEMICO DE VITORIA DE SANTO ANTAO,True,True,PE,25313,2611606.0,RECIFE,0,,0,,False,24134488000108,26242,24134488000108,00394445000101,00394411000109,,True,2010-09-13T03:00:00.000+00:00,2010-09-13T10:02:00
153082,DIRET.DO CENTRO DE CIENC.EXATAS E NAT.DA UFPE,True,True,PE,25313,2611606.0,RECIFE,0,,0,,False,24134488000108,26242,24134488000108,00394445000101,00394411000109,,True,1999-07-15T03:00:00.000+00:00,2010-07-07T18:30:00
170059,DELEGACIA DA REC.FEDERAL EM RECIFE/PE,True,True,PE,25313,2611606.0,RECIFE,170058,SUP.REGIONAL RECEITA FEDERAL 4A.RF/PE,0,,True,394460008479,25000,00394460000141,00394411000109,00394411000109,3303,True,2001-12-31T02:00:00.000+00:00,2020-12-20T16:01:00
200113,SUPERINTENDENCIA REG. POL. RODV. FEDERAL-PE,True,True,PE,25313,2611606.0,RECIFE,0,,0,,True,394494010875,30802,00394494010441,00394494000136,00394411000109,00002836,True,1999-07-15T03:00:00.000+00:00,2025-07-07T11:18:00
511199,GERÊNCIA EXECUTIVA CARUARU/PE,True,True,PE,23817,2604106.0,CARUARU,510677,SUPERINTENDENCIA REGIONAL NORDESTE,0,,True,29979036019402,37202,29979036000140,00394528000192,00394411000109,41307,True,1999-07-15T03:00:00.000+00:00,2021-12-12T17:15:00
240027,ESCRITORIO DE REPRES. NA REG.NORDESTE-ERENE,True,True,PE,25313,2611606.0,RECIFE,240013,COORDENAÇÃO-GERAL DE RECURSOS LOGISTICOS,0,,False,1220442000106,35000,00394536000139,00394411000109,00394411000109,1990,True,1999-07-15T03:00:00.000+00:00,2023-07-03T10:09:00
900009,JUSTIÇA FEDERAL DE PERNANBUCO,False,True,PE,25313,2611606.0,RECIFE,0,,0,,False,,94620,10571982000125,0,0,,True,2021-11-19T03:00:00.000+00:00,2021-12-12T11:34:00
925289,FUNDAÇÃO DE AMPARO Á SAÚDE E EDUC.DE BEZERROS,False,False,PE,23370,2601904.0,BEZERROS,0,,0,,False,,94620,10571982000125,0,0,,True,2006-03-09T03:00:00.000+00:00,2010-03-18T10:00:00
925678,CASA DA MULHER DO NORDESTE - PE,False,True,PE,23019,2600104.0,AFOGADOS DA INGAZEIRA,0,,0,,False,,99501,08125718000116,10346096000106,10571982000125,,True,2007-05-07T03:00:00.000+00:00,2024-04-07T15:14:00
254421,INSTITUTO AGGEU MAGALHAES - FIOCRUZ/PE,True,True,PE,25313,2611606.0,RECIFE,254420,FUNDACAO OSWALDO CRUZ/RJ,0,,True,33781055000720,36201,33781055000135,00394544000185,00394411000109,6079,True,1999-07-15T03:00:00.000+00:00,2024-11-04T12:00:00
926344,LABORATORIO CENTRAL DE SAUDE PUBLICA/PE,False,True,PE,25313,2611606.0,RECIFE,0,,0,,False,,94620,10571982000125,0,0,,True,2013-10-10T03:00:00.000+00:00,2021-12-12T09:31:00
926578,AGENCIA ESTADUAL DE TECNOLOGIA DA INFORMACAO,False,True,PE,25313,2611606.0,RECIFE,0,,0,,False,,94620,10571982000125,0,0,,True,2016-04-27T03:00:00.000+00:00,2016-04-27T13:06:00
170060,DELEGACIA DA REC.FEDERAL EM CARUARU/PE,True,True,PE,23817,2604106.0,CARUARU,170058,SUP.REGIONAL RECEITA FEDERAL 4A.RF/PE,0,,True,394460008800,25000,00394460000141,00394411000109,00394411000109,3304,True,2001-12-31T02:00:00.000+00:00,2021-12-12T16:48:00
170057,CENTRO DE TREINAMENTO DA ESAF/PE,True,True,PE,25313,2611606.0,RECIFE,0,,0,,False,394460025721,25000,00394460000141,00394411000109,00394411000109,18483,True,1999-07-15T03:00:00.000+00:00,2020-12-20T15:48:00
323006,SUPERINTENDÊNCIA DO DNPM-PE,True,True,PE,25313,2611606.0,RECIFE,0,,0,,True,381056000567,32263,00381056000133,37115383000153,00394411000109,9704,True,1999-07-15T03:00:00.000+00:00,2025-07-07T17:06:00
511206,GERÊNCIA EXECUTIVA GARANHUNS/PE,True,True,PE,24198,2606002.0,GARANHUNS,510677,SUPERINTENDENCIA REGIONAL NORDESTE,0,,True,29979036020338,37202,29979036000140,00394528000192,00394411000109,41308,True,1999-07-15T03:00:00.000+00:00,2021-12-12T16:06:00
120018,BASE AEREA DO RECIFE,False,True,PE,25313,2611606.0,RECIFE,120002,DIRETORIA DE ECON. E FINANçAS DA AERONáUTICA,0,,True,394429001344,52111,00394429000100,03277610000125,00394411000109,9756,True,1999-07-15T03:00:00.000+00:00,2025-05-06T15:19:00
120021,TERCEIRO CENTRO INT.DEF.AEREA CONTR.TFG.AEREO,False,True,PE,25313,2611606.0,RECIFE,120002,DIRETORIA DE ECON. E FINANçAS DA AERONáUTICA,0,,True,394429009329,52111,00394429000100,03277610000125,00394411000109,38230,True,1999-07-15T03:00:00.000+00:00,2025-05-06T13:39:00
926665,CONSELHO REG.DOS REPRESENTANTES COMERCIAIS/PE,False,True,PE,25313,2611606.0,RECIFE,0,,0,,False,,38732,09852690000181,34046367000168,37115367000160,,True,2017-01-20T02:00:00.000+00:00,2024-03-01T08:12:00
170061,INSPETORIA DA RECEITA FED.DO BRASIL NO RECIFE,True,True,PE,25313,2611606.0,RECIFE,170058,SUP.REGIONAL RECEITA FEDERAL 4A.RF/PE,0,,True,394460008983,25000,00394460000141,00394411000109,00394411000109,3832,True,2001-12-31T02:00:00.000+00:00,2019-12-15T16:01:00
153096,PRO-REITORIA P/ASSUNTOS ACADEMICOS DA UFPE,True,True,PE,25313,2611606.0,RECIFE,0,,0,,False,62160000000025,26242,24134488000108,00394445000101,00394411000109,,True,1999-07-15T03:00:00.000+00:00,2010-07-07T18:30:00
153084,DIRET.CENTRO DE FILOSOFIA E C.HUMANAS - UFPE,True,True,PE,25313,2611606.0,RECIFE,0,,0,,False,63010000000001,26242,24134488000108,00394445000101,00394411000109,,True,1999-07-15T03:00:00.000+00:00,2010-07-07T18:30:00
153090,PRO-REITORIA P/ASS.CULT.INTERC.CIENTIF- UFPE,True,True,PE,25313,2611606.0,RECIFE,0,,0,,False,63130000000045,26242,24134488000108,00394445000101,00394411000109,,True,1999-07-15T03:00:00.000+00:00,2010-07-07T18:30:00
153093,EDITORA UNIVERSITARIA DA UFPE,True,True,PE,25313,2611606.0,RECIFE,0,,0,,False,63190000000030,26242,24134488000108,00394445000101,00394411000109,,True,1999-07-15T03:00:00.000+00:00,2010-07-07T18:30:00
120017,II COMANDO AEREO REGIONAL,False,True,PE,25313,2611606.0,RECIFE,120002,DIRETORIA DE ECON. E FINANçAS DA AERONáUTICA,0,,True,394429002235,52111,00394429000100,03277610000125,00394411000109,80342,True,1999-07-15T03:00:00.000+00:00,2025-05-06T15:49:00
120118,ODONTOCLINICA DE AERONAUTICA DE RECIFE,False,True,PE,25313,2611606.0,RECIFE,0,,0,,False,394429014918,52111,00394429000100,03277610000125,00394411000109,,True,1999-07-15T03:00:00.000+00:00,2025-05-06T18:30:00
170058,SUP.REGIONAL RECEITA FEDERAL 4A.RF/PE,True,True,PE,25313,2611606.0,RECIFE,171058,SUP.REGIONAL RECEITA FEDERAL 4A.RF/PE,0,,True,394460008398,25000,00394460000141,00394411000109,00394411000109,3153,True,2001-12-31T02:00:00.000+00:00,2025-01-29T11:40:00
130025,SUPERINT.FEDERAL DE AGRIC.PECUARIA E ABASTEC.,True,True,PE,25313,2611606.0,RECIFE,0,,0,,True,396895002179,22000,00396895000125,00394411000109,00394411000109,2797,True,1999-07-15T03:00:00.000+00:00,2024-02-20T10:13:00
153375,COLEGIO DE APLICACAO DA UFPE,True,True,PE,25313,2611606.0,RECIFE,0,,0,,False,70005590000040,26242,24134488000108,00394445000101,00394411000109,,True,1999-07-15T03:00:00.000+00:00,2010-07-07T18:30:00
153095,PREFEITURA DA CIDADE UNIVERSITARIA DA UFPE,True,True,PE,25313,2611606.0,RECIFE,0,,0,,False,62140000000063,26242,24134488000108,00394445000101,00394411000109,,True,1999-07-15T03:00:00.000+00:00,2010-07-07T18:30:00
153367,DEPTO. DE HISTORIA DA UFPE,True,True,PE,25313,2611606.0,RECIFE,0,,0,,False,70006030000000,26242,24134488000108,00394445000101,00394411000109,,True,1999-07-15T03:00:00.000+00:00,2010-07-07T18:30:00
153355,DEPTO.DE INFORMATICA DA UFPE,True,True,PE,25313,2611606.0,RECIFE,0,,0,,False,70006510000070,26242,24134488000108,00394445000101,00394411000109,,True,1999-07-15T03:00:00.000+00:00,2019-12-15T11:30:00
153083,DIRET.DO CENTRO DE CIENCIAS BIOLOGICAS- UFPE,True,True,PE,25313,2611606.0,RECIFE,0,,0,,False,62990000000052,26242,24134488000108,00394445000101,00394411000109,,True,1999-07-15T03:00:00.000+00:00,2010-07-07T18:30:00
170056,PROCURADORIA DA FAZENDA NACIONAL-PE,True,True,PE,25313,2611606.0,RECIFE,0,,0,,False,394460022625,25000,00394460000141,00394411000109,00394411000109,,True,1999-07-15T03:00:00.000+00:00,2019-12-15T17:16:00
153410,LIKA/LABORAT.IMUNOPATOLOGIA KEISO ASAMI-UFPE,True,True,PE,25313,2611606.0,RECIFE,0,,0,,False,70007880000022,26242,24134488000108,00394445000101,00394411000109,,True,1999-07-15T03:00:00.000+00:00,2010-07-07T18:30:00
153413,PRÓ-REITORIA DE GESTÃO DE PES.E QUAL.DE VIDA,True,True,PE,25313,2611606.0,RECIFE,0,,0,,False,70008240000037,26242,24134488000108,00394445000101,00394411000109,,True,1999-07-15T03:00:00.000+00:00,2010-07-07T18:30:00
153383,DEPTO. DE CIRURGIA DA UFPE,True,True,PE,25313,2611606.0,RECIFE,0,,0,,False,70009090000086,26242,24134488000108,00394445000101,00394411000109,,True,1999-07-15T03:00:00.000+00:00,2010-07-07T18:30:00
153085,DIRET.DO CENTRO DE EDUCACAO DA UFPE,True,True,PE,25313,2611606.0,RECIFE,0,,0,,False,63030000000073,26242,24134488000108,00394445000101,00394411000109,,True,1999-07-15T03:00:00.000+00:00,2010-07-07T18:30:00
153088,DIRET.DO CENTRO DE TECNOLOGIA DA UFPE,True,True,PE,25313,2611606.0,RECIFE,0,,0,,False,63090000000069,26242,24134488000108,00394445000101,00394411000109,,True,1999-07-15T03:00:00.000+00:00,2010-07-07T18:30:00
113801,DNOCS - 3A.DIRETORIA REGIONAL - PE,True,True,PE,25313,2611606.0,RECIFE,0,,0,,True,43711000658,22204,00043711000143,03353358000196,00394411000109,7834,True,2000-11-30T02:00:00.000+00:00,2025-07-04T15:14:00
153368,DEPTO.DE CIENCIAS SOCIAIS DA UFPE,True,True,PE,25313,2611606.0,RECIFE,0,,0,,False,70005990000055,26242,24134488000108,00394445000101,00394411000109,,True,1999-07-15T03:00:00.000+00:00,2010-07-07T18:30:00
156687,UNIVERSIDADE FEDERAL DO AGRESTE DE PERNAMBUCO,True,True,PE,24198,2606002.0,GARANHUNS,0,,0,,False,35872812000101,26456,35872812000101,00394445000101,00394411000109,227868,True,2020-03-18T03:00:00.000+00:00,2021-12-12T11:24:00
153407,DEPTO.DE DIREITO PUBLICO ESPECIALIZADO-UFPE,True,True,PE,25313,2611606.0,RECIFE,0,,0,,False,70007440000075,26242,24134488000108,00394445000101,00394411000109,,True,1999-07-15T03:00:00.000+00:00,2020-12-20T17:59:00
153409,DEPTO.DE ADMINISTRACAO DA UFPE,True,True,PE,25313,2611606.0,RECIFE,0,,0,,False,70007560000072,26242,24134488000108,00394445000101,00394411000109,266275,True,1999-07-15T03:00:00.000+00:00,2025-06-25T15:41:00
153385,DEPTO.DE NEURO PSIQUIATRIA DA UFPE,True,True,PE,25313,2611606.0,RECIFE,0,,0,,False,70009010000092,26242,24134488000108,00394445000101,00394411000109,,True,1999-07-15T03:00:00.000+00:00,2010-07-07T18:30:00
153094,HOSPITAL DAS CLÍNICAS DA UFPE,True,True,PE,25313,2611606.0,RECIFE,0,,0,,False,62120000000000,26242,24134488000108,00394445000101,00394411000109,,True,1999-07-15T03:00:00.000+00:00,2010-07-07T18:30:00
153102,NUCLEO DE TELEVISAO E RADIO DA UFPE,True,True,PE,25313,2611606.0,RECIFE,0,,0,,False,62280000000069,26242,24134488000108,00394445000101,00394411000109,,True,1999-07-15T03:00:00.000+00:00,2010-07-07T18:30:00
380042,DELEG.REG. DO TRAB/PERNAMBUCO,True,True,PE,25313,2611606.0,RECIFE,0,,0,,True,37115367002023,38000,37115367000160,00394411000109,00394411000109,3458,True,1999-07-15T03:00:00.000+00:00,2025-05-26T10:55:00
120019,HOSPITAL DE AERONAUTICA DE RECIFE,False,True,PE,24570,2607901.0,JABOATÃO DOS GUARARAPES,120002,DIRETORIA DE ECON. E FINANçAS DA AERONáUTICA,0,,True,394429006494,52111,00394429000100,03277610000125,00394411000109,9874,True,1999-07-15T03:00:00.000+00:00,2025-05-06T11:17:00
120020,PARQUE DE MATERIAL AERONAUTICO DE RECIFE,False,True,PE,25313,2611606.0,RECIFE,120002,DIRETORIA DE ECON. E FINANçAS DA AERONáUTICA,0,,True,394429007466,52111,00394429000100,03277610000125,00394411000109,37961,True,1999-07-15T03:00:00.000+00:00,2025-05-06T12:19:00
275057,SUPERINTENDENCIA DE TRENS URBANOS DE RECIFE,False,True,PE,25313,2611606.0,RECIFE,560003,SECRETARIA EXECUTIVA-MINIST. DAS CIDADES,0,,False,42357483000630,29214,42357483000126,05465986000199,00394411000109,,True,1999-07-15T03:00:00.000+00:00,2024-03-01T08:12:00
264007,FUNDACENTRO - U.E. PERNAMBUCO,True,True,PE,25313,2611606.0,RECIFE,264001,FUNDAÇÃO J.D.FIGUEIREDO SEG.MED.TRABALHO - SP,0,,True,62428073000640,37201,62428073000136,37115367000160,00394411000109,25410,True,1999-07-15T03:00:00.000+00:00,2010-07-07T18:30:00
153092,BIBLIOTECA CENTRAL DA UFPE,True,True,PE,25313,2611606.0,RECIFE,0,,0,,False,63170000000079,26242,24134488000108,00394445000101,00394411000109,,True,1999-07-15T03:00:00.000+00:00,2010-07-07T18:30:00
170294,DELEG.DA REC.FEDERAL DE JULGAMENTO/PE,True,True,PE,25313,2611606.0,RECIFE,170010,MF-SRF-SECRETARIA DA RECEITA FEDERAL/DF,0,,True,394460036847,25000,00394460000141,00394411000109,00394411000109,9008,True,2001-12-31T02:00:00.000+00:00,2018-12-15T16:32:00
153373,DEPTO.DE ADM.ESC.E PLANEJ.EDUCACIONAL DA UFPE,True,True,PE,25313,2611606.0,RECIFE,0,,0,,False,70005670000003,26242,24134488000108,00394445000101,00394411000109,,True,1999-07-15T03:00:00.000+00:00,2010-07-07T18:30:00
193139,MPO-SUPERINTEND. DO DESENV. DO NORDESTE-UO/PE,True,True,PE,25313,2611606.0,RECIFE,0,,0,,False,70011480000090,20601,10890804000167,03353358000196,00394411000109,,True,1999-07-15T03:00:00.000+00:00,2020-12-20T13:02:00
153105,GABINETE DO REITOR DA UFPE - GR,True,True,PE,25313,2611606.0,RECIFE,0,,0,,True,54410000000008,26242,24134488000108,00394445000101,00394411000109,,True,1999-07-15T03:00:00.000+00:00,2012-10-03T10:37:00
153101,NUCLEO DE PROCESSAMENTO DE DADOS DA UFPE,True,True,PE,25313,2611606.0,RECIFE,0,,0,,False,62260000000005,26242,24134488000108,00394445000101,00394411000109,,True,1999-07-15T03:00:00.000+00:00,2010-07-07T18:30:00
170464,PROC.SEC.DA FAZENDA NACIONAL EM CARUARU,True,True,PE,23817,2604106.0,CARUARU,0,,0,,False,9476998000170,25000,00394460000141,00394411000109,00394411000109,,True,,2018-12-15T10:09:00
926706,SECRETARIA DA CONTROLADORIA-GERAL PERNAMBUCO,False,True,PE,25313,2611606.0,RECIFE,0,,0,,False,,94650,10540711000102,10571982000125,0,,True,2017-05-16T03:00:00.000+00:00,2024-04-07T15:14:00
926866,HOSPITAL BARÃO DE LUCENA/PE,False,True,PE,25313,2611606.0,RECIFE,0,,0,,False,,94620,10571982000125,0,0,,True,2024-08-29T03:00:00.000+00:00,2024-08-29T12:46:00
150230,PROAES - PRO-REITORIA DE ASSUNTOS ESTUDANTIS,True,True,PE,25313,2611606.0,RECIFE,0,,0,,True,24134488000108,26242,24134488000108,00394445000101,00394411000109,,True,,2011-11-11T14:26:00
926892,HOSPITAL REGIONAL DOM MOURA/PE,False,True,PE,24198,2606002.0,GARANHUNS,0,,0,,False,,94620,10571982000125,0,0,,True,2018-05-21T03:00:00.000+00:00,2022-12-17T12:06:00
927011,AGÊNCIA ESTADUAL DE MEIO AMBIENTE,False,True,PE,25313,2611606.0,RECIFE,0,,0,,False,,94620,10571982000125,0,0,,True,2024-11-14T03:00:00.000+00:00,2024-11-14T10:22:00
153098,PRO-REITORIA DE PESQ. E POS-GRADUACAO DA UFPE,True,True,PE,25313,2611606.0,RECIFE,0,,0,,False,62200000000001,26242,24134488000108,00394445000101,00394411000109,,True,1999-07-15T03:00:00.000+00:00,2010-07-07T18:30:00
153081,DIRET.DO CENTRO DE ARTES E COMUNICACAO- UFPE,True,True,PE,25313,2611606.0,RECIFE,0,,0,,False,62950000000029,26242,24134488000108,00394445000101,00394411000109,,True,1999-07-15T03:00:00.000+00:00,2010-07-07T18:30:00
153086,DIRET.CENTRO DE CIENCIAS SOC.APLICADAS- UFPE,True,True,PE,25313,2611606.0,RECIFE,0,,0,,False,63050000000035,26242,24134488000108,00394445000101,00394411000109,,True,1999-07-15T03:00:00.000+00:00,2010-07-07T18:30:00
153089,DIRET.DO CENTRO DE CIENCIAS JURIDICAS - UFPE,True,True,PE,25313,2611606.0,RECIFE,0,,0,,False,63110000000083,26242,24134488000108,00394445000101,00394411000109,,True,1999-07-15T03:00:00.000+00:00,2010-07-07T18:30:00
927204,DEPARTAMENTO ESTADUAL DE TRÂNSITO DE PE,False,True,PE,25313,2611606.0,RECIFE,0,,0,,False,,94620,10571982000125,0,0,,True,2023-08-03T03:00:00.000+00:00,2023-08-03T12:48:00
927343,HOSPITAL OTAVIO DE FREITAS/PE,False,True,PE,25313,2611606.0,RECIFE,0,,0,,False,,94620,10571982000125,0,0,,True,2019-01-25T02:00:00.000+00:00,2021-12-12T14:36:00
927478,FUNDO MUN.DE ASSIST.SOCIAL DE CHÃ GRANDE,False,True,PE,23892,2604502.0,CHÃ GRANDE,0,,0,,False,,94620,10571982000125,0,0,,True,2022-07-06T03:00:00.000+00:00,2022-12-17T15:22:00
927505,SECRETARIA EXECUTIVA DE RESSOCIALIZAÇÃO,False,True,PE,25313,2611606.0,RECIFE,0,,0,,False,,94620,10571982000125,0,0,,True,2020-12-21T03:00:00.000+00:00,2020-12-20T14:39:00
927595,FUNDO MUNICIPAL DE SAUDE DE ITAIBA,False,True,PE,24490,2607505.0,ITAÍBA,0,,0,,False,,94620,10571982000125,0,0,,True,2019-08-20T03:00:00.000+00:00,2019-12-15T13:57:00
927610,AUTARQUIA DE SERVIÇOS URBANOS DO RECIFE/PE,False,True,PE,25313,2611606.0,RECIFE,0,,0,,False,,94626,10589240000127,,,,True,2019-08-23T03:00:00.000+00:00,2024-01-05T16:21:00
927699,FAC.DE CIÊNC.ADMINISTRAÇÃO E DIREITO/PE,False,True,PE,25313,2611606.0,RECIFE,0,,0,,False,,94620,10571982000125,0,0,,True,2019-10-22T03:00:00.000+00:00,2019-12-15T11:51:00
928007,COMPANHIA PERNAMBUCANA DE GAS,False,True,PE,25313,2611606.0,RECIFE,0,,0,,False,,94620,10571982000125,0,0,,True,2020-05-19T03:00:00.000+00:00,2020-12-20T15:34:00
928357,AUTARQUIA MUNIC.DE MOBILIDADE DE PETROLINA-PE,False,True,PE,25216,2611101.0,PETROLINA,0,,0,,False,,98978,35669753000179,10358190000177,10571982000125,,True,2021-01-20T03:00:00.000+00:00,2024-04-07T15:14:00
928428,FUNDO MUN.DE ASSISTÊNCIA SOCIAL DE SANHARÓ-PE,False,True,PE,25470,2612406.0,SANHARÓ,0,,0,,False,,98983,12086904000160,11044906000124,10571982000125,,True,2021-03-02T03:00:00.000+00:00,2024-04-07T15:14:00
929113,FUNDO MUNICIPAL DE SAUDE DE CARNAIBA,False,True,PE,23779,2603900.0,CARNAÍBA,0,,0,,False,,94620,10571982000125,0,0,,True,2021-12-17T03:00:00.000+00:00,2021-12-12T10:12:00
929214,FUNDO MUNICIPAL DE ASSISTENCIA SOCIAL-GRAVATA,False,True,PE,24279,2606408.0,GRAVATÁ,0,,0,,False,,94713,11331244000173,11049830000120,10571982000125,,True,2022-02-18T03:00:00.000+00:00,2024-04-07T15:14:00
929602,CÂMARA MUNICIPAL DE MORENO - PE,False,True,PE,24872,2609402.0,MORENO,0,,0,,False,,98964,08057606000175,10571982000125,0,,True,2022-08-30T03:00:00.000+00:00,2024-04-07T15:14:00
930045,CAMARA MUNICIPAL DE PAUDALHO - PE,False,True,PE,25119,2610608.0,PAUDALHO,0,,0,,False,,98969,08860181000138,10571982000125,0,,True,2023-04-10T03:00:00.000+00:00,2024-04-07T15:14:00
930133,CAMARA MUNICIPAL DE NAZARÉ DA MATA - PE,False,True,PE,24899,2609501.0,NAZARÉ DA MATA,0,,0,,False,,99684,11487055000194,10571982000125,0,,True,2023-05-03T03:00:00.000+00:00,2024-10-06T11:09:00
930506,FUNDO MUNICIPAL DE EDUCAÇAO DE SANHARO,False,True,PE,25470,2612406.0,SANHARÓ,0,,0,,False,,94520,08761124000100,0,0,,True,2023-09-25T03:00:00.000+00:00,2023-09-25T12:01:00
930535,FUNDO MUNICIPAL DE SAUDE DE BEZERROS,False,True,PE,23370,2601904.0,BEZERROS,0,,0,,False,,94520,08761124000100,0,0,,True,2023-10-09T03:00:00.000+00:00,2023-10-09T18:39:00
120317,PRIMEIRO DO SEXTO GRUPO DE AVIACAO,False,False,PE,25313,2611606.0,RECIFE,0,,0,,False,0,52111,00394429000100,03277610000125,00394411000109,,True,,2025-05-06T17:12:00
389236,CONSELHO REGIONAL DE ODONTOLOGIA DE PE,False,True,PE,25313,2611606.0,RECIFE,0,,0,,False,0,39009,11735263000165,,,,True,2023-06-13T03:00:00.000+00:00,2023-06-13T17:38:00
450775,SECRETARIA DE DESENVOLVIMENTO ECONOMICO,False,True,PE,25313,2611606.0,RECIFE,0,,0,,False,0,94620,10571982000125,0,0,,True,2024-03-27T03:00:00.000+00:00,2024-03-27T18:15:00
510677,SUPERINTENDENCIA REGIONAL NORDESTE,True,True,PE,25313,2611606.0,RECIFE,510670,GERÊNCIA EXECUTIVA CURITIBA/PR,0,,True,0,37202,29979036000140,00394528000192,00394411000109,86788,True,1999-07-15T03:00:00.000+00:00,2025-01-23T10:33:00
980544,PREFEITURA MUNICIPAL DE ARACOIABA - PE,False,True,PE,5444,2601052.0,ARAÇOIABA,0,,0,,False,0,94620,10571982000125,0,0,,True,2018-11-20T02:00:00.000+00:00,2025-02-24T14:42:00
980548,PREFEITURA DE JAQUEIRA,False,True,PE,5487,2607950.0,JAQUEIRA,0,,0,,False,0,94620,10571982000125,0,0,,True,1999-07-15T03:00:00.000+00:00,2019-12-15T17:01:00
982323,PREFEITURA MUNICIPAL DE ARCOVERDE - PE,False,True,PE,23230,2601201.0,ARCOVERDE,0,,0,,False,0,94681,10105955000167,10571982000125,0,,True,2021-02-04T03:00:00.000+00:00,2024-04-07T15:14:00
982349,PREFEITURA MUNICIPAL DE BREJINHO - PE,False,True,PE,23493,2602506.0,BREJINHO,0,,0,,False,0,94692,11358173000100,10571982000125,0,,True,2019-11-18T03:00:00.000+00:00,2024-04-07T15:14:00
982365,PREF.MUN. DE CALCADO,False,True,PE,23655,2603306.0,CALÇADO,0,,0,,False,0,94620,10571982000125,0,0,,True,2019-02-06T02:00:00.000+00:00,2019-12-15T09:55:00
982381,PREFEITURA MUNICIPAL DE CARUARU - PE,False,False,PE,23817,2604106.0,CARUARU,0,,0,,False,0,94695,10091536000113,10571982000125,0,,True,1999-07-15T03:00:00.000+00:00,2024-04-07T15:14:00
982435,PREFEITURA MUNICIPAL DE IGARASSU/PE,False,True,PE,24350,2606804.0,IGARASSU,0,,0,,False,0,94620,10571982000125,0,0,,True,2020-10-29T03:00:00.000+00:00,2020-12-20T13:54:00
982457,PREFEITURA MUNICIPAL JABOATAO GUARARAPES - PE,False,True,PE,24570,2607901.0,JABOATÃO DOS GUARARAPES,0,,0,,False,0,98952,10377679000196,10571982000125,0,,True,2017-07-18T03:00:00.000+00:00,2024-04-07T15:14:00
982487,PREFEITURA MUNICIPAL DO MORENO - PE,False,True,PE,24872,2609402.0,MORENO,0,,0,,False,0,99683,11049822000183,10571982000125,0,,True,2021-03-17T03:00:00.000+00:00,2024-10-06T11:09:00
982491,PREFEITURA MUNICIPAL DE OLINDA,False,True,PE,24910,2609600.0,OLINDA,0,,0,,False,0,94620,10571982000125,0,0,,True,2019-10-22T03:00:00.000+00:00,2019-12-15T15:50:00
982511,PREFEITURA MUNICIPAL DE PAUDALHO - PE,False,True,PE,25119,2610608.0,PAUDALHO,0,,0,,False,0,98967,11097383000184,10571982000125,0,,True,2018-12-04T02:00:00.000+00:00,2024-04-07T15:14:00
982527,PREFEITURA MUNICIPAL DE PRIMAVERA,False,True,PE,25275,2611408.0,PRIMAVERA,0,,0,,False,0,94620,10571982000125,0,0,,True,2018-10-24T03:00:00.000+00:00,2018-12-15T14:46:00
982543,PREFEITURA MUNICIPAL DE SALGUEIRO - PE,False,True,PE,25437,2612208.0,SALGUEIRO,0,,0,,False,0,98981,11361243000171,10571982000125,0,,True,2020-01-16T03:00:00.000+00:00,2024-04-07T15:14:00
982555,PREFEITURA MUNICIPAL DE SANTA TEREZINHA - PE,False,True,PE,25550,2612802.0,SANTA TEREZINHA,0,,0,,False,0,98987,11358140000152,10571982000125,0,,True,2018-12-03T02:00:00.000+00:00,2024-04-18T12:25:00
982557,PREFEITURA MUNICIPAL DE SAO BENEDITO DO SUL,False,True,PE,25577,2612901.0,SÃO BENEDITO DO SUL,0,,0,,False,0,94620,10571982000125,0,0,,True,2020-05-19T03:00:00.000+00:00,2020-12-20T15:18:00
982563,PREFEITURA MUNICIPAL DE SÃO JOÃO,False,True,PE,25631,2613206.0,SÃO JOÃO,0,,0,,False,0,94620,10571982000125,0,0,,True,2018-12-14T02:00:00.000+00:00,2018-12-15T10:40:00
982569,PREFEITURA MUNICIPAL DE SÃO JOSÉ DO BELMONTE,False,False,PE,25690,2613503.0,SÃO JOSÉ DO BELMONTE,0,,0,,False,0,94620,10571982000125,0,0,,True,2022-03-02T03:00:00.000+00:00,2022-12-17T12:14:00
982631,PREF.MUN. DE ABREU E LIMA,False,True,PE,26310,2600054.0,ABREU E LIMA,0,,0,,False,0,94620,10571982000125,0,0,,True,2019-07-08T03:00:00.000+00:00,2019-12-15T14:34:00
463049,FUNDO MUNICIPAL DE SAUDE DE GRAVATÁ - PE,False,True,PE,24279,2606408.0,GRAVATÁ,0,,0,,False,00000000000000,99682,10710822000110,11049830000120,10571982000125,,True,2020-08-12T03:00:00.000+00:00,2024-10-06T11:09:00
150119,CENTRO ACADEMICO DO AGRESTE DA UFPE,True,True,PE,23817,2604106.0,CARUARU,0,,0,,False,24134488000108,26242,24134488000108,00394445000101,00394411000109,,True,,2010-07-07T18:30:00
120022,II SERVICO REGIONAL DE ECONOMIA E FINANCAS,False,True,PE,25313,2611606.0,RECIFE,0,,0,,False,0,52111,00394429000100,03277610000125,00394411000109,,True,1999-07-15T03:00:00.000+00:00,2025-05-06T10:38:00
974444,FUNDO MUNICIPAL DE SAUDE SANTA TEREZINHA,False,True,PE,25550,2612802.0,SANTA TEREZINHA,0,,0,,False,,87143,12071117000145,11358140000152,10571982000125,,True,,2024-08-03T17:47:00
932827,WALDEMAR VALENTE,False,True,PE,25313,2611606.0,RECIFE,0,,0,,False,,85622,10565000000192,10571982000125,0,,True,2025-03-07T03:00:00.000+00:00,2025-03-17T09:41:00
932817,VILA DOS MILAGRES,False,True,PE,25313,2611606.0,RECIFE,0,,0,,False,,85622,10565000000192,10571982000125,0,,True,2025-03-07T03:00:00.000+00:00,2025-03-17T09:41:00
932795,SAO FRANCISCO DE ASSIS,False,True,PE,25313,2611606.0,RECIFE,0,,0,,False,,85622,10565000000192,10571982000125,0,,True,2025-03-07T03:00:00.000+00:00,2025-03-17T09:41:00
932793,SAO DOMINGOS,False,True,PE,25313,2611606.0,RECIFE,0,,0,,False,,85622,10565000000192,10571982000125,0,,True,2025-03-07T03:00:00.000+00:00,2025-03-17T09:39:00
932792,SAO CRISTOVAO,False,True,PE,25313,2611606.0,RECIFE,0,,0,,False,,85622,10565000000192,10571982000125,0,,True,2025-03-07T03:00:00.000+00:00,2025-03-17T09:39:00
932789,SANTA MARIA GORETTI,False,True,PE,25313,2611606.0,RECIFE,0,,0,,False,,85622,10565000000192,10571982000125,0,,True,2025-03-07T03:00:00.000+00:00,2025-03-17T09:39:00
932788,SANTA MARIA,False,True,PE,25313,2611606.0,RECIFE,0,,0,,False,,85622,10565000000192,10571982000125,0,,True,2025-03-07T03:00:00.000+00:00,2025-03-17T09:39:00
932779,PROFESSORA SONIA MARIA DE ARAUJO SOUZA,False,True,PE,25313,2611606.0,RECIFE,0,,0,,False,,85622,10565000000192,10571982000125,0,,True,2025-03-07T03:00:00.000+00:00,2025-03-17T09:39:00
932763,PROFESSOR JOSUE DE CASTRO,False,True,PE,25313,2611606.0,RECIFE,0,,0,,False,,85622,10565000000192,10571982000125,0,,True,2025-03-06T03:00:00.000+00:00,2025-03-17T09:39:00
932753,PROFESSOR ADAUTO PONTES,False,True,PE,25313,2611606.0,RECIFE,0,,0,,False,,85622,10565000000192,10571982000125,0,,True,2025-03-06T03:00:00.000+00:00,2025-03-17T09:39:00
932749,PRESIDENTE TANCREDO NEVES,False,True,PE,25313,2611606.0,RECIFE,0,,0,,False,,85622,10565000000192,10571982000125,0,,True,2025-03-06T03:00:00.000+00:00,2025-03-17T09:38:00
932741,PINTOR LULA CARDOSO AYRES,False,True,PE,25313,2611606.0,RECIFE,0,,0,,False,,85622,10565000000192,10571982000125,0,,True,2025-03-06T03:00:00.000+00:00,2025-03-17T09:38:00
932734,PASTOR JOSE MUNGUBA SOBRINHO,False,True,PE,25313,2611606.0,RECIFE,0,,0,,False,,85622,10565000000192,10571982000125,0,,True,2025-03-06T03:00:00.000+00:00,2025-03-17T09:38:00
932729,PADRE LOURENCO,False,True,PE,25313,2611606.0,RECIFE,0,,0,,False,,85622,10565000000192,10571982000125,0,,True,2025-03-06T03:00:00.000+00:00,2025-03-17T09:38:00
932728,PADRE JOSE MATHIAS DELGADO,False,True,PE,25313,2611606.0,RECIFE,0,,0,,False,,85622,10565000000192,10571982000125,0,,True,2025-03-06T03:00:00.000+00:00,2025-03-17T09:38:00
932726,PADRE ANTONIO HENRIQUE,False,True,PE,25313,2611606.0,RECIFE,0,,0,,False,,85622,10565000000192,10571982000125,0,,True,2025-03-06T03:00:00.000+00:00,2025-03-17T09:38:00
932724,OSWALDO LIMA FILHO,False,True,PE,25313,2611606.0,RECIFE,0,,0,,False,,85622,10565000000192,10571982000125,0,,True,2025-03-06T03:00:00.000+00:00,2025-03-17T09:38:00
932712,NOSSA SENHORA DAS DORES,False,True,PE,25313,2611606.0,RECIFE,0,,0,,False,,85622,10565000000192,10571982000125,0,,True,2025-03-06T03:00:00.000+00:00,2025-03-17T09:38:00
932706,MONTE DAS OLIVEIRAS,False,True,PE,25313,2611606.0,RECIFE,0,,0,,False,,85622,10565000000192,10571982000125,0,,True,2025-03-06T03:00:00.000+00:00,2025-03-17T09:37:00
932694,MARIA DE SAMPAIO LUCENA,False,True,PE,25313,2611606.0,RECIFE,0,,0,,False,,85622,10565000000192,10571982000125,0,,True,2025-03-06T03:00:00.000+00:00,2025-03-17T09:37:00
932689,MANOEL ANTONIO DE FREITAS,False,True,PE,25313,2611606.0,RECIFE,0,,0,,False,,85622,10565000000192,10571982000125,0,,True,2025-03-06T03:00:00.000+00:00,2025-03-17T09:37:00
932680,LADJANE BANDEIRA,False,True,PE,25313,2611606.0,RECIFE,0,,0,,False,,85622,10565000000192,10571982000125,0,,True,2025-03-06T03:00:00.000+00:00,2025-03-17T09:37:00
932665,JOAO EUGENIO,False,True,PE,25313,2611606.0,RECIFE,0,,0,,False,,85622,10565000000192,10571982000125,0,,True,2025-02-28T03:00:00.000+00:00,2025-03-17T09:37:00
932659,ISABEL SILVANA DE MELO,False,True,PE,25313,2611606.0,RECIFE,0,,0,,False,,85622,10565000000192,10571982000125,0,,True,2025-02-28T03:00:00.000+00:00,2025-03-17T09:35:00
932657,IRMA TEREZINHA BATISTA PROJ NOVO VIVER,False,True,PE,25313,2611606.0,RECIFE,0,,0,,False,,85622,10565000000192,10571982000125,0,,True,2025-02-28T03:00:00.000+00:00,2025-03-17T09:35:00
932648,GENERAL SAN MARTIN,False,True,PE,25313,2611606.0,RECIFE,0,,0,,False,,85622,10565000000192,10571982000125,0,,True,2025-02-28T03:00:00.000+00:00,2025-03-17T09:35:00
932644,FREI TADEU GLASER,False,True,PE,25313,2611606.0,RECIFE,0,,0,,False,,85622,10565000000192,10571982000125,0,,True,2025-02-28T03:00:00.000+00:00,2025-03-17T09:35:00
932638,ESPERANCA,False,True,PE,25313,2611606.0,RECIFE,0,,0,,False,,85622,10565000000192,10571982000125,0,,True,2025-02-28T03:00:00.000+00:00,2025-03-17T09:35:00
932632,ENGENHEIRO EDINALDO MIRANDA DE OLIVEIRA,False,True,PE,25313,2611606.0,RECIFE,0,,0,,False,,85622,10565000000192,10571982000125,0,,True,2025-02-28T03:00:00.000+00:00,2025-03-17T09:35:00
932625,DOUTOR EBENEZER GUEIROS,False,True,PE,25313,2611606.0,RECIFE,0,,0,,False,,85622,10565000000192,10571982000125,0,,True,2025-02-28T03:00:00.000+00:00,2025-03-17T09:35:00
932615,DOM HELDER CAMARA,False,True,PE,25313,2611606.0,RECIFE,0,,0,,False,,85622,10565000000192,10571982000125,0,,True,2025-02-28T03:00:00.000+00:00,2025-03-17T09:34:00
932613,DO SANCHO,False,True,PE,25313,2611606.0,RECIFE,0,,0,,False,,85622,10565000000192,10571982000125,0,,True,2025-02-28T03:00:00.000+00:00,2025-03-17T09:34:00
932611,DO LEAO,False,True,PE,25313,2611606.0,RECIFE,0,,0,,False,,85622,10565000000192,10571982000125,0,,True,2025-02-28T03:00:00.000+00:00,2025-03-17T09:34:00
932598,DEOCLECIANO OLIVEIRA DE LIMA,False,True,PE,25313,2611606.0,RECIFE,0,,0,,False,,85622,10565000000192,10571982000125,0,,True,2025-02-28T03:00:00.000+00:00,2025-03-17T09:34:00
932596,DE DOIS RIOS,False,True,PE,25313,2611606.0,RECIFE,0,,0,,False,,85622,10565000000192,10571982000125,0,,True,2025-02-28T03:00:00.000+00:00,2025-03-17T09:34:00
932573,CORREGO DO EUCLIDES,False,True,PE,25313,2611606.0,RECIFE,0,,0,,False,,85622,10565000000192,10571982000125,0,,True,2025-02-28T03:00:00.000+00:00,2025-03-17T09:32:00
932554,CHICO MENDES,False,True,PE,25313,2611606.0,RECIFE,0,,0,,False,,85622,10565000000192,10571982000125,0,,True,2025-02-27T03:00:00.000+00:00,2025-03-17T09:32:00
932553,CELIA ARRAES,False,True,PE,25313,2611606.0,RECIFE,0,,0,,False,,85622,10565000000192,10571982000125,0,,True,2025-02-27T03:00:00.000+00:00,2025-03-17T09:32:00
932549,CASA DOS FERROVIARIOS,False,True,PE,25313,2611606.0,RECIFE,0,,0,,False,,85622,10565000000192,10571982000125,0,,True,2025-02-27T03:00:00.000+00:00,2025-03-17T09:32:00
932545,CAMPINA DO BARRETO,False,True,PE,25313,2611606.0,RECIFE,0,,0,,False,,85622,10565000000192,10571982000125,0,,True,2025-02-27T03:00:00.000+00:00,2025-03-17T09:32:00
932537,BALBINA MENELAU,False,True,PE,25313,2611606.0,RECIFE,0,,0,,False,,85622,10565000000192,10571982000125,0,,True,2025-02-27T03:00:00.000+00:00,2025-03-17T09:32:00
932535,ARTISTA PLASTICO CICERO DIAS,False,True,PE,25313,2611606.0,RECIFE,0,,0,,False,,85622,10565000000192,10571982000125,0,,True,2025-02-27T03:00:00.000+00:00,2025-03-17T09:32:00
932524,ANA MAURICIA WANDERLEY,False,True,PE,25313,2611606.0,RECIFE,0,,0,,False,,85622,10565000000192,10571982000125,0,,True,2025-02-27T03:00:00.000+00:00,2025-03-17T09:27:00
932521,ALTO JARDIM PROGRESSO,False,True,PE,25313,2611606.0,RECIFE,0,,0,,False,,85622,10565000000192,10571982000125,0,,True,2025-02-27T03:00:00.000+00:00,2025-03-17T09:27:00
932513,ALCIDES RESTELLI TEDESCO,False,True,PE,25313,2611606.0,RECIFE,0,,0,,False,,85622,10565000000192,10571982000125,0,,True,2025-02-27T03:00:00.000+00:00,2025-03-17T09:27:00
932510,US 297 USF+ DO PINA - J,False,True,PE,25313,2611606.0,RECIFE,0,,0,,False,,85622,10565000000192,10571982000125,0,,True,2025-02-27T03:00:00.000+00:00,2025-03-17T09:27:00
932505,ESCOLA PROFISSIONALIZANTE,False,True,PE,25313,2611606.0,RECIFE,0,,0,,False,,85622,10565000000192,10571982000125,0,,True,2025-02-27T03:00:00.000+00:00,2025-03-17T09:27:00
932504,EP. ZULEIDE GOMES MONT,False,True,PE,25313,2611606.0,RECIFE,0,,0,,False,,85622,10565000000192,10571982000125,0,,True,2025-02-27T03:00:00.000+00:00,2025-03-17T09:27:00
932491,USF ROSA SELVAGEM,False,True,PE,25313,2611606.0,RECIFE,0,,0,,False,,85622,10565000000192,10571982000125,0,,True,2025-02-27T03:00:00.000+00:00,2025-03-17T09:27:00
932485,ESCOLA PROFIONALIZANTE M,False,True,PE,25313,2611606.0,RECIFE,0,,0,,False,,85622,10565000000192,10571982000125,0,,True,2025-02-27T03:00:00.000+00:00,2025-03-17T09:26:00
932483,USF SKYLAB,False,True,PE,25313,2611606.0,RECIFE,0,,0,,False,,85622,10565000000192,10571982000125,0,,True,2025-02-27T03:00:00.000+00:00,2025-03-17T09:26:00
932480,USF DR GERALDO BARRETO,False,True,PE,25313,2611606.0,RECIFE,0,,0,,False,,85622,10565000000192,10571982000125,0,,True,2025-02-27T03:00:00.000+00:00,2025-03-17T09:26:00
932477,ESCOLA PROFISSIONAL,False,True,PE,25313,2611606.0,RECIFE,0,,0,,False,,85622,10565000000192,10571982000125,0,,True,2025-02-27T03:00:00.000+00:00,2025-03-17T09:26:00
932380,"SECRETARIA DE CIêNCIA, TECNOLOGIA E INOVAçãO",True,True,PE,25313,2611606.0,RECIFE,0,,0,,True,,85622,10565000000192,10571982000125,0,,True,2025-02-11T03:00:00.000+00:00,2025-03-17T09:26:00
932371,US 340 CAPS CLEA LACET - SESAU,False,True,PE,25313,2611606.0,RECIFE,0,,0,,False,,85622,10565000000192,10571982000125,0,,True,2025-02-11T03:00:00.000+00:00,2025-03-17T09:12:00
932370,US 401 USF UPINHA DIA GOVERNAD EDUARDO CAMPOS,False,True,PE,25313,2611606.0,RECIFE,0,,0,,False,,85622,10565000000192,10571982000125,0,,True,2025-02-11T03:00:00.000+00:00,2025-03-17T09:12:00
932364,POLICLíNICA LESSA DE ANDRADE,False,True,PE,25313,2611606.0,RECIFE,0,,0,,False,,85622,10565000000192,10571982000125,0,,True,2025-02-11T03:00:00.000+00:00,2025-03-17T09:12:00
932363,ESCOLA PROFISSIONALIZANTE DONA OLEGARINHA,False,True,PE,25313,2611606.0,RECIFE,0,,0,,False,,85622,10565000000192,10571982000125,0,,True,2025-02-11T03:00:00.000+00:00,2025-03-17T09:12:00
932361,ESCOLA MUNICIPAL DO DOM,False,True,PE,25313,2611606.0,RECIFE,0,,0,,False,,85622,10565000000192,10571982000125,0,,True,2025-02-11T03:00:00.000+00:00,2025-03-17T09:12:00
932354,ESCOLA PROFISSIONALIZANTE MOACIR DE MELO REGO,False,True,PE,25313,2611606.0,RECIFE,0,,0,,False,,85622,10565000000192,10571982000125,0,,True,2025-02-11T03:00:00.000+00:00,2025-03-17T09:12:00
932353,EM COMPOSITOR CAPIBA,False,True,PE,25313,2611606.0,RECIFE,0,,0,,False,,85622,10565000000192,10571982000125,0,,True,2025-02-11T03:00:00.000+00:00,2025-03-17T09:12:00
930793,HOSPITAL AGAMENOM MAGALHÃES,False,True,PE,25313,2611606.0,RECIFE,0,,0,,False,,94620,10571982000125,0,0,,True,2024-01-23T03:00:00.000+00:00,2024-01-23T09:02:00
930665,CAMARA MUNICIPAL DE PAULISTA - PE,False,True,PE,25135,2610707.0,PAULISTA,0,,0,,False,,99687,08800047000141,10571982000125,0,,True,2023-12-14T03:00:00.000+00:00,2024-10-12T11:09:00
200091,PROCURADORIA REG.DO TRABALHO 6A. REGIAO- PE,False,True,PE,25313,2611606.0,RECIFE,0,,0,,False,26989715003713,34000,26989715000102,,,A2048,True,1999-07-15T03:00:00.000+00:00,2023-05-17T13:32:00
511204,UNID.ADMIN.LOCAL INSS EM SAO LOURENCO DA MATA,True,True,PE,25739,2613701.0,SÃO LOURENÇO DA MATA,0,,0,,False,29979036020176,37202,29979036000140,00394528000192,00394411000109,,True,1999-07-15T03:00:00.000+00:00,2010-07-07T18:30:00
170063,CONTROLADORIA REG. DA UNIÃO NO EST. DE/PE,True,True,PE,25313,2611606.0,RECIFE,0,,0,,False,394460030482,20125,05914685000103,00394411000109,00394411000109,,True,1999-07-15T03:00:00.000+00:00,2023-07-03T14:44:00
170266,PROCURADORIA-REGIONAL DA FAZENDA NACIONAL/PE,True,True,PE,25313,2611606.0,RECIFE,0,,0,,False,40813081000163,25000,00394460000141,00394411000109,00394411000109,,True,1999-07-15T03:00:00.000+00:00,2019-12-15T15:00:00
030008,SECRETARIA DE CONTROLE EXTERNO EM PERNAMBUCO,False,True,PE,25313,2611606.0,RECIFE,30001,TCU-TRIBUNAL DE CONTAS DA UNIAO/DF,0,,False,414607001432,3000,00414607000118,,,A369,True,1999-07-15T03:00:00.000+00:00,2025-06-11T18:30:00
153087,DIRET.DO CENTRO DE CIENCIAS DA SAUDE DA UFPE,True,True,PE,25313,2611606.0,RECIFE,0,,0,,False,63070000000005,26242,24134488000108,00394445000101,00394411000109,,True,1999-07-15T03:00:00.000+00:00,2010-07-07T18:30:00
153091,ESCRITÓRIO PROJETOS INSTITUCIONAIS,True,True,PE,25313,2611606.0,RECIFE,0,,0,,True,63150000000007,26242,24134488000108,00394445000101,00394411000109,,True,1999-07-15T03:00:00.000+00:00,2013-08-05T15:35:00
193143,AUDITORIA,True,True,PE,25313,2611606.0,RECIFE,0,,0,,False,70013130000063,20601,10890804000167,03353358000196,00394411000109,,True,1999-07-15T03:00:00.000+00:00,2010-07-07T18:30:00
344002,FUNDACAO JOAQUIM NABUCO / MEC / PE,True,True,PE,25313,2611606.0,RECIFE,0,,0,,True,9773169000159,26292,09773169000159,00394445000101,00394411000109,257,True,1999-07-15T03:00:00.000+00:00,2025-07-07T15:50:00
167182,7ª COMPANHIA DE COMUNICAçõES-FUNDO DO EXERCIT,False,True,PE,25313,2611606.0,RECIFE,160182,7ª COMPANHIA DE COMUNICAçõES,160182,7ª COMPANHIA DE COMUNICAçõES,False,,52904,00394452054700,00394452000103,03277610000125,80627,True,2009-02-26T03:00:00.000+00:00,2025-08-22T14:07:00
160552,ESC REGIONAL DA OPERAÇÃO CARRO-PIPA/ 7 RM,False,True,PE,25313,2611606.0,RECIFE,160543,7º CENTRO DE GESTÃO CONT E FIN DO EXÉRCITO,0,,False,,52121,00394452000103,03277610000125,00394411000109,,True,2023-02-23T03:00:00.000+00:00,2025-08-22T13:42:00
160793,5ºCENTRO TELEMáTICA áREA - CONTROLE DE CUSTOS,False,True,PE,25313,2611606.0,RECIFE,160543,7º CENTRO DE GESTÃO CONT E FIN DO EXÉRCITO,0,,False,0,52121,00394452000103,03277610000125,00394411000109,,True,2022-03-31T03:00:00.000+00:00,2025-08-22T08:09:00
167187,21 CIRCUNSCRICAO DE SERVICO MILITAR,False,True,PE,25313,2611606.0,RECIFE,160187,21 CIRCUNSCRICAO DE SERVICO MILITAR,160187,21 CIRCUNSCRICAO DE SERVICO MILITAR,False,0,52904,00394452054700,00394452000103,03277610000125,44392,True,,2025-08-22T14:07:00
160225,BASE ADMINISTRATIVA DO CURADO - PE,False,True,PE,25313,2611606.0,RECIFE,160543,7º CENTRO DE GESTÃO CONT E FIN DO EXÉRCITO,0,,False,,52121,00394452000103,03277610000125,00394411000109,207628,True,2018-12-28T02:00:00.000+00:00,2025-08-22T15:16:00
160557,ESCRITÓRIO AVANÇADO DA OP C PIPA 7ª RM,False,True,PE,25216,2611101.0,PETROLINA,160543,7º CENTRO DE GESTÃO CONT E FIN DO EXÉRCITO,0,,False,,52121,00394452000103,03277610000125,00394411000109,315552,True,2023-08-31T03:00:00.000+00:00,2025-08-22T11:51:00
160182,7ª COMPANHIA DE COMUNICAçõES,False,True,PE,25313,2611606.0,RECIFE,160182,7ª COMPANHIA DE COMUNICAçõES,0,,False,,52121,00394452000103,03277610000125,00394411000109,80627,True,2009-01-14T02:00:00.000+00:00,2025-08-22T10:10:00
167225,BASE ADMINISTRATIVA DO CURADO - PE,False,True,PE,25313,2611606.0,RECIFE,160225,BASE ADMINISTRATIVA DO CURADO - PE,0,,False,,52904,00394452054700,00394452000103,03277610000125,,True,2018-12-28T02:00:00.000+00:00,2025-08-22T14:56:00
167183,72 BATALHAO DE INFANTARIA MOTORIZADO,False,True,PE,25216,2611101.0,PETROLINA,160183,72 BATALHAO DE INFANTARIA MOTORIZADO,160183,72 BATALHAO DE INFANTARIA MOTORIZADO,True,0,52904,00394452054700,00394452000103,03277610000125,44392,True,,2025-08-22T11:25:00
167185,14 BATALHAO LOGISTICO,False,True,PE,25313,2611606.0,RECIFE,160185,14 BATALHAO LOGISTICO,160185,14 BATALHAO LOGISTICO,False,0,52904,00394452054700,00394452000103,03277610000125,44392,True,,2025-08-22T17:21:00
167195,COMANDO DO COMANDO MILITAR DO NORDESTE,False,True,PE,25313,2611606.0,RECIFE,160195,COMANDO DO COMANDO MILITAR DO NORDESTE,160195,COMANDO DO COMANDO MILITAR DO NORDESTE,False,0,52904,00394452054700,00394452000103,03277610000125,1599,True,,2025-08-22T14:07:00
167199,HOSPITAL MILITAR DE ÁREA DE RECIFE,False,True,PE,25313,2611606.0,RECIFE,160199,HOSPITAL MILITAR DE ÁREA DE RECIFE,160199,HOSPITAL MILITAR DE ÁREA DE RECIFE,False,0,52904,00394452054700,00394452000103,03277610000125,80645,True,,2025-08-22T14:07:00
160193,COMANDO 10 BRIGADA DE INFANTARIA MOTORIZADA,False,True,PE,25313,2611606.0,RECIFE,160543,7º CENTRO DE GESTÃO CONT E FIN DO EXÉRCITO,0,,True,394452047401,52121,00394452000103,03277610000125,00394411000109,80624,True,2000-04-15T03:00:00.000+00:00,2025-08-22T09:26:00
783340,CAPITANIA DOS PORTOS NO ESTADO DE PERNAMBUCO,False,True,PE,25313,2611606.0,RECIFE,783602,ESCOLA APRENDIZES DE MARINHEIROS/PE,0,,False,394502003836,52131,00394502000144,03277610000125,00394411000109,26174,True,1999-07-15T03:00:00.000+00:00,2025-08-21T11:04:00
167181,7 GRUPO DE ARTILHARIA DE CAMPANHA,False,True,PE,25313,2611606.0,RECIFE,160181,7 GRUPO DE ARTILHARIA DE CAMPANHA,160181,7 GRUPO DE ARTILHARIA DE CAMPANHA,False,0,52904,00394452054700,00394452000103,03277610000125,44392,True,,2025-08-22T14:07:00
167189,7  INSPETORIA DE CONTABILIDADE E FINANCAS,False,True,PE,25313,2611606.0,RECIFE,160189,7  INSPETORIA DE CONTABILIDADE E FINANCAS,160189,7  INSPETORIA DE CONTABILIDADE E FINANCAS,False,0,52904,00394452054700,00394452000103,03277610000125,8250,True,,2025-08-22T14:07:00
167194,COMANDO 7 REGIAO MILITAR/7 DIV DE EXERCITO,False,True,PE,25313,2611606.0,RECIFE,160194,COMANDO 7 REGIAO MILITAR/7 DIV DE EXERCITO,160194,COMANDO 7 REGIAO MILITAR/7 DIV DE EXERCITO,False,0,52904,00394452054700,00394452000103,03277610000125,44392,True,,2025-08-22T14:07:00
975116,FUNDO MUNICIPAL DE SAUDE CORTÊS,False,True,PE,23957,2604809.0,CORTÊS,0,,0,,False,,87815,10373148000125,,,,True,,2025-08-21T17:47:00
167178,14 BATALHAO DE INFANTARIA MOTORIZADO,False,True,PE,24570,2607901.0,JABOATÃO DOS GUARARAPES,160178,14 BATALHAO DE INFANTARIA MOTORIZADO,160178,14 BATALHAO DE INFANTARIA MOTORIZADO,False,0,52904,00394452054700,00394452000103,03277610000125,44392,True,,2025-08-22T10:28:00
167180,4 BATALHAO DE POLICIA DO EXERCITO,False,True,PE,25313,2611606.0,RECIFE,160180,4 BATALHAO DE POLICIA DO EXERCITO,160180,4 BATALHAO DE POLICIA DO EXERCITO,False,0,52904,00394452054700,00394452000103,03277610000125,44392,True,,2025-08-22T14:07:00
167200,PARQUE REGIONAL DE MANUTENCAO/7,False,True,PE,25313,2611606.0,RECIFE,160200,PARQUE REGIONAL DE MANUTENCAO/7,160200,PARQUE REGIONAL DE MANUTENCAO/7,True,0,52904,00394452054700,00394452000103,03277610000125,44392,True,,2025-08-22T14:07:00
167201,COMISSAO REGIONAL DE OBRAS/7,False,True,PE,25313,2611606.0,RECIFE,160201,COMISSAO REGIONAL DE OBRAS/7,160201,COMISSAO REGIONAL DE OBRAS/7,False,0,52904,00394452054700,00394452000103,03277610000125,44392,True,,2025-08-22T15:36:00
167177,71 BATALHAO DE INFANTARIA MOTORIZADO,False,True,PE,24198,2606002.0,GARANHUNS,160177,71 BATALHAO DE INFANTARIA MOTORIZADO,160177,71 BATALHAO DE INFANTARIA MOTORIZADO,True,0,52904,00394452054700,00394452000103,03277610000125,44392,True,,2025-08-22T10:05:00
167188,4 BATALHAO DE COMUNICACOES DO EXERCITO,False,True,PE,25313,2611606.0,RECIFE,160188,4 BATALHAO DE COMUNICACOES DO EXERCITO,160188,4 BATALHAO DE COMUNICACOES DO EXERCITO,False,0,52904,00394452054700,00394452000103,03277610000125,44392,True,,2025-08-22T14:07:00
167198,7.DEPOSITO DE SUPRIMENTO,False,True,PE,25313,2611606.0,RECIFE,160198,7.DEPOSITO DE SUPRIMENTO,160198,7.DEPOSITO DE SUPRIMENTO,False,0,52904,00394452054700,00394452000103,03277610000125,80648,True,,2025-08-22T14:07:00
160200,PARQUE REGIONAL DE MANUTENCAO/7,False,True,PE,25313,2611606.0,RECIFE,160543,7º CENTRO DE GESTÃO CONT E FIN DO EXÉRCITO,0,,True,394452050623,52121,00394452000103,03277610000125,00394411000109,80647,True,2000-04-15T03:00:00.000+00:00,2025-08-22T14:27:00
160084,COLEGIO MILITAR DE RECIFE,False,True,PE,25313,2611606.0,RECIFE,160543,7º CENTRO DE GESTÃO CONT E FIN DO EXÉRCITO,0,,True,0,52121,00394452000103,03277610000125,00394411000109,19585,True,,2025-08-22T11:47:00
167191,CENTRO PREPARACAO OFICIAIS RESERVA/RECIFE,False,True,PE,25313,2611606.0,RECIFE,160191,CENTRO PREPARACAO OFICIAIS DA RESERVA/RECIFE,160191,CENTRO PREPARACAO OFICIAIS DA RESERVA/RECIFE,False,0,52904,00394452054700,00394452000103,03277610000125,44392,True,,2025-08-22T14:07:00
167193,COMANDO 10 BRIGADA DE INFANTARIA MOTORIZADA,False,True,PE,25313,2611606.0,RECIFE,160193,COMANDO 10 BRIGADA DE INFANTARIA MOTORIZADA,160193,COMANDO 10 BRIGADA DE INFANTARIA MOTORIZADA,False,0,52904,00394452054700,00394452000103,03277610000125,44392,True,,2025-08-22T10:00:00
167543,7º CENTRO DE GESTÃO CONT E FIN DO EXÉRCITO,False,True,PE,25313,2611606.0,RECIFE,160075,DIRETORIA DE CONTABILIDADE-MEX/DF,160543,7º CENTRO DE GESTÃO CONT E FIN DO EXÉRCITO,False,0,52121,00394452000103,03277610000125,00394411000109,,True,2000-04-15T03:00:00.000+00:00,2025-08-22T16:27:00
160187,21 CIRCUNSCRICAO DE SERVICO MILITAR,False,True,PE,25313,2611606.0,RECIFE,160543,7º CENTRO DE GESTÃO CONT E FIN DO EXÉRCITO,0,,True,394452016280,52121,00394452000103,03277610000125,00394411000109,44392,True,2000-04-15T03:00:00.000+00:00,2025-08-22T10:20:00
167184,10 ESQUADRAO DE CAVALARIA MECANIZADO,False,True,PE,25313,2611606.0,RECIFE,160184,10 ESQUADRAO DE CAVALARIA MECANIZADO,160184,10 ESQUADRAO DE CAVALARIA MECANIZADO,False,0,52904,00394452054700,00394452000103,03277610000125,44392,True,,2025-08-22T14:07:00
783602,ESCOLA APRENDIZES DE MARINHEIROS/PE,False,True,PE,24910,2609600.0,OLINDA,783340,CAPITANIA DOS PORTOS NO ESTADO DE PERNAMBUCO,0,,False,394502013394,52131,00394502000144,03277610000125,00394411000109,60966,True,1999-07-15T03:00:00.000+00:00,2025-08-21T10:02:00
160191,CENTRO PREPARACAO OFICIAIS DA RESERVA/RECIFE,False,True,PE,25313,2611606.0,RECIFE,160543,7º CENTRO DE GESTÃO CONT E FIN DO EXÉRCITO,0,,True,394452013850,52121,00394452000103,03277610000125,00394411000109,80504,True,2000-04-15T03:00:00.000+00:00,2025-08-22T09:27:00
167023,10. COMPANHIA DE ENGENHARIA DE COMBATE,False,True,PE,23337,2601706.0,BELO JARDIM,160023,10A. COMPANHIA DE ENGENHARIA DE COMBATE,160023,10A. COMPANHIA DE ENGENHARIA DE COMBATE,False,0,52904,00394452054700,00394452000103,03277610000125,44392,True,,2025-08-22T10:05:00
167084,COLEGIO MILITAR DE RECIFE,False,True,PE,25313,2611606.0,RECIFE,160084,COLEGIO MILITAR DE RECIFE,160084,COLEGIO MILITAR DE RECIFE,False,0,52904,00394452054700,00394452000103,03277610000125,44392,True,,2025-08-22T14:07:00
167179,3º CENTRO DE GEOINFORMAçãO (3ª CGEO),False,True,PE,25313,2611606.0,RECIFE,160179,3º CENTRO DE GEOINFORMAçãO (3ª CGEO),160179,3º CENTRO DE GEOINFORMAçãO (3ª CGEO),False,0,52904,00394452054700,00394452000103,03277610000125,44392,True,2022-06-28T03:00:00.000+00:00,2025-08-22T08:41:00
167793,5º CTA - 5º CENTRO DE TELEMÁTICA DE ÁREA,False,True,PE,25313,2611606.0,RECIFE,160793,5ºCENTRO TELEMáTICA áREA - CONTROLE DE CUSTOS,160793,5ºCENTRO TELEMáTICA áREA - CONTROLE DE CUSTOS,False,0,52904,00394452054700,00394452000103,03277610000125,,True,2022-03-31T03:00:00.000+00:00,2025-08-22T08:09:00
160188,4 BATALHAO DE COMUNICACOES DO EXERCITO,False,True,PE,25313,2611606.0,RECIFE,160543,7º CENTRO DE GESTÃO CONT E FIN DO EXÉRCITO,0,,True,394452002068,52121,00394452000103,03277610000125,00394411000109,80654,True,2000-04-15T03:00:00.000+00:00,2025-08-22T09:47:00
160178,14 BATALHAO DE INFANTARIA MOTORIZADO,False,True,PE,24570,2607901.0,JABOATÃO DOS GUARARAPES,160543,7º CENTRO DE GESTÃO CONT E FIN DO EXÉRCITO,0,,True,394452007531,52121,00394452000103,03277610000125,00394411000109,80635,True,2000-04-15T03:00:00.000+00:00,2025-08-22T09:35:00
160180,4 BATALHAO DE POLICIA DO EXERCITO,False,True,PE,25313,2611606.0,RECIFE,160543,7º CENTRO DE GESTÃO CONT E FIN DO EXÉRCITO,0,,True,394452012454,52121,00394452000103,03277610000125,00394411000109,80655,True,2000-04-15T03:00:00.000+00:00,2025-08-22T08:45:00
160181,7 GRUPO DE ARTILHARIA DE CAMPANHA,False,True,PE,24910,2609600.0,OLINDA,160543,7º CENTRO DE GESTÃO CONT E FIN DO EXÉRCITO,0,,True,394452034938,52121,00394452000103,03277610000125,00394411000109,80631,True,2000-04-15T03:00:00.000+00:00,2025-08-22T15:27:00
783702,HOSPITAL NAVAL DE RECIFE,False,True,PE,25313,2611606.0,RECIFE,772000,DIRETORIA DE GESTÃO ORÇAMENTÁRIA DA MARINHA,0,,False,394502006690,52131,00394502000144,03277610000125,00394411000109,60963,True,1999-07-15T03:00:00.000+00:00,2025-08-25T14:59:00
156905,PRÓ-REITORIA DE PESQUISA E INOVAÇÃO,True,True,PE,25313,2611606.0,RECIFE,0,,0,,False,,26242,24134488000108,00394445000101,00394411000109,,True,2025-09-03T03:00:00.000+00:00,2025-09-03T08:56:00
323119,GERÊNCIA REGIONAL DA ANM,False,True,PE,25313,2611606.0,RECIFE,0,,0,,False,,32396,29406625000130,,,,True,2019-02-04T02:00:00.000+00:00,2025-09-04T16:52:00
113218,UNIDADE REGIONAL DE RECIFE - ANAC,True,True,PE,25313,2611606.0,RECIFE,113214,AGENCIA NACIONAL DE AVIACAO CIVIL - ANAC,0,,False,,62201,07947821000189,37115342000167,00394411000109,91273,True,2011-06-07T03:00:00.000+00:00,2025-09-05T20:07:00
400414,SAE/AGENCIA REGIONAL NO ESTADO DE PERNAMBUCO,True,True,PE,25313,2611606.0,RECIFE,0,,0,,False,394411002233,20104,00394411003710,00394411000109,,,True,1999-07-15T03:00:00.000+00:00,2025-09-05T10:00:00
373048,SUPERINT.ESTADUAL DE PERNAMBUCO-INCRA/SR-03,True,True,PE,25313,2611606.0,RECIFE,0,,0,,True,375972000594,22201,03204421000122,01612452000197,00394411000109,4027,True,1999-07-15T03:00:00.000+00:00,2025-09-08T14:39:00
160194,COMANDO 7 REGIAO MILITAR/7 DIV DE EXERCITO,False,True,PE,25313,2611606.0,RECIFE,160543,7º CENTRO DE GESTÃO CONT E FIN DO EXÉRCITO,0,,True,394452021607,52121,00394452000103,03277610000125,00394411000109,44392,True,2000-05-08T03:00:00.000+00:00,2025-09-17T14:08:00
114614,UNIDADE ESTADUAL DO IBGE EM PERNAMBUCO,True,True,PE,25313,2611606.0,RECIFE,114601,IBGE-FUN.INST.BRAS.GEOGRAFIA E ESTATISTICA,0,,True,33787094002002,25205,33787094000140,00489828000155,00394411000109,20680,True,1999-07-15T03:00:00.000+00:00,2025-09-19T11:35:00
461686,SECRETARIA DE JUSTIÇA E DIREITOS HUMANOS,False,True,PE,25313,2611606.0,RECIFE,0,,0,,False,,94620,10571982000125,0,0,,True,2025-09-29T03:00:00.000+00:00,2025-09-29T14:24:00
533014,SUPERINTENDENCIA DO DESENVOL. DO NORDESTE,True,True,PE,25313,2611606.0,RECIFE,0,,0,,True,,53203,09263130000191,03353358000196,00394411000109,91144,True,,2025-10-01T10:09:00
933442,FUNDO MUNICIPAL DE EDUCAÇAO/TRINDADE/PE,False,True,PE,26115,2615607.0,TRINDADE,0,,0,,False,,89842,32347499000102,10571982000125,0,,True,2025-10-22T03:00:00.000+00:00,2025-10-22T10:47:00
926940,EPE-HOSPITAL UNIVERSITÁRIO OSWALDO CRUZ,False,True,PE,25313,2611606.0,RECIFE,0,,0,,False,,89937,11022597001325,10571982000125,0,,True,2018-06-15T03:00:00.000+00:00,2025-11-12T08:13:00
925784,EPE-SECRETARIA DE PLANEJAMENTO E GESTÃ,False,True,PE,25313,2611606.0,RECIFE,946001,PROG.DE APOIO AO DESENV. SUSTEN.ZONA DA MATA,0,,False,,89939,02965057000150,10571982000125,0,,True,2007-08-08T03:00:00.000+00:00,2025-11-12T08:13:00
927113,EPE-PROCURADORIA GERAL ESTADO DE PERNAMBUCO,False,True,PE,25313,2611606.0,RECIFE,0,,0,,False,,89938,35329242000108,10571982000125,0,,True,2024-12-05T03:00:00.000+00:00,2025-11-12T08:13:00
450987,EPE-FUNDACAO PATRIMONIO HISTORICO E ARTISTICO,False,True,PE,25313,2611606.0,RECIFE,0,,0,,False,0,89936,08032567000151,10571982000125,0,,True,2022-07-07T03:00:00.000+00:00,2025-11-12T08:13:00
090031,TRIBUNAL REGIONAL FEDERAL DA 5A.REGIAO,False,True,PE,25313,2611606.0,RECIFE,0,,0,,False,24130072000111,12000,508903000188,,,A2801,True,1999-07-15T03:00:00.000+00:00,2025-11-14T15:51:00
250029,SUPERINTENDENCIA DO MINISTERIO DA SAUDE/PE,True,True,PE,25313,2611606.0,RECIFE,0,,0,,True,394544019013,36000,00394544000185,00394411000109,00394411000109,39004,True,1999-07-15T03:00:00.000+00:00,2025-11-18T17:47:00
933552,MPE-FUNDO MUNICIPAL DE SAÚDE DE AMARAJI,False,True,PE,23175,2600906.0,AMARAJI,0,,0,,False,,91323,11607836000175,10571982000125,0,,True,2025-12-10T03:00:00.000+00:00,2025-12-10T15:47:00
933553,MPE-FUNDO MUNICIPAL DE EDUCAÇÃO DE AMARAJI/PE,False,True,PE,23175,2600906.0,AMARAJI,0,,0,,False,,91324,31030116000105,10571982000125,0,,True,2025-12-11T03:00:00.000+00:00,2025-12-11T08:55:00
933562,MPE-CENTRAL DE ABASTECIMENTO DE CARUARU,False,True,PE,23817,2604106.0,CARUARU,0,,0,,False,,91338,02501598000128,10091536000113,10571982000125,,True,2025-12-16T03:00:00.000+00:00,2025-12-16T18:27:00
373050,SUPER.REG.DO MÉDIO S.FRANCISCO,True,True,PE,25216,2611101.0,PETROLINA,0,,0,,True,375972003348,22201,03204421000122,01612452000197,00394411000109,433509,True,1999-07-15T03:00:00.000+00:00,2025-12-26T12:03:00
982517,MPE-PREFEITURA MUNICIPAL DE PESQUEIRA,False,True,PE,25178,2610905.0,PESQUEIRA,0,,0,,False,0,91363,10264406000135,10571982000125,0,,True,2025-12-29T03:00:00.000+00:00,2025-12-29T13:40:00
982551,MPE-PREFEITURA MUN. DE SANTA Mª DA BOA VISTA,False,True,PE,25518,2612604.0,SANTA MARIA DA BOA VISTA,0,,0,,False,0,85092,10358182000120,10571982000125,0,,True,2026-01-09T03:00:00.000+00:00,2026-01-09T11:01:00
160199,HOSPITAL MILITAR DE ÁREA DE RECIFE,True,True,PE,25313,2611606.0,RECIFE,160543,7º CENTRO DE GESTÃO CONT E FIN DO EXÉRCITO,0,,True,394452038763,52121,00394452000103,03277610000125,00394411000109,80645,True,2000-04-15T03:00:00.000+00:00,2026-01-09T09:11:00
933599,MAM-FUNDO MUNICIPAL DE EDUCAÇÃO DE ARARIPINA,False,True,PE,23213,2601102.0,ARARIPINA,0,,0,,False,,91397,13161183000179,10571982000125,0,,True,2026-01-19T03:00:00.000+00:00,2026-01-19T11:46:00
933602,CPE-GABINETE DA GOVERNADORA DO EST PERNAMBUCO,False,True,PE,25313,2611606.0,RECIFE,0,,0,,False,,91400,11927108000140,10571982000125,0,,True,2026-01-20T03:00:00.000+00:00,2026-01-20T13:44:00
933614,MPE-HOSPITAL JABOATÃO PRAZERES,False,True,PE,24570,2607901.0,JABOATÃO DOS GUARARAPES,0,,0,,False,,91423,10572048000713,10571982000125,0,,True,2026-01-26T03:00:00.000+00:00,2026-01-26T17:01:00
933617,MPE - FUNDO MUN.DE ASSISTENCIA SOCIAL/ALIANÇA,False,True,PE,23132,2600708.0,ALIANÇA,0,,0,,False,,91427,12497273000172,10164028000118,10571982000125,,True,2026-01-28T03:00:00.000+00:00,2026-01-28T14:57:00
931366,EPE-SECRETARIA DE TURISMO E LAZER DE OLINDA,False,True,PE,24910,2609600.0,OLINDA,0,,0,,False,,85291,08113327000181,10571982000125,0,,True,2026-01-30T03:00:00.000+00:00,2026-01-30T15:16:00
931337,EPE-JUNTA COMERCIAL DO ESTADO DE PERNAMBUCO,False,True,PE,25313,2611606.0,RECIFE,0,,0,,False,,85247,10054583000197,10571982000125,0,,True,2026-01-26T03:00:00.000+00:00,2026-01-30T11:15:00
135076,EMBRAPA/SPSB - GR NORTE/NORDESTE,False,True,PE,25313,2611606.0,RECIFE,135058,EMBRAPA/GERENCIA-ADJ. DE CONTRATACOES/DF,0,,False,348003007557,22202,00348003000110,00396895000125,00394411000109,,True,1999-07-15T03:00:00.000+00:00,2026-01-30T14:22:00
135012,EMBRAPA SEMIARIDO/PETROLINA/PE,False,True,PE,25216,2611101.0,PETROLINA,135058,EMBRAPA/GERENCIA-ADJ. DE CONTRATACOES/DF,0,,False,348003004108,22202,00348003000110,00396895000125,00394411000109,,True,1999-07-15T03:00:00.000+00:00,2026-01-30T08:12:00
135077,EMBRAPA/SPSB - GL PETROLINA,False,True,PE,25216,2611101.0,PETROLINA,135058,EMBRAPA/GERENCIA-ADJ. DE CONTRATACOES/DF,0,,False,348003007638,22202,00348003000110,00396895000125,00394411000109,,True,1999-07-15T03:00:00.000+00:00,2026-01-30T08:12:00
135042,EMBRAPA UEP RECIFE/RECIFE/PE,False,True,PE,25313,2611606.0,RECIFE,135058,EMBRAPA/GERENCIA-ADJ. DE CONTRATACOES/DF,0,,False,348003014170,22202,00348003000110,00396895000125,00394411000109,,True,,2026-01-30T08:12:00
160184,10 ESQUADRAO DE CAVALARIA MECANIZADO,False,True,PE,25313,2611606.0,RECIFE,160543,7º CENTRO DE GESTÃO CONT E FIN DO EXÉRCITO,0,,False,394452030940,52121,00394452000103,03277610000125,00394411000109,80629,True,2000-04-15T03:00:00.000+00:00,2026-01-30T14:57:00
931077,MPE-FUNDO MUNICIPAL DE EDUCAÇÃO DE CANHOTINHO,False,True,PE,23736,2603702.0,CANHOTINHO,0,,0,,False,,85304,31126397000196,10132777000163,10571982000125,,True,2026-02-02T03:00:00.000+00:00,2026-02-02T11:20:00
464425,EPE-LABORATORIO FARMACE. ESTADO DE PERNANBUCO,False,True,PE,25313,2611606.0,RECIFE,0,,0,,False,00000000000000,85259,10877926000113,10571982000125,0,,True,2026-02-02T03:00:00.000+00:00,2026-02-02T15:07:00
928353,CPE-PREFEITURA MUNICIPAL DO RECIFE,False,True,PE,25313,2611606.0,RECIFE,0,,0,,False,,85622,10565000000192,10571982000125,0,,True,2026-02-03T03:00:00.000+00:00,2026-02-03T16:58:00
982479,MPE-PREFEITURA MUNICIPAL DE MACAPARANA,False,True,PE,24791,2609006.0,MACAPARANA,0,,0,,False,0,85412,11361888000104,10571982000125,0,,True,2026-02-03T03:00:00.000+00:00,2026-02-03T10:33:00
931816,MPE-PREFEITURA MUNICIPAL DE TUPANATINGA,False,True,PE,26158,2615805.0,TUPANATINGA,0,,0,,False,,85837,10106250000164,10571982000125,0,,True,2026-02-04T03:00:00.000+00:00,2026-02-04T14:40:00
982583,MPE-PREFEITURA MUNICIPAL DE SIRINHAÉM,False,True,PE,25836,2614204.0,SIRINHAÉM,0,,0,,False,0,86334,10292209000120,10571982000125,0,,True,2026-02-06T03:00:00.000+00:00,2026-02-06T16:45:00
932215,MPE-PREFEITURA MUNICIPAL DE CARPINA,False,True,PE,23795,2604007.0,CARPINA,0,,0,,False,,86312,11097342000198,10571982000125,0,,True,2026-02-06T03:00:00.000+00:00,2026-02-06T15:47:00
982469,MPE-PREFEITURA MUNICIPAL DE LAGOA DE ITAENGA,False,True,PE,24694,2608503.0,LAGOA DE ITAENGA,0,,0,,False,0,86342,11097250000108,10571982000125,0,,True,2026-02-06T03:00:00.000+00:00,2026-02-06T16:54:00
933629,MPE-FUNDO M. SAÚDE DO JABOATÃO DOS GUARARAPES,False,True,PE,24570,2607901.0,JABOATÃO DOS GUARARAPES,0,,0,,False,,91453,03904395000145,10377679000196,10571982000125,,True,2026-02-10T03:00:00.000+00:00,2026-02-10T12:01:00
932286,MPE-PREFEITURA MUNICIPAL DE CACHOEIRINHA,False,True,PE,23612,2603108.0,CACHOEIRINHA,0,,0,,False,,86406,10091619000102,10571982000125,0,,True,2026-02-11T03:00:00.000+00:00,2026-02-11T18:50:00
982629,MPE-PREFEITURA MUNICIPAL DE CAMARAGIBE,False,True,PE,26298,2603454.0,CAMARAGIBE,0,,0,,False,0,91465,08260663000157,10571982000125,0,,True,2026-02-13T03:00:00.000+00:00,2026-02-13T14:43:00
932919,MPE-PREFEITURA MUNICIPAL DE BUIQUE,False,True,PE,23558,2602803.0,BUÍQUE,0,,0,,False,,86639,10105963000103,10571982000125,0,,True,2026-02-20T03:00:00.000+00:00,2026-02-20T10:43:00
982577,MPE-PREFEITURA MUNICIPAL DE SERRA TALHADA,False,True,PE,25771,2613909.0,SERRA TALHADA,0,,0,,False,0,86977,10282945000105,10571982000125,0,,True,2026-02-26T03:00:00.000+00:00,2026-02-26T09:40:00
982373,MPE-PREFEITURA MUNICIPAL DE CANHOTINHO,False,True,PE,23736,2603702.0,CANHOTINHO,0,,0,,False,0,89360,10132777000163,10571982000125,0,,True,2026-02-27T03:00:00.000+00:00,2026-02-27T08:07:00
160185,14 BATALHAO LOGISTICO,False,True,PE,25313,2611606.0,RECIFE,160543,7º CENTRO DE GESTÃO CONT E FIN DO EXÉRCITO,0,,True,394452011130,52121,00394452000103,03277610000125,00394411000109,00080630,True,2000-04-15T03:00:00.000+00:00,2026-03-02T13:53:00
982545,MPE-PREFEITURA MUNICIPAL DE SALOÁ,False,True,PE,25453,2612307.0,SALOÁ,0,,0,,False,0,89731,11455714000100,10571982000125,0,,True,2026-03-03T03:00:00.000+00:00,2026-03-03T14:46:00
982341,MPE-PREFEITURA MUNICIPAL DE BOM CONSELHO,False,True,PE,23418,2602100.0,BOM CONSELHO,0,,0,,False,0,89728,11285954000104,10571982000125,0,,True,2026-03-03T03:00:00.000+00:00,2026-03-03T13:34:00
982503,MPE-PREFEITURA MUNICIPAL DE PANELAS,False,True,PE,25038,2610202.0,PANELAS,0,,0,,False,0,89726,10215176000114,10571982000125,0,,True,2026-03-03T03:00:00.000+00:00,2026-03-03T13:25:00
982591,MPE-PREFEITURA MUNICIPAL DE TABIRA,False,True,PE,25917,2614600.0,TABIRA,0,,0,,False,0,91540,10349041000141,10571982000125,0,,True,2026-03-03T03:00:00.000+00:00,2026-03-03T16:23:00
982619,MPE-PREFEITURA MUNICIPAL DE VENTUROSA,False,True,PE,26190,2616001.0,VENTUROSA,0,,0,,False,0,89732,10106268000166,10571982000125,0,,True,2026-03-03T03:00:00.000+00:00,2026-03-03T14:57:00
153165,UNIVERSIDADE FEDERAL RURAL DE PERNAMBUCO,True,True,PE,25313,2611606.0,RECIFE,0,,0,,True,24416174000106,26248,24416174000106,00394445000101,00394411000109,433,True,1999-07-15T03:00:00.000+00:00,2026-03-03T09:39:00
982475,MPE-PREFEITURA MUNICIPAL DE LAJEDO,False,True,PE,24759,2608800.0,LAJEDO,0,,0,,False,0,89724,10143246000176,10571982000125,0,,True,2026-03-03T03:00:00.000+00:00,2026-03-03T12:42:00
982621,MPE-PREFEITURA MUNICIPAL DE VERDEJANTE,False,True,PE,26212,2616100.0,VERDEJANTE,0,,0,,False,0,89725,11348570000193,10571982000125,0,,True,2026-03-03T03:00:00.000+00:00,2026-03-03T12:47:00
982313,MPE-PREFEITURA MUNICIPAL DE ALIANÇA,False,True,PE,23132,2600708.0,ALIANÇA,0,,0,,False,0,91285,10164028000118,10571982000125,0,,True,2026-03-05T03:00:00.000+00:00,2026-03-05T10:16:00
982317,MPE-PREFEITURA MUNICIPAL DE AMARAJI,False,True,PE,23175,2600906.0,AMARAJI,0,,0,,False,0,91322,11294360000160,10571982000125,0,,True,2026-03-05T03:00:00.000+00:00,2026-03-05T09:25:00
931767,MPE-CÂMARA MUNICIPAL DE TRACUNHAEM,False,True,PE,26093,2615508.0,TRACUNHAÉM,0,,0,,False,,85783,08825721000142,10571982000125,0,,True,2026-03-11T03:00:00.000+00:00,2026-03-11T18:01:00
932865,MPE-CÂMARA MUNICIPAL DE ITAPETIM,False,True,PE,24538,2607703.0,ITAPETIM,0,,0,,False,,86579,11476256000196,10571982000125,0,,True,2026-03-12T03:00:00.000+00:00,2026-03-12T11:07:00
982497,MPE-PREFEITURA MUNICIPAL DE OURICURI/PE,False,True,PE,24970,2609907.0,OURICURI,0,,0,,False,0,91553,11040904000167,10571982000125,0,,True,2026-03-12T03:00:00.000+00:00,2026-03-12T08:38:00
982399,MPE-PREFEITURA MUNICIPAL DE CUPIRA,False,True,PE,23990,2605004.0,CUPIRA,0,,0,,False,0,91590,10191799000102,10571982000125,0,,True,2026-03-26T03:00:00.000+00:00,2026-03-26T16:56:00
931610,MPE-FUNDO MUNIC. DE ASSISTENCIA SOCIAL CUPIRA,False,True,PE,23990,2605004.0,CUPIRA,0,,0,,False,,85609,13048025000107,10191799000102,10571982000125,,True,2026-03-26T03:00:00.000+00:00,2026-03-26T17:35:00
982499,MPE-PREFEITURA MUNICIPAL DOS PALMARES,False,True,PE,24996,2610004.0,PALMARES,0,,0,,False,0,91595,10212447000188,10571982000125,0,,True,2026-03-27T03:00:00.000+00:00,2026-03-27T08:48:00
932322,MPE-INSTITUTO PREV. SERV. MUN. CARPINA,False,True,PE,23795,2604007.0,CARPINA,0,,0,,False,,86442,03078786000158,10571982000125,0,,True,2026-04-09T03:00:00.000+00:00,2026-04-09T11:02:00
932907,MPE-INSTITUTO PREV. SERV. MUN. POMBOS,False,True,PE,25259,2611309.0,POMBOS,0,,0,,False,,86626,07080825000102,11049848000121,10571982000125,,True,2026-04-09T03:00:00.000+00:00,2026-04-09T11:21:00
931895,EPE-AGENCIA REG. SERV. PUB. PERNAMBUCO,False,True,PE,25313,2611606.0,RECIFE,0,,0,,False,,85925,03906407000170,10571982000125,0,,True,2026-04-10T03:00:00.000+00:00,2026-04-10T11:17:00
456791,EPE-FUNDAÇÃO DE HEMATOLOGIA E HEMOTERAPIA,False,True,PE,25313,2611606.0,RECIFE,0,,0,,False,,85868,10564953000136,10571982000125,0,,True,2026-04-13T03:00:00.000+00:00,2026-04-13T14:36:00
975135,MPE - FUNDO MUNICIPAL DE SAUDE DE IGARASSU,False,True,PE,24350,2606804.0,IGARASSU,0,,0,,False,,87834,12025214000100,,,,True,2026-04-15T03:00:00.000+00:00,2026-04-15T10:47:00
982359,MPE-PREFEITURA MUNICIPAL DE CABROBÓ/PE,False,True,PE,23590,2603009.0,CABROBÓ,0,,0,,False,0,91679,10113710000181,10571982000125,0,,True,2018-10-15T03:00:00.000+00:00,2026-04-16T08:49:00
982299,MPE-PREFEITURA MUNICIPAL DE DORMENTES/PE,False,True,PE,22993,2605152.0,DORMENTES,0,,0,,False,0,91681,35667377000183,10571982000125,0,,True,2019-02-22T03:00:00.000+00:00,2026-04-16T10:53:00
933280,EPE-SECRETARIA DA CRIANÇA E DA JUVENTUDE,False,True,PE,25313,2611606.0,RECIFE,0,,0,,False,,89261,54167775000185,10571982000125,0,,True,2026-04-17T03:00:00.000+00:00,2026-04-17T10:31:00
931866,EPE-SECRETARIA DA CASA CIVIL,False,True,PE,25313,2611606.0,RECIFE,0,,0,,False,,85893,05541177000119,10571982000125,0,,True,2026-04-17T03:00:00.000+00:00,2026-04-17T09:27:00
460002,EPE-SECRETARIA ESTADUAL DE SAUDE,False,True,PE,25313,2611606.0,RECIFE,0,,0,,False,,89853,10572048000128,10571982000125,0,,True,2026-04-17T03:00:00.000+00:00,2026-04-17T11:41:00
932285,MPA-SECRETARIA MUNIC. DE EDUCAÇÃO DE CARPINA,False,True,PE,23795,2604007.0,CARPINA,0,,0,,False,,86405,30784957000137,11097342000198,10571982000125,,True,2026-04-17T03:00:00.000+00:00,2026-04-17T09:55:00
932885,MPE-SECRETARIA MUNI. DE EDUCAÇÃO DE SIRINHAEM,False,True,PE,25836,2614204.0,SIRINHAÉM,0,,0,,False,,86602,30734711000150,10292209000120,10571982000125,,True,2026-04-17T03:00:00.000+00:00,2026-04-17T10:01:00
932949,EDF-HOSPITAL INFANTIL PALMIRA SALES,False,True,PE,24198,2606002.0,GARANHUNS,0,,0,,False,,86675,10241503000102,10571982000125,0,,True,2026-04-24T03:00:00.000+00:00,2026-04-24T12:31:00
933221,MPE-AUTARQUIA EDU. DO MUNICIPIO SERRA TALHADA,False,True,PE,25771,2613909.0,SERRA TALHADA,0,,0,,False,,86978,11115011000133,10282945000105,10571982000125,,True,2026-04-27T03:00:00.000+00:00,2026-04-27T11:05:00
933479,MPE-CÂMARA MUNICIPAL DE IGARASSU,False,True,PE,24350,2606804.0,IGARASSU,0,,0,,False,,89899,11451887000150,10571982000125,0,,True,2026-04-28T03:00:00.000+00:00,2026-04-28T09:07:00
933207,"MPE-AUTARQUIA MUN DE SEG, TRÂNS. E TRANSPORTE",False,True,PE,25593,2613008.0,SÃO BENTO DO UNA,0,,0,,False,,86960,49430047000184,10091577000100,10571982000125,,True,2026-04-27T03:00:00.000+00:00,2026-04-27T11:08:00
463624,MPE-AUTARQUIA ED. DO MUNICIPIO DO BELO JARDIM,False,True,PE,23337,2601706.0,BELO JARDIM,0,,0,,False,00000000000000,85415,11464153000106,10260222000105,10571982000125,,True,2026-04-27T03:00:00.000+00:00,2026-04-27T10:49:00
933800,MPE-CÂMARA MUNICIPAL DO RECIFE/PE,False,True,PE,25313,2611606.0,RECIFE,0,,0,,False,,91725,08903189000134,10571982000125,0,,True,2026-04-30T03:00:00.000+00:00,2026-04-30T15:23:00
933258,EPE-FUNDAÇÃO UNIVERSIDADE DE PERNAMBUCO,False,True,PE,25216,2611101.0,PETROLINA,0,,0,,False,,89232,11022597001082,10571982000125,0,,True,2026-05-05T03:00:00.000+00:00,2026-05-05T12:10:00
931820,EPE-CORREGEDORIA GERAL DA SEC. DE DEF. SOCIAL,False,True,PE,25313,2611606.0,RECIFE,0,,0,,False,,85841,04454076000148,10571982000125,0,,True,2026-05-06T03:00:00.000+00:00,2026-05-06T09:11:00
932071,MPE-FUNDO MUN. DOS DIREITOS DA PESSOA IDOSA,False,True,PE,24279,2606408.0,GRAVATÁ,0,,0,,False,,86128,43943621000111,11049830000120,10571982000125,,True,2026-05-08T03:00:00.000+00:00,2026-05-08T11:52:00
982599,MPE-PREFEITURA MUN. DE TAQUARITINGA DO NORTE,False,True,PE,25992,2615003.0,TAQUARITINGA DO NORTE,0,,0,,False,0,91756,10091593000100,10571982000125,0,,True,2026-05-18T03:00:00.000+00:00,2026-05-18T13:50:00
907062,EPE-SECRETARIA EXECUTIVA DE RECURSOS HÍDRICOS,False,True,PE,25313,2611606.0,RECIFE,0,,0,,False,,82088,08662837000108,10571982000125,0,,True,2018-07-20T03:00:00.000+00:00,2026-05-27T09:11:00
926941,"SECRETARIA DE TURISMO, ESPORTES E LAZER DE PE",False,True,PE,24910,2609600.0,OLINDA,0,,0,,False,,85291,08113327000181,10571982000125,0,,True,2018-06-15T03:00:00.000+00:00,2026-05-27T09:11:00
154421,FUND. UNIVERSIDADE FEDERAL VALE SAO FRANCISCO,True,True,PE,25216,2611101.0,PETROLINA,153046,UNIVERSIDADE FEDERAL DO ESPIRITO SANTO/ES,0,,True,5440725000114,26230,05440725000114,00394445000101,00394411000109,69624,True,2003-02-03T02:00:00.000+00:00,2026-05-28T08:36:00
928207,MPE-FDO MUN EDUCACAO SAO BENTO UNA,False,True,PE,25593,2613008.0,SÃO BENTO DO UNA,0,,0,,False,,82620,08960773000121,10091577000100,10571982000125,,True,2020-09-08T03:00:00.000+00:00,2026-06-01T10:51:00
927834,MPE-FDO MUN SAUDE VITORIA S ANTAO,False,True,PE,26271,2616407.0,VITÓRIA DE SANTO ANTÃO,0,,0,,False,,82621,08916501000124,11049855000123,10571982000125,,True,2020-01-21T03:00:00.000+00:00,2026-06-01T13:23:00
930988,MPE-UNIDADE MISTA DE SAÚDE JOSE URIAS NOVAES,False,True,PE,23850,2604304.0,CEDRO,0,,0,,False,,75577,12424026000146,11361219000132,10571982000125,,True,2024-02-19T03:00:00.000+00:00,2026-06-09T13:23:00
927810,MPE-FDO MUN EDUCACAO POMBOS,False,True,PE,25259,2611309.0,POMBOS,0,,0,,False,,82634,30531744000101,11049848000121,10571982000125,,True,2019-12-20T03:00:00.000+00:00,2026-06-09T13:23:00
926118,EPE-COMPLEXO INDUST.PORT.GOVERN.ERALDO GUEIRO,False,True,PE,24430,2607208.0,IPOJUCA,0,,0,,False,,76972,11448933000162,,,,True,2011-03-03T03:00:00.000+00:00,2026-06-11T20:37:00
926078,MPE-FUNDO MUN.DE SAÚDE DE VIT DE SANTO ANTÃO,False,False,PE,26271,2616407.0,VITÓRIA DE SANTO ANTÃO,0,,0,,False,,82621,08916501000124,11049855000123,10571982000125,,True,2010-02-18T02:00:00.000+00:00,2026-06-12T09:42:00
927062,EPE-SECRETARIA RECURSOS HIDRICOS E SANEAMENTO,False,True,PE,25313,2611606.0,RECIFE,0,,0,,False,,82088,08662837000108,10571982000125,0,,True,2026-06-12T03:00:00.000+00:00,2026-06-12T15:36:00
927366,MPE-FDO MUN ASSIST SOCIAL IBIRAJUBA,False,True,PE,24333,2606705.0,IBIRAJUBA,0,,0,,False,,82615,13635890000150,11256062000185,10571982000125,,True,2019-02-18T03:00:00.000+00:00,2026-06-12T13:23:00
929676,EPE-COOPERATIVA DE DESENV. DA AGRIC. FAMILIAR,False,True,PE,23698,2603504.0,CAMOCIM DE SÃO FÉLIX,0,,0,,False,,82909,17137941000174,10571982000125,0,,True,2026-06-12T03:00:00.000+00:00,2026-06-12T13:23:00
928195,MPE-FUNDO MUN DE ASSISTENCIA SOCIAL IBIRAJUBA,False,True,PE,24333,2606705.0,IBIRAJUBA,0,,0,,False,,82615,13635890000150,11256062000185,10571982000125,,True,2026-06-12T03:00:00.000+00:00,2026-06-12T13:18:00
928097,FUNDO MUNICIPAL DE SAUDE DE RECIPE,False,True,PE,25313,2611606.0,RECIFE,0,,0,,False,,85622,10565000000192,10571982000125,0,,True,2020-07-13T03:00:00.000+00:00,2026-06-12T15:04:00
910813,EPE-CIA. HIDROELETRICA DO SAO FRANCISCO S/A,False,True,PE,25313,2611606.0,RECIFE,0,,0,,False,0,76969,33541368000116,10571982000125,0,,True,1999-07-15T03:00:00.000+00:00,2026-06-12T10:17:00
160201,COMISSAO REGIONAL DE OBRAS/7,False,True,PE,25313,2611606.0,RECIFE,160543,7º CENTRO DE GESTÃO CONT E FIN DO EXÉRCITO,0,,True,394452022689,52121,00394452000103,03277610000125,00394411000109,44392,True,2000-04-15T03:00:00.000+00:00,2026-06-18T10:57:00
927647,MPE-FUNDO MUNICIPAL DE SAÚDE DE TORITAMA PE,False,True,PE,26077,2615409.0,TORITAMA,0,,0,,False,,59072,11073548000188,,,,True,2019-09-16T03:00:00.000+00:00,2026-06-19T09:00:00
495350,MPE-COMPANHIA DE PESQUISA D RECURSOS MINERAIS,False,True,PE,25313,2611606.0,RECIFE,495001,COMPANHIA DE PESQUISA DE RECURSOS MINERAIS,0,,False,91652000693,29208,00091652000189,37115383000153,00394411000109,,True,2026-06-26T03:00:00.000+00:00,2026-06-26T10:30:00
253007,COORD DE VIG SANIT DE PORT AEROP E FRONT PE,False,True,PE,25313,2611606.0,RECIFE,253002,AGENCIA NACIONAL DE VIGILANCIA SANITARIA - DF,0,,True,,36212,03112386000111,00394544000185,00394411000109,47172,True,1999-07-15T03:00:00.000+00:00,2026-07-01T09:25:00
153080,UNIVERSIDADE FEDERAL DE PERNAMBUCO,True,True,PE,25313,2611606.0,RECIFE,0,,0,,True,24134488000108,26242,24134488000108,00394445000101,00394411000109,418,True,1999-07-15T03:00:00.000+00:00,2026-07-06T08:32:00
933927,MPE-FUNDO MUN.DE EDUCAÇAO DE BREJO M.DE DEUS,False,True,PE,23515,2602605.0,BREJO DA MADRE DE DEUS,0,,0,,False,,59131,64365725000166,10091528000177,10571982000125,,True,2026-07-16T03:00:00.000+00:00,2026-07-16T10:59:00
982463,MPE-PREFEITURA MUNICIPAL DE JOAQUIM NABUCO/PE,False,True,PE,24635,2608206.0,JOAQUIM NABUCO,0,,0,,False,0,59145,10192441000196,10571982000125,0,,True,2026-07-24T03:00:00.000+00:00,2026-07-24T08:36:00
170055,SUPERINTENDENCIA REG ADMINISTRACAO DO MGI-PE,True,True,PE,25313,2611606.0,RECIFE,170013,SUBSECRETARIA DE PLAN. ORÇ. E ADMINISTRAÇÃO,0,,True,394460001890,46000,00489828000155,00394411000109,00394411000109,2962,True,1999-07-15T03:00:00.000+00:00,2026-07-01T10:48:00
070010,TRIBUNAL REGIONAL ELEITORAL DE PERNAMBUCO,False,True,PE,25313,2611606.0,RECIFE,0,,0,,False,509018001519,14000,509018000113,,,A3701,True,1999-07-15T03:00:00.000+00:00,2026-07-01T12:06:00
160177,71 BATALHAO DE INFANTARIA MOTORIZADO,True,True,PE,24198,2606002.0,GARANHUNS,160543,7º CENTRO DE GESTÃO CONT E FIN DO EXÉRCITO,0,,True,394452009232,52121,00394452000103,03277610000125,00394411000109,080633,True,2000-04-15T03:00:00.000+00:00,2026-07-01T12:05:00
160198,7.DEPOSITO DE SUPRIMENTO,False,True,PE,25313,2611606.0,RECIFE,160543,7º CENTRO DE GESTÃO CONT E FIN DO EXÉRCITO,0,,True,394452055420,52121,00394452000103,03277610000125,00394411000109,80648,True,2000-04-15T03:00:00.000+00:00,2026-06-30T14:50:00
080006,TRIBUNAL REGIONAL DO TRABALHO DA 6A.REGIAO,False,True,PE,25313,2611606.0,RECIFE,0,,0,,False,509968000733,15000,00509968000148,,,A5692,True,2024-08-28T03:00:00.000+00:00,2026-06-30T15:09:00
135285,CONAB/SEDE/SUREG/PERNAMBUCO,False,True,PE,25313,2611606.0,RECIFE,135100,COMPANHIA NACIONAL DE ABASTECIMENTO CONAB,0,,True,26461699003791,22211,26461699000180,00396895000125,00394411000109,67783,True,2003-09-30T03:00:00.000+00:00,2026-06-26T09:45:00
982395,MPE-PREFEITURA MUNICIPAL DE CORTÊS,False,True,PE,23957,2604809.0,CORTÊS,0,,0,,False,0,77131,10273548000169,10571982000125,0,,True,2023-12-13T03:00:00.000+00:00,2026-06-11T11:37:00
930473,MPE - CAMARA MUNICIPAL DE VERTENTE DO LERIO,False,True,PE,22918,2616183.0,VERTENTE DO LÉRIO,0,,0,,False,,77064,69902096000180,10571982000125,0,,True,2023-09-08T03:00:00.000+00:00,2026-06-11T14:28:00
930547,MPE-FUNDO MUNI. ASSISTENCIA SOCIAL AMARAJI,False,True,PE,23175,2600906.0,AMARAJI,0,,0,,False,,76889,12270451000128,11294360000160,10571982000125,,True,2026-06-09T03:00:00.000+00:00,2026-06-10T16:44:00
930789,MPE - CAMARA MUNICIPAL DE VICENCIA,False,True,PE,26255,2616308.0,VICÊNCIA,0,,0,,False,,77061,08825622000160,10571982000125,0,,True,2024-01-22T03:00:00.000+00:00,2026-06-11T14:13:00
928535,MPE-FUNDO MUN DE ASSIST SOCIAL DE BOM JESUS,False,True,PE,23434,2602209.0,BOM JARDIM,0,,0,,False,,76890,12259049000142,10551488000192,10571982000125,,True,2026-06-10T03:00:00.000+00:00,2026-06-10T10:20:00
928532,EPE-CASA MILITAR DE PERNAMBUCO,False,True,PE,25313,2611606.0,RECIFE,0,,0,,False,,76958,11493327000169,10571982000125,0,,True,2021-05-03T03:00:00.000+00:00,2026-06-11T12:59:00
927135,EPE-HOSPITAL AGAMENON MAGALHÃES - HAM,False,True,PE,25313,2611606.0,RECIFE,0,,0,,False,,76992,10572048000390,10571982000125,0,,True,2024-01-23T03:00:00.000+00:00,2026-06-11T14:24:00
929062,MPE - CAMARA MUNICIPAL DE GRAVATA,False,True,PE,24279,2606408.0,GRAVATÁ,0,,0,,False,,77062,08140071000100,10571982000125,0,,True,2021-11-30T03:00:00.000+00:00,2026-06-11T14:19:00
928241,MPE - CAMARA MUNICIPAL DE SERRA TALHADA,False,True,PE,25771,2613909.0,SERRA TALHADA,0,,0,,False,,77063,11407160000176,10571982000125,0,,True,2020-09-29T03:00:00.000+00:00,2026-06-11T14:25:00
933307,MPE-PREFEITURA MUNICIPAL DE ITAIBA,False,True,PE,24490,2607505.0,ITAÍBA,0,,0,,False,,82922,11286382000188,10571982000125,0,,True,2026-02-27T03:00:00.000+00:00,2026-06-09T13:23:00
929148,EPE-SECRETARIA DE DES PROF E EMPREENDEDORISMO,False,True,PE,25313,2611606.0,RECIFE,0,,0,,False,,82086,08693255000199,10565000000192,10571982000125,,True,2022-01-21T03:00:00.000+00:00,2026-06-08T13:30:00
931000,MPE-FDO MUN SAUDE SAO BENTO UNA,False,True,PE,25593,2613008.0,SÃO BENTO DO UNA,0,,0,,False,,82622,08960773000121,10091577000100,10571982000125,,True,2024-02-20T03:00:00.000+00:00,2026-06-09T13:23:00
928852,MPE-SECRETARIA MUNICIPAL EDU DE PETROLINA,False,True,PE,25216,2611101.0,PETROLINA,0,,0,,False,,76902,06081158000110,10358190000177,10571982000125,,True,2021-09-27T03:00:00.000+00:00,2026-06-09T10:36:00
927096,MPE-SECRETARIA MUNICIPAL DE EDU DO IPOJUCA,False,True,PE,24430,2607208.0,IPOJUCA,0,,0,,False,,76903,30640749000164,10091601000100,10571982000125,,True,2018-08-14T03:00:00.000+00:00,2026-06-09T09:28:00
928551,CPE-SECRETARIA DE SANEAMENTO DO RECIFE,False,True,PE,25313,2611606.0,RECIFE,0,,0,,False,,85622,10565000000192,10571982000125,0,,True,2021-05-12T03:00:00.000+00:00,2026-06-08T13:15:00
928453,EPE-SECRETARIA DE EDU CULTURA TUR E DESPOR,False,True,PE,24074,2605400.0,FEIRA NOVA,0,,0,,False,,76896,30743974000126,,,,True,2021-03-17T03:00:00.000+00:00,2026-06-09T09:11:00
982633,MPE-PREFEITURA MUN. DE LAGOA DOS GATOS,False,True,PE,26336,2607752.0,ITAPISSUMA,0,,0,,False,0,91954,10192854000170,10571982000125,0,,True,2026-04-02T03:00:00.000+00:00,2026-06-03T13:23:00
929668,MPE-CÂMARA MUNICIPAL DE ITAPISSUMA,False,True,PE,26336,2607752.0,ITAPISSUMA,0,,0,,False,,94719,08637407000136,10571982000125,0,,True,2026-04-02T03:00:00.000+00:00,2026-06-03T10:59:00
393029,SUPERINTENDÊNCIA REGIONAL DO DNIT - PE,True,True,PE,25313,2611606.0,RECIFE,393003,DEPARTAMENTO NACIONAL INFRAEST.DE TRANSPORTES,0,,True,,29024,04892707002154,04892707000100,37115342000167,69285,True,2002-06-10T03:00:00.000+00:00,2026-06-02T14:02:00
930735,MPE-INST PREVID SERV MUN GRAVATA,False,True,PE,24279,2606408.0,GRAVATÁ,0,,0,,False,,82447,07183448000137,,,,True,2024-01-10T03:00:00.000+00:00,2026-06-03T08:35:00
443051,CENTRO MAMIFEROS AQUATICOS/PE,True,True,PE,24511,,,0,,0,,True,,44207,08829974003886,37115375000107,00394411000109,57356,True,2008-02-15T02:00:00.000+00:00,2026-06-01T18:30:00
930477,EPE-SECRETARIA DES S C J PREV VIOL DROGAS,False,True,PE,25313,2611606.0,RECIFE,0,,0,,False,,76901,08642138000104,10571982000125,0,,True,2023-09-13T03:00:00.000+00:00,2026-05-27T09:11:00
927438,EPE-SECRETARIA DES SOC CRIANÇA E JUVENTUDE,False,True,PE,25313,2611606.0,RECIFE,0,,0,,False,,76895,08642138000104,10571982000125,0,,True,2019-05-02T03:00:00.000+00:00,2026-05-27T09:11:00
930571,EPE-SECRETARIA DE PROJ ESTRAT DE OLINDA,False,True,PE,24910,2609600.0,OLINDA,0,,0,,False,,76904,21825676000194,10091593000100,10571982000125,,True,2023-11-10T03:00:00.000+00:00,2026-05-27T09:11:00
928319,EPE-SECRETARIA DE INF E RECURSOS HÍDRICOS,False,True,PE,25313,2611606.0,RECIFE,0,,0,,False,,76899,32535558000168,10571982000125,0,,True,2020-12-04T03:00:00.000+00:00,2026-05-27T09:11:00
927481,EPE-SECRETARIA POL PREV À VIOL E AS DROGAS,False,True,PE,25313,2611606.0,RECIFE,0,,0,,False,,76897,32671312000113,10571982000125,0,,True,2019-06-26T03:00:00.000+00:00,2026-05-27T09:11:00
459104,EPE-SECRETARIA DO MEIO AMB.E SUSTENTABILIDADE,False,True,PE,25313,2611606.0,RECIFE,0,,0,,False,,82085,13471612000104,10571982000125,0,,True,2021-10-28T03:00:00.000+00:00,2026-05-27T09:11:00
933824,MPE-PREFEITURA MUNICIPAL DE MANARI/PE,False,True,PE,5541,2609154.0,MANARI,0,,0,,False,,91766,01626099000102,10571982000125,0,,True,2026-05-20T03:00:00.000+00:00,2026-05-20T09:17:00
975114,MPE-FUNDO MUNICIPAL DE SAÚDE DE CAETÉS,False,True,PE,23639,2603207.0,CAETÉS,0,,0,,False,,87813,12398801000136,10131720000140,10571982000125,,True,2026-05-18T03:00:00.000+00:00,2026-05-18T12:11:00
982363,MPE-PREFEITURA MUNICIPAL DE CAETÉS,False,True,PE,23639,2603207.0,CAETÉS,0,,0,,False,0,91965,10131720000140,10571982000125,0,,True,2026-05-18T03:00:00.000+00:00,2026-05-18T12:08:00
932414,EPE-SECRETARIA DE COMUNICAÇÃO,False,True,PE,25313,2611606.0,RECIFE,0,,0,,False,,86471,10457561000178,10571982000125,0,,True,2026-03-18T03:00:00.000+00:00,2026-05-11T11:07:00
930519,MPE-CÂMARA MUNICIPAL DE LIMOEIRO,False,True,PE,24775,2608909.0,LIMOEIRO,0,,0,,False,,91737,11519626000125,10571982000125,0,,True,2026-05-11T03:00:00.000+00:00,2026-05-11T11:39:00
195002,CIA DE DESENV. DO VALE DO SAO FRANCISCO-PE,False,True,PE,25216,2611101.0,PETROLINA,0,,0,,False,399857000479,22203,00399857000126,03353358000196,00394411000109,,True,1999-07-15T03:00:00.000+00:00,2026-05-06T16:39:00
933220,EPE-FACULDADE DE CIÊNCIAS MEDI. DE PERNAMBUCO,False,True,PE,25313,2611606.0,RECIFE,0,,0,,False,,86976,11022597000272,10571982000125,0,,True,2026-05-05T03:00:00.000+00:00,2026-05-05T09:18:00
927552,EPE-FACULDADE DE ODONTOLOGIA DE PERNAMBUCO,False,True,PE,26298,2603454.0,CAMARAGIBE,0,,0,,False,,89436,11022597000353,10571982000125,0,,True,2026-05-05T03:00:00.000+00:00,2026-05-05T14:50:00
931959,EPE-EMPRESA PERNAMBUCO DE COMUNICACAO S/A,False,True,PE,25313,2611606.0,RECIFE,0,,0,,False,,86002,17659736000179,10571982000125,0,,True,2026-05-04T03:00:00.000+00:00,2026-05-04T14:32:00
933799,MPE - CAMARA MUNICIPAL DE DORMENTES,False,True,PE,22993,2605152.0,DORMENTES,0,,0,,False,,91724,35667351000135,10571982000125,0,,True,2025-04-30T03:00:00.000+00:00,2026-04-30T13:02:00
933412,EPE-PROGRAMA EST DE APOIO AO PEQ. PROD. RURAL,False,True,PE,25313,2611606.0,RECIFE,0,,0,,False,,89811,05971836000157,10571982000125,0,,True,2026-04-29T03:00:00.000+00:00,2026-04-29T17:35:00
927594,EPE-DEFENSORIA PUB DO ESTADO DE PERNAMBUCO,False,True,PE,25313,2611606.0,RECIFE,0,,0,,False,,86291,02899512000167,10571982000125,0,,True,2026-04-29T03:00:00.000+00:00,2026-04-29T14:44:00
931822,EPE-1º BATALHÃO INTEGRADO ESPECIALIZADO,False,True,PE,23817,2604106.0,CARUARU,0,,0,,False,,85843,11433190007402,10571982000125,0,,True,2026-04-29T03:00:00.000+00:00,2026-04-29T09:17:00
931685,EPE-1º BATALHÃO DE POLÍCIA DE TRÂNSITO,True,True,PE,25313,2611606.0,RECIFE,0,,0,,False,,85691,11433190001471,10571982000125,0,,True,2026-04-29T03:00:00.000+00:00,2026-04-29T09:09:00
932051,EPE-SISTEMA DE ASSIST. A SAUDE DOS SER.ESTADO,False,True,PE,25313,2611606.0,RECIFE,0,,0,,False,,86103,11944899000206,10571982000125,0,,True,2026-04-29T03:00:00.000+00:00,2026-04-29T14:33:00
930340,EPE-SECRETARIA ASS ESP GOV REL INTERNACIONAIS,False,True,PE,25313,2611606.0,RECIFE,0,,0,,False,,85477,32865995000140,10571982000125,0,,True,2026-04-29T03:00:00.000+00:00,2026-04-29T13:51:00
927327,CPE-AUTARQUIA DE TRÂNS. E TRANS URB DO RECIFE,False,True,PE,25313,2611606.0,RECIFE,0,,0,,False,,85712,10846103000120,10565000000192,10571982000125,,True,2026-04-27T03:00:00.000+00:00,2026-04-27T10:55:00
932955,CPE-HOSPITAL PSIQUI. ULYSSES PERNAMBUCANO,False,True,PE,25313,2611606.0,RECIFE,0,,0,,False,,86680,10572048001604,10571982000125,0,,True,2026-04-24T03:00:00.000+00:00,2026-04-24T12:48:00
933065,EPE-HOSPITAL REGIONAL BELARMINO CORREIA,False,True,PE,24236,2606200.0,GOIANA,0,,0,,False,,86778,10572048003658,10571982000125,0,,True,2026-04-24T03:00:00.000+00:00,2026-04-24T12:48:00
933379,EPE-HOSPITAL REGIONAL JOSE FERNANDO SALSA,False,True,PE,24775,2608909.0,LIMOEIRO,0,,0,,False,,89663,10572048002686,10571982000125,0,,True,2026-04-24T03:00:00.000+00:00,2026-04-24T13:41:00
931813,CPE-HOSPITAL REGIONAL CORREIA PICANÇO,False,True,PE,25313,2611606.0,RECIFE,0,,0,,False,,85833,10572048001876,10571982000125,0,,True,2026-04-24T03:00:00.000+00:00,2026-04-24T11:58:00
933216,MPE-SERVIÇO SOCIAL DO TRANSPORTE,False,True,PE,25771,2613909.0,SERRA TALHADA,0,,0,,False,,86972,73471989018051,73471989000195,,,True,2026-04-23T03:00:00.000+00:00,2026-04-23T10:26:00
928329,EPE-COMPANHIA PERNAMBUCANA DE SANEAMENTO,False,True,PE,25313,2611606.0,RECIFE,0,,0,,False,,86285,09769035000164,10571982000125,0,,True,2026-04-23T03:00:00.000+00:00,2026-04-23T11:47:00
462068,EPE-COMPANHIA ESTADUAL DE HABITAÇÃO E OBRAS,False,True,PE,25313,2611606.0,RECIFE,0,,0,,False,,85596,03206056000195,10571982000125,0,,True,2026-04-23T03:00:00.000+00:00,2026-04-23T12:53:00
933063,EPE-DEPARTAMENTO DE ESTRADAS DE RODAGEM,False,True,PE,25313,2611606.0,RECIFE,0,,0,,False,,86776,11554474000100,10571982000125,0,,True,2026-04-22T03:00:00.000+00:00,2026-04-22T12:55:00
922720,EPE-DEPARTAMENTO ESTADUAL DE TRÂNSITO,False,True,PE,25313,2611606.0,RECIFE,0,,0,,False,,89839,09753781000160,10571982000125,0,,True,2026-04-22T03:00:00.000+00:00,2026-04-22T12:31:00
933157,EPE-SECRETARIA EXEC DE PROTEÇ. E DEFESA CIVIL,False,True,PE,25313,2611606.0,RECIFE,0,,0,,False,,86890,50947061000139,10571982000125,0,,True,2026-04-17T03:00:00.000+00:00,2026-04-17T10:04:00
453711,EPE-FUNDACAO DE ATENDIMENTO SOCIO-EDUCATIVO,False,True,PE,25313,2611606.0,RECIFE,0,,0,,False,,91228,11722741000100,10571982000125,0,,True,2026-04-14T03:00:00.000+00:00,2026-04-14T09:48:00
456084,EPE-FUNDAÇÃO UNIVERSIDADE DE PERNAMBUCO,False,True,PE,25313,2611606.0,RECIFE,0,,0,,False,,85572,11022597000191,10571982000125,0,,True,2026-04-13T03:00:00.000+00:00,2026-04-13T13:48:00
932209,EPE-AGENCIA EST. PLAN. PESQ. PERNAMBUCO,False,True,PE,25313,2611606.0,RECIFE,0,,0,,False,,86315,05744181000184,10571982000125,0,,True,2026-04-10T03:00:00.000+00:00,2026-04-10T09:47:00
932030,MPE-INSTITUTO PREV. SERV. MUN. CARUARU,False,True,PE,23817,2604106.0,CARUARU,0,,0,,False,,86075,08861577000108,10091536000113,10571982000125,,True,2026-04-08T03:00:00.000+00:00,2026-04-08T14:47:00
931451,CPE-CONSORCIO TRANSP. REG. METROP. RECIFE,False,True,PE,25313,2611606.0,RECIFE,0,,0,,False,,85378,10309806000110,10565000000192,10571982000125,,True,2026-04-06T03:00:00.000+00:00,2026-04-06T08:35:00
160023,10A. COMPANHIA DE ENGENHARIA DE COMBATE,False,True,PE,25593,2613008.0,SÃO BENTO DO UNA,160543,7º CENTRO DE GESTÃO CONT E FIN DO EXÉRCITO,0,,True,,52121,00394452000103,03277610000125,00394411000109,080626,True,2000-04-15T03:00:00.000+00:00,2026-04-01T11:20:00
932204,EPB-CONSELHO E.C.I.E.E.M. FRANCISCO A. CAMPOS,False,True,PE,21016,,,0,,0,,False,,86307,01598490000132,08761124000100,0,,True,2026-03-31T03:00:00.000+00:00,2026-03-31T10:33:00
255017,EPE-SUPERINTENDENCIA ESTAD-FUND. NAC. SAÚDE,True,True,PE,25313,2611606.0,RECIFE,255000,FUNDACAO NACIONAL DE SAUDE/DF,0,,True,26989350001350,89506,26989350001350,26989350000116,00394544000185,9156,True,2026-03-27T03:00:00.000+00:00,2026-03-27T12:39:00
982611,MPE-PREFEITURA MUNICIPAL DE TRINDADE,False,False,PE,26115,2615607.0,TRINDADE,0,,0,,False,0,91599,11040912000103,10571982000125,0,,True,2026-03-27T03:00:00.000+00:00,2026-03-27T09:23:00
932159,MPE-FUNDO MUNICIPAL DE EDUCAÇAO DE PALMARES,False,True,PE,24996,2610004.0,PALMARES,0,,0,,False,,86248,19608720000162,10212447000188,10571982000125,,True,2026-03-27T03:00:00.000+00:00,2026-03-27T09:33:00
090009,JUSTICA FEDERAL DE 1A. INSTANCIA - PE,False,True,PE,25313,2611606.0,RECIFE,0,,0,,False,508903001400,12000,508903000188,,,A6596,True,1999-07-15T03:00:00.000+00:00,2026-03-26T12:24:00
931342,MPE-FUNDO MUN DE ASS SOCIAL DE NAZARE DA MATA,False,True,PE,24899,2609501.0,NAZARÉ DA MATA,0,,0,,False,,85253,17331543000194,10166817000198,10571982000125,,True,2026-03-26T03:00:00.000+00:00,2026-03-26T13:07:00
932114,MPE-FUNDO MUNICIPAL DE SAÚDE DE CANHOTINHO,False,True,PE,23736,2603702.0,CANHOTINHO,0,,0,,False,,86186,09154486000197,10132777000163,10571982000125,,True,2026-03-25T03:00:00.000+00:00,2026-03-25T17:48:00
932036,MPE-FUNDO MUNICIPAL DE ASSISTENCIA SOCIAL,False,True,PE,23035,2600203.0,AFRÂNIO,0,,0,,False,,86083,06111889000160,10358174000184,10571982000125,,True,2026-03-25T03:00:00.000+00:00,2026-03-25T15:03:00
933484,MPE-FUNDO MUNICIPAL CULTURAL DE PAUDALHO,False,True,PE,25119,2610608.0,PAUDALHO,0,,0,,False,,89904,50449759000124,11097383000184,10571982000125,,True,2026-03-25T03:00:00.000+00:00,2026-03-25T11:53:00
932038,MPE-FUNDO MUN MEIO AMBIENTE MUNICI DE AFRANIO,False,True,PE,23035,2600203.0,AFRÂNIO,0,,0,,False,,86085,49445928000179,10358174000184,10571982000125,,True,2026-03-25T03:00:00.000+00:00,2026-03-25T16:58:00
932109,MPE-FUNDO MUNICIPAL DE SAÚDE DE AFRANIO,False,True,PE,23035,2600203.0,AFRÂNIO,0,,0,,False,,86180,06111891000130,10358174000184,10571982000125,,True,2026-03-25T03:00:00.000+00:00,2026-03-25T17:38:00
933531,MRS-FUNDO MUNICIPAL DE SAUDE DE ALIANÇA,False,True,PE,23132,2600708.0,ALIANÇA,0,,0,,False,,91284,10759784000190,10164028000118,10571982000125,,True,2065-03-25T03:00:00.000+00:00,2026-03-25T13:29:00
932037,MPE-FUNDO MUNICIPAL DE EDUCAÇAO DE AFRANIO,False,True,PE,23035,2600203.0,AFRÂNIO,0,,0,,False,,86084,29945539000103,10358174000184,10571982000125,,True,2026-03-25T03:00:00.000+00:00,2026-03-25T15:04:00
932207,MPE-FUNDO MUNICIPAL DE AS. SOCIAL DO CARPINAA,False,True,PE,23795,2604007.0,CARPINA,0,,0,,False,,86311,15462287000149,11097342000198,10571982000125,,True,2026-03-24T03:00:00.000+00:00,2026-03-24T15:11:00
932213,MPE-FUNDO MUN DE AS. SOCIAL DE LAGOA DO CARRO,False,True,PE,22896,2608453.0,LAGOA DO CARRO,0,,0,,False,,86319,12070136000157,40893778000191,10571982000125,,True,2026-03-24T03:00:00.000+00:00,2026-03-24T16:58:00
975140,MPE-FUNDO MUNICIPAL DE SAÚDE DE SIRINHAÉM,False,True,PE,25836,2614204.0,SIRINHAÉM,0,,0,,False,,86335,11356210000133,10292209000120,10571982000125,,True,2026-03-24T03:00:00.000+00:00,2026-03-24T17:01:00
932845,MPE-FUNDO MUNICIPAL DE EDUCAÇÃO DE CARPINA,False,True,PE,23795,2604007.0,CARPINA,0,,0,,False,,86560,59593430000107,11097342000198,10571982000125,,True,2026-03-24T03:00:00.000+00:00,2026-03-24T17:24:00
932218,MPE-FUNDO MUNICIPAL DE SAÚDE DE CARPINA,False,True,PE,23795,2604007.0,CARPINA,0,,0,,False,,86324,13133909000160,11097342000198,10571982000125,,True,2026-03-24T03:00:00.000+00:00,2026-03-24T17:00:00
931663,MPE-FUNDO MUN. CRIANÇA E ADOLESCENTE GRAVATA,False,True,PE,24279,2606408.0,GRAVATÁ,0,,0,,False,,85669,04857703000191,11049830000120,10571982000125,,True,2026-03-24T03:00:00.000+00:00,2026-03-24T14:36:00
932913,MGO-FUNDO DE PREVIDÊNCIA DO MUNIC DE ORIENTAL,False,True,PE,779,,,0,,0,,False,,86633,07829410000199,36862621000121,01409580000138,,True,2026-03-24T03:00:00.000+00:00,2026-03-24T17:53:00
932179,MPE-FUNDO MUNICIPAL DE EDUCAÇAO DE IBIMIRIM,False,True,PE,24317,2606606.0,IBIMIRIM,0,,0,,False,,86270,11156248000162,10105971000150,10571982000125,,True,2026-03-24T03:00:00.000+00:00,2026-03-24T15:10:00
933326,MPE-FUNDO MUNICIPAL DE TRANSITO DE CARPINA,False,True,PE,23795,2604007.0,CARPINA,0,,0,,False,,89318,23750034000107,11097342000198,10571982000125,,True,2026-03-24T03:00:00.000+00:00,2026-03-24T11:50:00
932905,MPE-FUNDO MUN DE ASSISTENCIA SOCIAL DE POMBOS,False,True,PE,25259,2611309.0,POMBOS,0,,0,,False,,86625,07781713000189,11049848000121,10571982000125,,True,2026-03-24T03:00:00.000+00:00,2026-03-24T17:51:00
932228,MPE-FUNDO MUNICIPAL DE AS SOCIAL DE SIRINHAÉM,False,True,PE,25836,2614204.0,SIRINHAÉM,0,,0,,False,,86338,15359437000193,10292209000120,10571982000125,,True,2026-03-24T03:00:00.000+00:00,2026-03-24T17:01:00
932212,MPE-FUNDO MUNICIP. DE SAÚDE DE LAGOA DO CARRO,False,True,PE,22896,2608453.0,LAGOA DO CARRO,0,,0,,False,,86318,11326603000102,40893778000191,10571982000125,,True,2026-03-24T03:00:00.000+00:00,2026-03-24T15:13:00
933514,MPE-SECRETARIA M. DE EDUCAÇÃO DE Sª FILOMENA,False,True,PE,5568,2612554.0,SANTA FILOMENA,0,,0,,False,,91250,31100537000157,01613732000110,10571982000125,,True,2026-03-20T03:00:00.000+00:00,2026-03-20T12:52:00
931805,EPE-SECRETARIA DE MOBILIDADE E INFRAESTRUTURA,False,True,PE,25313,2611606.0,RECIFE,0,,0,,False,,85825,01171481000160,10571982000125,0,,True,2026-03-17T03:00:00.000+00:00,2026-03-17T10:29:00
926150,EPE-SECRETARIA DE ADMINISTRAÇÃO DO GOVERNO,False,True,PE,25313,2611606.0,RECIFE,0,,0,,False,,86117,10572022000180,10571982000125,0,,True,2026-03-18T03:00:00.000+00:00,2026-03-18T14:38:00
933333,MPE-SECRETARIA MUNICIPAL DE EDUCAÇÃO,False,True,PE,24490,2607505.0,ITAÍBA,0,,0,,False,,89327,31044275000150,11286382000188,10571982000125,,True,2026-03-20T03:00:00.000+00:00,2026-03-20T13:08:00
932211,MPE-SECRETARIA MUN EDUCAÇÃO DE LAGOA DO CARRO,False,True,PE,22896,2608453.0,LAGOA DO CARRO,0,,0,,False,,86317,30957190000109,40893778000191,10571982000125,,True,2026-03-20T03:00:00.000+00:00,2026-03-20T14:43:00
927284,EPE-SECRETARIA DE DESENV URBANO E HABITAÇÃO,False,True,PE,25313,2611606.0,RECIFE,0,,0,,False,,86012,04474819000141,10571982000125,0,,True,2026-03-17T03:00:00.000+00:00,2026-03-17T14:01:00
932923,EPE-SECRETARIA DE AS. SOC COM F POL. S DROGAS,False,True,PE,25313,2611606.0,RECIFE,0,,0,,False,,86643,08642138000104,10571982000125,0,,True,2026-03-19T03:00:00.000+00:00,2026-03-19T14:59:00
930681,"EPE-SECRETARIA DE DESEN.AGRÁ,AGRI,PEC E PESCA",False,True,PE,25313,2611606.0,RECIFE,0,,0,,False,,89363,10572055000120,10571982000125,0,,True,2026-03-18T03:00:00.000+00:00,2026-03-18T09:08:00
452386,EPE-SECRETARIA DE DEFESA SOCIAL,False,True,PE,25313,2611606.0,RECIFE,0,,0,,False,,89682,02960040000100,10571982000125,0,,True,2026-03-18T03:00:00.000+00:00,2026-03-18T10:31:00
933498,EPE-SECRETARIA DE ESPORTES DE PERNAMBUCO,False,True,PE,25313,2611606.0,RECIFE,0,,0,,False,,89922,61053097000195,10571982000125,0,,True,2026-03-18T03:00:00.000+00:00,2026-03-18T09:58:00
931854,EPE-SECRETARIA DE REC.HIDRICOS E SANEAMENTO,False,True,PE,25313,2611606.0,RECIFE,0,,0,,False,,85881,08662837000108,10571982000125,0,,True,2024-09-23T03:00:00.000+00:00,2026-03-17T09:27:00
933439,MPE-CÂMARA MUNICIPAL DE FEIRA NOVA,False,True,PE,24074,2605400.0,FEIRA NOVA,0,,0,,False,,89840,08783052000193,10571982000125,0,,True,2026-03-13T03:00:00.000+00:00,2026-03-13T12:45:00
933315,MPE-CÂMARA MUNICIPAL DE GARANHUNS,False,True,PE,24198,2606002.0,GARANHUNS,0,,0,,False,,89305,11478534000144,10571982000125,0,,True,2026-03-13T03:00:00.000+00:00,2026-03-13T09:27:00
932838,MPE-CÂMARA MUNICIPAL DE ITAIBA,False,True,PE,24490,2607505.0,ITAÍBA,0,,0,,False,,86552,24300246000147,10571982000125,0,,True,2026-03-12T03:00:00.000+00:00,2026-03-12T10:58:00
930977,MPE-CÂMARA MUNICIPAL DE LAGOA DO CARRO,False,True,PE,22896,2608453.0,LAGOA DO CARRO,0,,0,,False,,89723,40893869000127,10571982000125,0,,True,2026-03-10T03:00:00.000+00:00,2026-03-10T13:31:00
930765,MPE-CÂMARA MUNICIPAL DE PETROLINA,False,True,PE,25216,2611101.0,PETROLINA,0,,0,,False,,89721,11473675000174,10571982000125,0,,True,2026-03-10T03:00:00.000+00:00,2026-03-10T11:14:00
933375,MPE-CÂMARA MUNICIPAL CATENDE,False,True,PE,23833,2604205.0,CATENDE,0,,0,,False,,89643,11208972000192,10571982000125,0,,True,2026-03-10T03:00:00.000+00:00,2026-03-10T10:01:00
930762,MPE-CÂMARA MUNIC. DE SANTA CRUZ DO CAPIBARIBE,False,True,PE,25496,2612505.0,SANTA CRUZ DO CAPIBARIBE,0,,0,,False,,89722,11473865000191,10571982000125,0,,True,2026-03-10T03:00:00.000+00:00,2026-03-10T13:14:00
933266,MPE-CÂMARA MUNICIPAL DE AMARAJI,False,True,PE,23175,2600906.0,AMARAJI,0,,0,,False,,89239,11507043000184,10571982000125,0,,True,2026-03-09T03:00:00.000+00:00,2026-03-09T13:12:00
932982,MPE-CÂMARA MUNICIPAL DE SÃO JOSÉ DO EGITO,False,True,PE,25712,2613602.0,SÃO JOSÉ DO EGITO,0,,0,,False,,86715,11463205000120,10571982000125,0,,True,2026-03-09T03:00:00.000+00:00,2026-03-09T09:02:00
931520,MPE-CÂMARA MUNICIPAL DE AGRESTINA,False,True,PE,23051,2600302.0,AGRESTINA,0,,0,,False,,85485,11474277000172,10571982000125,0,,True,2026-03-06T03:00:00.000+00:00,2026-03-06T11:22:00
931842,MSP-CÂMARA MUNICIPAL DE VÁRZEA PAULISTA,False,True,PE,72338,,,0,,0,,False,,85864,51863884000149,46379400000150,0,,True,2026-03-06T03:00:00.000+00:00,2026-03-06T09:40:00
932190,MCE-CÂMARA MUNICIPAL DE PARACURU,False,True,PE,15059,,,0,,0,,False,,86283,63368278000136,07954480000179,0,,True,2026-03-05T03:00:00.000+00:00,2026-03-06T13:24:00
932231,MPE-CÂMARA MUNICIPAL DE LAGOA DE ITAENGA,False,True,PE,24694,2608503.0,LAGOA DE ITAENGA,0,,0,,False,,86343,11519576000186,10571982000125,0,,True,2026-03-06T03:00:00.000+00:00,2026-03-06T14:59:00
158757,CENTRO ACADEMICO DO SERTAO - UFPE,True,True,PE,25810,2614105.0,SERTÂNIA,0,,0,,False,,26242,24134488000108,00394445000101,00394411000109,,True,2026-03-05T03:00:00.000+00:00,2026-03-05T17:52:00
931461,MPE-CÂMARA MUNI. DO JABOATÃO DOS GUARARAPES,False,True,PE,24570,2607901.0,JABOATÃO DOS GUARARAPES,0,,0,,False,,85395,11233384000109,10571982000125,0,,True,2026-03-05T03:00:00.000+00:00,2026-03-05T16:51:00
982303,MPE-PREFEITURA MUNICIPAL DE AFRÂNIO,False,True,PE,23035,2600203.0,AFRÂNIO,0,,0,,False,0,86179,10358174000184,10571982000125,0,,True,2026-03-05T03:00:00.000+00:00,2026-03-05T12:39:00
982391,MPE-PREFEITURA MUNICIPAL DO CONDADO,False,True,PE,23914,2604601.0,CONDADO,0,,0,,False,0,91242,10150068000100,10571982000125,0,,True,2026-03-04T03:00:00.000+00:00,2026-03-04T17:44:00
980556,MPE-PREFEITURA MUNICIPAL DE SANTA FILOMENA,False,True,PE,5568,2612554.0,SANTA FILOMENA,0,,0,,False,0,91299,01613732000110,10571982000125,0,,True,2026-03-04T03:00:00.000+00:00,2026-03-04T17:35:00
982375,MPE-PREFEITURA MUNICIPAL DE CAPOEIRAS,False,True,PE,23752,2603801.0,CAPOEIRAS,0,,0,,False,0,89729,11256088000123,10571982000125,0,,True,2026-03-03T03:00:00.000+00:00,2026-03-03T14:42:00
982485,MPE-PREFEITURA MUNICIPAL DE MIRANDIBA,False,True,PE,24856,2609303.0,MIRANDIBA,0,,0,,False,0,89727,11043312000107,10571982000125,0,,True,2026-03-03T03:00:00.000+00:00,2026-03-03T13:30:00
982421,MPE-PREFEITURA MUNICIPAL DE GLÓRIA DO GOITÁ,False,True,PE,24210,2606101.0,GLÓRIA DO GOITÁ,0,,0,,False,0,89730,11049814000137,10571982000125,0,,True,2026-03-03T03:00:00.000+00:00,2026-03-03T14:44:00
982597,MPE-PREFEITURA MUNICIPAL DE ITAMBE,False,True,PE,25976,2607653.0,ITAMBÉ,0,,0,,False,0,89665,10150050000109,10571982000125,0,,True,2026-03-02T03:00:00.000+00:00,2026-03-02T19:19:00
982559,MPE-PREFEITURA MUNICIAL DE SÃO BENTO DO UNA,False,True,PE,25593,2613008.0,SÃO BENTO DO UNA,0,,0,,False,0,86959,10091577000100,10571982000125,0,,True,2026-02-26T03:00:00.000+00:00,2026-02-26T11:22:00
933134,MPE-PREFEITURA MUNICIPAL DE ÁGUAS BELAS,False,True,PE,23094,2600500.0,ÁGUAS BELAS,0,,0,,False,,86863,11286341000191,10571982000125,0,,True,2026-02-25T03:00:00.000+00:00,2026-02-25T13:52:00
933643,MPE-CÂMARA MUNICIPAL DE CASINHAS,False,True,PE,5460,2604155.0,CASINHAS,0,,0,,False,,91472,01621490000106,10571982000125,0,,True,2026-02-19T03:00:00.000+00:00,2026-02-19T10:01:00
932456,MPE-PREFEITURA MUNICIPAL DE POMBOS,False,True,PE,25259,2611309.0,POMBOS,0,,0,,False,,86517,11049848000121,10571982000125,0,,True,2026-02-18T03:00:00.000+00:00,2026-02-18T13:25:00
933640,MPE-FUNDO MUNICIPAL DE SAÚDE DE CAMARAGIBE,False,True,PE,26298,2603454.0,CAMARAGIBE,0,,0,,False,,91466,41230038000138,08260663000157,10571982000125,,True,2026-02-13T03:00:00.000+00:00,2026-02-13T15:13:00
193116,IBAMA - SUPERINTENDENCIA ESTADUAL/PE,True,True,PE,25313,2611606.0,RECIFE,0,,0,,True,3659166001508,20701,03659166002156,37115375000107,00394411000109,48365,True,1999-07-15T03:00:00.000+00:00,2026-07-20T10:54:00
193131,IBAMA - CENTRO DE PESQUISA - RIO FORMOSO/PE,True,True,PE,25372,2611903.0,RIO FORMOSO,193099,MMA-IBAMA - DEFIN/DF,0,,False,3659166002660,20701,03659166002156,37115375000107,00394411000109,60204,True,1999-07-15T03:00:00.000+00:00,2026-07-20T13:01:00
130016,LABORATÓRIO FEDERAL DE DEFESA AGROPECURIO/PE,True,True,PE,25313,2611606.0,RECIFE,0,,0,,True,,22000,00396895000125,00394411000109,00394411000109,72219,True,2005-03-30T03:00:00.000+00:00,2026-07-20T12:23:00
933930,MPE - FUNDO MUNICIPAL DE EDUCAÇAO,False,True,PE,23132,2600708.0,ALIANÇA,0,,0,,False,,59136,46168650000141,10164028000118,10571982000125,,True,2026-07-20T03:00:00.000+00:00,2026-07-20T11:11:00
176024,BB - CSL - RECIFE (PE),False,True,PE,25313,2611606.0,RECIFE,176012,BANCO DO BRASIL-SEDE,0,,False,,25281,00000000000191,00394460000141,00394411000109,,True,1999-07-15T03:00:00.000+00:00,2026-07-16T10:21:00
176073,BB - INFRA/TEREG - B - RECIFE - PE,False,False,PE,25313,2611606.0,RECIFE,0,,0,,False,,25281,00000000000191,00394460000141,00394411000109,,True,1999-07-15T03:00:00.000+00:00,2026-07-16T10:00:00
176143,BB GERIE-RECIFE - PE,False,False,PE,25313,2611606.0,RECIFE,0,,0,,False,,25281,00000000000191,00394460000141,00394411000109,,True,1999-07-15T03:00:00.000+00:00,2026-07-16T10:00:00
413007,AGENCIA NACIONAL DE TELECOMUNICACOES/PE,False,True,PE,25313,2611606.0,RECIFE,0,,0,,False,,41231,02030715000112,37753638000103,00394411000109,00028691,True,1999-07-15T03:00:00.000+00:00,2026-07-14T11:26:00
194078,COORDENAÇÃO REGIONAL DE SUPORTE RECIFE,True,True,PE,25313,2611606.0,RECIFE,194035,DIRETORIA DE ADMINISTRAÇÃO E GESTÃO - FUNAI,0,,True,59311004890,30202,00059311000126,00394494000136,00394411000109,508950,True,1999-07-15T03:00:00.000+00:00,2026-07-07T11:19:00
120632,GRUPAMENTO DE APOIO DE RECIFE,False,True,PE,25313,2611606.0,RECIFE,120002,DIRETORIA DE ECON. E FINANçAS DA AERONáUTICA,0,,False,,52111,00394429000100,03277610000125,00394411000109,308756,True,,2026-07-03T11:20:00
160195,COMANDO DO COMANDO MILITAR DO NORDESTE,False,True,PE,25313,2611606.0,RECIFE,160543,7º CENTRO DE GESTÃO CONT E FIN DO EXÉRCITO,0,,True,394452043252,52121,00394452000103,03277610000125,00394411000109,1599,True,2000-05-08T03:00:00.000+00:00,2026-07-03T08:08:00
200090,PROCURADORIA DA REPUBLICA - PE,False,True,PE,25313,2611606.0,RECIFE,200100,SECRETARIA DE ADMIN MINISTERIO PUBL. DA UNIÃO,0,,False,394494005448,34000,26989715000102,,,A1661,True,2021-10-25T03:00:00.000+00:00,2026-07-03T12:11:00
160183,72 BATALHAO DE INFANTARIA MOTORIZADO,False,True,PE,25216,2611101.0,PETROLINA,160543,7º CENTRO DE GESTÃO CONT E FIN DO EXÉRCITO,0,,True,394452009313,52121,00394452000103,03277610000125,00394411000109,80632,True,2000-04-15T03:00:00.000+00:00,2026-07-02T10:13:00
200207,PROCURADORIA REGIONAL DA REPUBLICA-5A.REGIAO,False,True,PE,25313,2611606.0,RECIFE,200100,SECRETARIA DE ADMIN MINISTERIO PUBL. DA UNIÃO,0,,False,41227448000120,34000,26989715000102,,,A1714,True,1999-07-15T03:00:00.000+00:00,2026-07-01T10:47:00
160189,7  INSPETORIA DE CONTABILIDADE E FINANCAS,True,True,PE,25313,2611606.0,RECIFE,160054,11º CENTRO DE GESTÃO CONT E FIN DO EXERCITO,0,,True,394452040237,52121,00394452000103,03277610000125,00394411000109,8250,True,2000-04-15T03:00:00.000+00:00,2026-07-01T11:03:00
160179,3º CENTRO DE GEOINFORMAçãO (3ª CGEO),False,True,PE,24910,2609600.0,OLINDA,160179,3º CENTRO DE GEOINFORMAçãO (3ª CGEO),0,,True,394452029420,52121,00394452000103,03277610000125,00394411000109,80935,True,2000-04-15T03:00:00.000+00:00,2026-07-01T10:35:00
160543,7º CENTRO DE GESTÃO CONT E FIN DO EXÉRCITO,False,True,PE,25313,2611606.0,RECIFE,160075,DIRETORIA DE CONTABILIDADE,0,,False,,52121,00394452000103,03277610000125,00394411000109,44392,True,2000-04-15T03:00:00.000+00:00,2026-07-01T10:35:00
